desc_rva	self_hash	parent_hash	size	flags
08F2BF90	AC8242EE	39E3D830	0x140	0x20
08F2C030	7ECB0601	4FA57627	0xB0	0x20
08FD4870	DD6B38C1	00000002	0x20	0x20
08FD4910	CE678DDC	C2C3B4DA	0x30	0x20
08FD49B0	110758D2	00000002	0x30	0x20
08FD4A60	A64F3206	FE135918	0x48	0x20
08FD4B00	7FCDD095	00000001	0x10	0x20
08FD4BA0	81975ECB	00000002	0x7D0	0x20
08FD4C40	08E37A93	00000002	0x38	0x20
08FD4DC0	BCA004FC	00000002	0xF8	0x20
08FD4FB0	AD2A7993	00000001	0x50	0x20
08FD5130	AAC56630	00000001	0x40	0x20
08FD5400	B66B71E0	00000001	0x50	0x20
08FD54A0	4375A62A	FA6F25A3	0x20	0x20
08FD5540	C1CC1A14	FA6F25A3	0x30	0x20
08FD55E0	E9183643	00000002	0x28	0x20
08FD5680	1D7DCDE4	00000001	0xC	0x20
08FD5720	2720418F	FE135918	0x38	0x20
08FD57C0	C734D945	FA6F25A3	0x50	0x20
08FD5860	8EB425CD	FA6F25A3	0x28	0x20
08FD5900	ACAF5CD8	FA6F25A3	0x20	0x20
08FD59A0	C75245D7	FA6F25A3	0x30	0x20
08FD5A40	E4F1DFE1	E04AA238	0x48	0x20
08FD5AE0	BE40561E	2BC49864	0x138	0x20
08FD5B80	53A31530	58F67CCF	0xB0	0x20
08FD5C20	2E0AE3D5	FA6F25A3	0x30	0x20
08FD5CC0	09C7D002	FA6F25A3	0x28	0x20
08FD5D60	E5ED8672	FA6F25A3	0x28	0x20
08FD5E00	F3B31452	FA6F25A3	0x28	0x20
08FD5EA0	F4E02179	FA6F25A3	0x28	0x20
08FD5F40	0B6A4EFC	00000001	0x10	0x20
08FD5FE0	09CA4C82	FE135918	0x120	0x20
08FD6080	184E044A	00000001	0x18	0x20
08FD6120	196A964D	09CA4C82	0x140	0x20
08FD61C0	E813D29E	00000002	0x40	0x20
08FD6260	FE85CE13	E813D29E	0x50	0x20
08FD6300	3D7D8E5F	00000002	0x40	0x20
08FD63A0	6B5EC1E7	00000002	0x30	0x20
08FD6440	518E92E3	00000002	0x48	0x20
08FD64E0	DE6E5052	00000002	0x30	0x20
08FD6580	C1DC3876	00000002	0x40	0x20
08FD6620	2B3306BE	00000002	0x40	0x20
08FD66C0	DF4753B2	00000002	0x30	0x20
08FD6760	88A79377	00000002	0x30	0x20
08FD6800	B645A043	00000002	0x30	0x20
08FD68A0	20C1B31F	00000002	0x58	0x20
08FD6940	9E772076	00000002	0x20	0x20
08FD69E0	A5C5ACDF	00000002	0x20	0x20
08FD6A80	BD40F39D	00000002	0x28	0x20
08FD6B20	6E781E7D	00000002	0x28	0x20
08FD6BC0	32DDB8FB	00000002	0x20	0x20
08FD6C60	3E9E6D62	00000002	0x28	0x20
08FD6D00	A7F56EB3	00000002	0xA0	0x20
08FD6DA0	963BC940	87DB1FB6	0x218	0x20
08FD6E40	CE14BB2F	00000001	0xC	0x20
08FD6EE0	8522BEA7	FE135918	0x128	0x20
08FD6F80	A322838A	E04AA238	0x40	0x20
08FD7020	90C338E5	7C7431E3	0xE0	0x20
08FD70C0	679E2951	FA6F25A3	0x40	0x20
08FD7210	B7358965	F33C411A	0x68	0x20
08FD72B0	988D5D82	00000002	0x10	0x20
08FD7350	78685A2B	00000002	0x10	0x20
08FD73F0	9802BFE5	78685A2B	0x18	0x20
08FD7490	649E2164	78685A2B	0x18	0x20
08FD7530	3A7DC445	78685A2B	0x18	0x20
08FD75D0	DE3910E6	00000002	0x18	0x20
08FD7670	B45C6CD1	FA6F25A3	0x30	0x20
08FD7710	DAD77B9E	FA6F25A3	0x38	0x20
08FD77B0	BE41D88C	FA6F25A3	0x38	0x20
08FD7850	650A8E65	7C7431E3	0xA8	0x20
08FD78F0	5B751A83	2BC49864	0x138	0x20
08FD7990	6BB955B3	9802BFE5	0x50	0x20
08FD7A30	E11401D2	9802BFE5	0x20	0x20
08FD7AD0	5D563D0D	9802BFE5	0x20	0x20
08FD7B70	885A48AD	9802BFE5	0x28	0x20
08FD7C10	D5D73588	885A48AD	0x28	0x20
08FD7CB0	C1E788FD	885A48AD	0x28	0x20
08FD7D50	21DF4D2F	FA6F25A3	0x30	0x20
08FD7F10	9E3BA3E0	E04AA238	0x68	0x20
08FD7FB0	CFF014E0	BB96607D	0x88	0x20
08FD85D0	7869B9F2	C2C3B4DA	0xA8	0x20
08FD8670	68FF1AAC	00000002	0x18	0x20
08FD8710	9118E18D	00000002	0x50	0x20
08FD87B0	EA78CD77	00000002	0x20	0x20
08FD8850	B0BA418B	6915F913	0xF0	0x20
08FD88F0	B5684157	49EABE01	0xC8	0x20
08FD8990	6915F913	9CEFC2A0	0x48	0x20
08FD8A30	9E28B666	6915F913	0x50	0x20
08FD8AD0	BCDBD5BA	FA6F25A3	0x28	0x20
08FD8B70	45A46DCF	FA6F25A3	0x38	0x20
08FD8C10	9FECE4A9	FA6F25A3	0x38	0x20
08FD8CB0	265FCF16	CB0F23F4	0x48	0x20
08FD8D50	C872D3D5	BB96607D	0x60	0x20
08FD9020	94C3C043	BB96607D	0xC0	0x20
08FD90C0	C93634C6	00000002	0x70	0x20
08FD9160	39E3D830	9E28B666	0xD0	0x20
08FD9200	56BEBC42	B0BA418B	0x140	0x20
08FD92A0	85614F31	6915F913	0x48	0x20
08FD9340	F9A17E9B	6915F913	0xC8	0x20
08FD93E0	52664F61	B4F0AF42	0x28	0x20
08FD9480	568EA9F4	6915F913	0x70	0x20
08FD9520	4A0AD240	B0BA418B	0x148	0x20
08FD95C0	B4656AC8	FA6F25A3	0x30	0x20
08FD9660	706D4BB7	FA6F25A3	0x38	0x20
08FD9700	1C822BEE	6915F913	0x98	0x20
08FD97A0	4273547B	00000002	0x28	0x20
08FD9840	E3EB4BCB	6915F913	0xA8	0x20
08FD98E0	5EAC3C0F	00000001	0x18	0x20
08FD9980	2D450918	FE135918	0x140	0x20
08FD9A20	59A3C744	FA6F25A3	0x28	0x20
08FDA540	086E08B0	1C822BEE	0x2B0	0x20
08FDA5E0	6DFD1A28	00000002	0x30	0x20
08FDA680	B23E3DCD	6915F913	0x180	0x20
08FDA720	915442FB	195D2386	0xAE0	0x20
08FDA7C0	195D2386	6915F913	0xA40	0x20
08FDA860	73396C99	00000002	0x50	0x20
08FDA900	8899E660	6915F913	0x70	0x20
08FDA9A0	C0C6B236	1C822BEE	0x1F8	0x20
08FDAA40	6E1ED82D	08C9B2F3	0x1630	0x20
08FDAAE0	7D4EB6DE	6915F913	0xE0	0x20
08FDAD10	B2669E83	1C822BEE	0xC8	0x20
08FDADB0	BBFB1C4F	00000002	0x18	0x20
08FDAE50	0B6DC405	E04AA238	0xB0	0x20
08FDAEF0	A54DF076	BEA300D3	0x70	0x20
08FDAF90	B738F706	FA6F25A3	0x28	0x20
08FDB030	EA370EFC	FA6F25A3	0x30	0x20
08FDB0D0	0CAADA5C	FA6F25A3	0x28	0x20
08FDB170	A3D43B24	FA6F25A3	0x30	0x20
08FDB210	B9E96A98	1C822BEE	0x98	0x20
08FDB2B0	2489F896	49EABE01	0xC0	0x20
08FDB350	50F36A2B	1C822BEE	0xA0	0x20
08FDB540	C73F57FC	6915F913	0xB0	0x20
08FDB5E0	90A74CEB	1C822BEE	0xA8	0x20
08FDB680	1DBE06F9	00000002	0x18	0x20
08FDB720	03F6C7F0	6915F913	0x180	0x20
08FDB7C0	4736EF45	6915F913	0x80	0x20
08FDB860	97C6CA67	CF7623E2	0x58	0x20
08FDB900	BA61AD7B	00000002	0x20	0x20
08FDB9A0	7FFC3E3D	FA6F25A3	0x30	0x20
08FDBA40	136A20E5	FA6F25A3	0x50	0x20
08FDBAE0	C47600CB	437A601A	0x20	0x20
08FDBB80	CA49FAD8	BB96607D	0x68	0x20
08FDBC20	D003ACD9	CF7623E2	0x38	0x20
08FDBCC0	2F4ACABE	C2C3B4DA	0x68	0x20
08FDBD60	7101F769	00000001	0x24	0x20
08FDBE00	8E433585	00000001	0xC	0x20
08FDBEA0	B917CD41	CF7623E2	0x38	0x20
08FDBF40	04A29F3A	437A601A	0x30	0x20
08FDBFE0	C5FAC712	CF7623E2	0x38	0x20
08FDC080	A577B309	7867E462	0xF0	0x20
08FDC120	81E21BCC	C2C3B4DA	0x48	0x20
08FDC1C0	CF836DB5	00000002	0x38	0x20
08FDC260	17747E6C	00000002	0x30	0x20
08FDCF80	D2FF9D1D	CF7623E2	0x320	0x28
08FDD020	453F0452	00000002	0x30	0x20
08FDD0C0	931C76A8	00000002	0x18	0x20
08FDD1D0	68D54037	00000002	0xC8	0x20
08FDD270	0F889827	00000001	0x10	0x20
08FDD310	DE957427	00000002	0x20	0x20
08FDD3B0	FFEDB4D6	DE957427	0x28	0x20
08FDD450	9EDA6CEC	00000002	0x50	0x20
08FDD4F0	25446492	FE135918	0x30	0x20
08FDD590	D42C7762	FE135918	0x38	0x20
08FDD630	21E7C253	4CBEA232	0x68	0x20
08FDD6D0	7B36C660	BB96607D	0x28	0x20
08FDD770	08C4D7C2	CF7623E2	0x2F8	0x20
08FDD810	A0A15091	CF7623E2	0xA0	0x20
08FDD8B0	6E188F7A	437A601A	0x30	0x20
08FDDC60	7990E610	437A601A	0x60	0x20
08FDDD00	49757421	CF7623E2	0x230	0x20
08FDDDA0	37030D6D	FE135918	0x30	0x20
08FDDE40	31794CAC	CF7623E2	0x80	0x20
08FDDEE0	DBC50582	437A601A	0x240	0x20
08FDDF80	E4CFC997	00000002	0x20	0x20
08FDE220	9A8DC4B6	00000002	0x48	0x20
08FDE2C0	12C36FFB	BB96607D	0x30	0x20
08FDE360	A13DE9D5	BB96607D	0x20	0x20
08FDE400	8AE00EEE	FE135918	0x98	0x20
08FDE4A0	5DED917C	FE135918	0x30	0x20
08FDE540	74FA63ED	437A601A	0x70	0x20
08FDE5E0	F75FF8EF	00000002	0x50	0x20
08FDE680	B6923912	00000002	0x28	0x20
08FDE720	44ADD2EF	CF7623E2	0x28	0x20
08FDE7C0	AFB2ED58	FE135918	0x30	0x20
08FDE860	7FCAD526	FE135918	0x88	0x20
08FDE900	5D73471F	CF7623E2	0x128	0x20
08FDE9A0	AFDEBEFB	437A601A	0x128	0x20
08FDEA40	A1962FF2	00000001	0x10	0x20
08FDEAE0	69524696	CF7623E2	0x198	0x20
08FDEB80	0A8060A8	437A601A	0x90	0x20
08FDEC20	F6039B79	CF7623E2	0x28	0x20
08FDECC0	5E764123	C2C3B4DA	0x30	0x20
08FDED60	9E2F1279	00000001	0x14	0x20
08FDEE00	FFB96CE5	C2C3B4DA	0x40	0x20
08FDF1F0	769C0B3F	C2C3B4DA	0x98	0x20
08FDF290	9E39D701	FE135918	0x38	0x20
08FDF330	A4E42E70	00000002	0x28	0x20
08FDF3D0	CAE36BED	00000002	0x20	0x20
08FDF470	32B27B93	00000002	0x20	0x20
08FDF510	7189BAAB	CF7623E2	0x30	0x20
08FDF5B0	AA1D3C16	FE135918	0x30	0x20
08FDF650	891E5FD7	00000001	0x18	0x20
08FDF6F0	6D9716F1	00000001	0x18	0x20
08FDF790	C3E2D7BF	00000001	0x18	0x20
08FDF830	BE6ADDCB	CF7623E2	0x1F0	0x20
08FDF8D0	075D6869	FE135918	0x30	0x20
08FDF970	0822C2EB	00000001	0x28	0x20
08FDFA10	F6F63EB9	FE135918	0x50	0x20
08FDFAB0	9E35477B	437A601A	0x70	0x20
08FDFB50	A3851E73	437A601A	0x68	0x20
08FDFBF0	0F129BD4	CF7623E2	0x40	0x20
08FDFC90	4442208B	00000002	0x20	0x20
08FDFD30	8F24AB89	00000002	0x30	0x20
08FDFDD0	B9CD69AA	00000002	0x30	0x20
08FDFE70	1EE001F0	00000002	0x20	0x20
08FDFF10	1B529FCF	CF7623E2	0xA0	0x20
08FDFFB0	00E76F6D	CF7623E2	0x30	0x20
08FE0050	935F31D8	CF7623E2	0x40	0x20
08FE00F0	8BC2EF8D	6406DCDA	0x28	0x20
08FE0580	97F4E51D	437A601A	0xA0	0x20
08FE0620	4C323C17	6406DCDA	0x28	0x20
08FE12D0	7FBC253C	437A601A	0xF8	0x20
08FE1370	7A01F916	7FBC253C	0xF8	0x20
08FE1410	8237D080	486EFEA9	0x90	0x20
08FE14B0	E76D3DE1	437A601A	0x20	0x20
08FE1600	9F7F55C8	00000001	0x18	0x20
08FE2240	45A13D06	437A601A	0x220	0x20
08FE22E0	4DBFD997	BB96607D	0x28	0x20
08FE2380	1D4A2020	CF7623E2	0x38	0x20
08FE2420	47336505	437A601A	0x38	0x20
08FE24C0	47BDB95C	437A601A	0x30	0x20
08FE2560	C0FFD02C	FE135918	0x38	0x20
08FE2600	28CD2D3E	FE135918	0x30	0x20
08FE26A0	5FCA1DA8	FE135918	0x30	0x20
08FE2740	66C024B2	437A601A	0x50	0x20
08FE27E0	3A31611E	00000002	0x18	0x20
08FE29A0	CF2DC2C6	437A601A	0x60	0x20
08FE2A40	EACC3FCE	CF7623E2	0x78	0x20
08FE2AE0	6BA8C2E2	00000002	0x38	0x20
08FE2B80	4154853F	00000001	0x10	0x20
08FE2C20	5A59C2A3	CF7623E2	0xF8	0x20
08FE2CC0	63881C58	437A601A	0x38	0x20
08FE2D60	F2B2AF0A	437A601A	0x38	0x20
08FE2E00	E39E2263	CF7623E2	0x38	0x20
08FE2EA0	873459CB	FE135918	0x30	0x20
08FE2F40	9B333A01	00000001	0x18	0x20
08FE2FE0	1E7D69AC	437A601A	0x40	0x20
08FE3080	7867E462	486EFEA9	0xC0	0x20
08FE3120	B6844A7F	486EFEA9	0xB0	0x20
08FE31C0	33B592B8	BB96607D	0x18	0x20
08FE3260	B2A0D2DB	33B592B8	0x20	0x20
08FE33B0	97F5735A	33B592B8	0x30	0x20
08FE3450	ABDFEC3B	33B592B8	0x28	0x20
08FE34F0	E1393838	33B592B8	0x40	0x20
08FE3590	428BE4FC	33B592B8	0x60	0x20
08FE3710	397CC17B	437A601A	0x40	0x20
08FE37B0	6BF50187	00000002	0x28	0x20
08FE3850	68B92C89	00000002	0x40	0x20
08FE38F0	7D78A612	CF7623E2	0x48	0x20
08FE3990	463BCC03	C2C3B4DA	0x20	0x20
08FE3A30	EAE55C42	C2C3B4DA	0x30	0x20
08FE3AD0	B713D18F	CF7623E2	0x28	0x20
08FE3B70	9698BE0A	463BCC03	0x20	0x20
08FE3C10	587A1A41	463BCC03	0x20	0x20
08FE3CB0	65291F83	463BCC03	0x28	0x20
08FE3D50	87E36195	463BCC03	0x28	0x20
08FE3DF0	9D7FF1B3	463BCC03	0x28	0x20
08FE3E90	18B69A2D	463BCC03	0x28	0x20
08FE3F30	04CDFBEA	463BCC03	0x30	0x20
08FE3FD0	E5E2D4AC	463BCC03	0x28	0x20
08FE4070	0325169C	463BCC03	0x28	0x20
08FE4110	0B08B84F	463BCC03	0x28	0x20
08FE41B0	9D6915AD	463BCC03	0x50	0x20
08FE4250	D19EB3F8	463BCC03	0x28	0x20
08FE42F0	29C06C16	463BCC03	0x38	0x20
08FE4390	B5F04317	463BCC03	0x28	0x20
08FE44A0	4E05E8FD	463BCC03	0x38	0x20
08FE4540	AE6F6A53	00000002	0x28	0x20
08FE4650	D53BB478	463BCC03	0x30	0x20
08FE46F0	D04E3A3D	00000002	0x28	0x20
08FE4790	C0B52272	463BCC03	0x28	0x20
08FE4830	20EB1313	463BCC03	0x28	0x20
08FE48D0	CB19A314	463BCC03	0x30	0x20
08FE4970	4765F599	463BCC03	0x30	0x20
08FE4A10	7F4B5DA7	463BCC03	0x30	0x20
08FE4AB0	253F03AA	463BCC03	0x28	0x20
08FE4B50	6EEC91BF	463BCC03	0x30	0x20
08FE4BF0	F65DD367	463BCC03	0x30	0x20
08FE4C90	BC282A63	CF7623E2	0x28	0x20
08FE4D30	B673B6D7	00000002	0x28	0x20
08FE4DD0	85F43258	CF7623E2	0x68	0x20
08FE4E70	A810C734	CF7623E2	0x30	0x20
08FE4F10	00E504BC	CF7623E2	0x58	0x20
08FE4FB0	EE2B7337	CF7623E2	0x60	0x20
08FE5050	E6941AD8	CF7623E2	0x30	0x20
08FE50F0	F50A8AE7	437A601A	0x70	0x20
08FE5190	818547B1	74FA63ED	0x90	0x20
08FE5230	AC56B4D3	00000001	0x14	0x20
08FE52D0	0BCAF6AD	CF7623E2	0x510	0x20
08FE5680	D0EC0694	00000002	0x90	0x20
08FE5720	B6D60B0E	00000001	0x20	0x20
08FE57C0	F865524D	CF7623E2	0x30	0x20
08FE5860	5D8D8F91	FE135918	0x30	0x20
08FE5900	63D5F0A8	437A601A	0x28	0x20
08FE59A0	11373FDE	FE135918	0x58	0x20
08FE5A40	4E67A877	11373FDE	0x60	0x20
08FE5AE0	4E409E44	FE135918	0x1C0	0x20
08FE5B80	DFD49D87	00000002	0x68	0x20
08FE5C20	E31B730C	00000001	0x40	0x20
08FE5CC0	D362E46E	00000001	0x10	0x20
08FE5D60	60FE2637	FE135918	0x50	0x20
08FE5E00	0DDFA87D	00000002	0x40	0x20
08FE5EA0	7FA4516E	00000002	0x20	0x20
08FE5F40	A208E524	FE135918	0x68	0x20
08FE5FE0	C3C67026	00000002	0x18	0x20
08FE6080	6893AB96	FE135918	0x68	0x20
08FE6120	B510D8F7	FE135918	0x50	0x20
08FE61C0	DD98EF47	00000002	0x20	0x20
08FE6260	39B9C96A	FE135918	0x50	0x20
08FE6300	55A332DF	00000002	0x20	0x20
08FE63A0	99097C77	FE135918	0x98	0x20
08FE6440	3EA6809C	FE135918	0x50	0x20
08FE64E0	78D70BAD	FE135918	0x60	0x20
08FE6580	885D8424	CF7623E2	0x1D0	0x20
08FE6620	9DB3CF78	FE135918	0x50	0x20
08FE66C0	B7A867D3	FE135918	0x48	0x20
08FE6760	CE5A28AF	CF7623E2	0x40	0x20
08FE68B0	24886DEA	BB96607D	0x20	0x20
08FE6950	C0A3544E	63D5F0A8	0x58	0x20
08FE69F0	0DCB944E	437A601A	0xB8	0x20
08FE6A90	5FC6BED6	C2C3B4DA	0x48	0x20
08FE6B30	84610C05	FE135918	0x50	0x20
08FE6BD0	CA61FDDA	00000001	0x18	0x20
08FE6C70	A89EFE4B	84610C05	0xA8	0x20
08FE6D10	14B590DD	00000001	0x18	0x20
08FE6DB0	38A63CCB	FE135918	0x38	0x20
08FE6E50	66B056D3	00000001	0x18	0x20
08FE6EF0	83A6B495	FE135918	0x38	0x20
08FE6F90	41C3759C	00000001	0x20	0x20
08FE7030	2CEB96ED	FE135918	0x38	0x20
08FE70D0	F930482C	00000001	0xC	0x20
08FE7170	0DE6571C	437A601A	0x68	0x20
08FE7210	6406DCDA	00000002	0x20	0x20
08FE72B0	E11FF2A4	FE135918	0x38	0x20
08FE7350	92A50E68	00000001	0x20	0x20
08FE73F0	A761A5AA	00000001	0x28	0x20
08FE7490	11630D8C	437A601A	0x38	0x20
08FE7530	5EBC2CED	FE135918	0x38	0x20
08FE75D0	E88AD752	437A601A	0x38	0x20
08FE7670	8D80778D	486EFEA9	0x98	0x20
08FE7710	7FAE257B	00000001	0x14	0x20
08FE77B0	8DC90804	00000001	0x10	0x20
08FE7850	5D4BBB1A	00000001	0x14	0x20
08FE78F0	FA9F5EA5	437A601A	0xC8	0x20
08FE7990	6B07AABF	FE135918	0x38	0x20
08FE7A30	59D7ADCE	00000001	0x10	0x20
08FE7AD0	D41E812F	0DE6571C	0x98	0x20
08FE7B70	977B2AB3	FE135918	0x48	0x20
08FE7C10	4714B928	CF7623E2	0x228	0x20
08FE7CB0	538AF44B	00000002	0x50	0x20
08FE7D50	6A874233	00000002	0x28	0x20
08FE7DF0	F91E8A93	FE135918	0x38	0x20
08FE7E90	926506EF	00000002	0x20	0x20
08FE7F30	79A34BE0	437A601A	0x60	0x20
08FE7FD0	BA62D8CB	FE135918	0x38	0x20
08FE8070	CB151D02	00000001	0x20	0x20
08FE8110	6C9B1D9D	FE135918	0x48	0x20
08FE81B0	E6A29246	00000001	0x10	0x20
08FE8250	6632A0DF	00000001	0x8	0x20
08FE82F0	4A8168D2	00000001	0x10	0x20
08FE8390	E3E7957F	00000001	0x8	0x20
08FE8430	56886D9C	CF7623E2	0x4E0	0x20
08FE84D0	8FB21126	00000001	0x20	0x20
08FE8570	E98566BE	00000001	0x14	0x20
08FE8610	8CF76B36	00000001	0x70	0x20
08FE86B0	B2942D2C	8BC2EF8D	0x30	0x20
08FE8750	B463A7AE	437A601A	0x38	0x20
08FE87F0	C1D3829B	CF7623E2	0xC0	0x20
08FE8890	303DF0B3	BB96607D	0x20	0x20
08FE8930	B815260C	BB96607D	0x20	0x20
08FE89D0	70F65917	BB96607D	0x20	0x20
08FE8A70	27A8CE4F	BB96607D	0x28	0x20
08FE8B10	650CBAFE	BB96607D	0x28	0x20
08FE8BB0	1B143C9F	BB96607D	0x20	0x20
08FE8C50	9218B8C5	BB96607D	0x20	0x20
08FE8CF0	603BC99E	BB96607D	0x48	0x20
08FE8D90	97E3BFE5	BB96607D	0x20	0x20
08FE8E30	39EDF4FE	BB96607D	0x20	0x20
08FE8ED0	C103000F	BB96607D	0x20	0x20
08FE8F70	449F5C6B	BB96607D	0x20	0x20
08FE9010	D3ABB54C	BB96607D	0x20	0x20
08FE90B0	69F06441	BB96607D	0x20	0x20
08FE9200	A1FB46A8	BB96607D	0x28	0x20
08FE92A0	E05B2382	BB96607D	0x20	0x20
08FE9340	5C0BFFA2	BB96607D	0x20	0x20
08FE93E0	FCE5DB37	BB96607D	0x30	0x20
08FE9480	F6158691	BB96607D	0x30	0x20
08FE9520	AAB16D4E	FE135918	0x250	0x20
08FE95C0	1C9ED008	00000001	0x38	0x20
08FE9660	D28DBECE	00000001	0x38	0x20
08FE9700	7E7DA4B7	FE135918	0x120	0x20
08FE97A0	3D6A73FF	FE135918	0x30	0x20
08FE9840	E3E8F622	437A601A	0x98	0x20
08FE98E0	FCFCA754	CF7623E2	0xD0	0x20
08FE9980	B76E4E49	00000001	0xC	0x20
08FE9A20	9B453BFB	CF7623E2	0x60	0x20
08FE9AC0	FB4BA841	CF7623E2	0x68	0x20
08FE9B60	400CD07E	CF7623E2	0x70	0x20
08FE9C00	791997C4	437A601A	0x28	0x20
08FE9CA0	C6E60B8F	00000001	0x18	0x20
08FE9D40	4554F45D	CF7623E2	0x40	0x20
08FE9DE0	AF7DA372	C2C3B4DA	0x28	0x20
08FE9F60	15DBA26D	00000001	0x18	0x20
08FEA000	C8673663	C2C3B4DA	0x40	0x20
08FEA0A0	9C0F2565	C2C3B4DA	0x40	0x20
08FEA140	8900B4E1	4BE2DCB8	0x140	0x20
08FEA300	2B019ADD	4BE2DCB8	0x130	0x20
08FEA3A0	4BE2DCB8	437A601A	0x100	0x20
08FEA440	11855AE3	4BE2DCB8	0x170	0x20
08FEA4E0	C5622710	00000002	0x20	0x20
08FEA890	D6FCEB30	4BE2DCB8	0x150	0x20
08FEA930	180409E8	437A601A	0x68	0x20
08FEA9D0	EED33217	437A601A	0x30	0x20
08FEAA70	6679E3A9	00000002	0x20	0x20
08FEAB10	018B9FF7	00000002	0x30	0x20
08FEAD00	4737D029	437A601A	0xF0	0x20
08FEADA0	41F5C4C5	00000001	0x20	0x20
08FEAE40	E9DABBF7	437A601A	0x160	0x20
08FEAEE0	32F489FE	437A601A	0x180	0x20
08FEAF80	A6B3D268	00000001	0x10	0x20
08FEB020	B2EA706D	437A601A	0x50	0x20
08FEB0C0	81634152	8BC2EF8D	0x30	0x20
08FEB160	7C48F9D1	437A601A	0x90	0x20
08FEB200	E31CBDE3	FE135918	0x278	0x20
08FEB2A0	8EB36B03	437A601A	0x40	0x20
08FEB340	B13B0A58	00000001	0x20	0x20
08FEB3E0	FD4DA73B	CF7623E2	0x130	0x20
08FEB480	C08A0327	00000001	0x18	0x20
08FEB520	152DA150	CF7623E2	0x48	0x20
08FEB5C0	B1E60693	CF7623E2	0x118	0x20
08FEB7B0	5B8FD27F	BB96607D	0x38	0x20
08FEB850	7DE71750	BB96607D	0x20	0x20
08FEB8F0	A6BFA5D2	BB96607D	0x20	0x20
08FEB990	2AC3E413	BB96607D	0x28	0x20
08FEBA30	1EF4C49D	BB96607D	0x28	0x20
08FEBAD0	0F5B4F8D	BB96607D	0x20	0x20
08FEBB70	0BA866C9	BB96607D	0x20	0x20
08FEBC10	A2BAFF46	BB96607D	0x20	0x20
08FEBCB0	BE0C75B4	BB96607D	0x20	0x20
08FEBD50	09804849	BB96607D	0x20	0x20
08FEBEA0	5681A0D5	BB96607D	0x20	0x20
08FEBF40	B1C73516	BB96607D	0x28	0x20
08FEBFE0	6320D9BB	BB96607D	0x20	0x20
08FEC080	144B4104	BB96607D	0x20	0x20
08FEC120	B76B8253	BB96607D	0x20	0x20
08FEC1C0	25E5D77F	00000002	0x50	0x20
08FEC260	F565F5FF	BB96607D	0x20	0x20
08FEC490	17A30052	BB96607D	0x30	0x20
08FEC530	F6E56D1A	BB96607D	0x20	0x20
08FEC5D0	08574E2D	BB96607D	0x20	0x20
08FEC670	86BAD602	BB96607D	0x20	0x20
08FEC710	22EB3ADC	BB96607D	0x20	0x20
08FEC7B0	90641C07	BB96607D	0x30	0x20
08FEC850	74455E27	BB96607D	0x20	0x20
08FEC8F0	14DC124F	BB96607D	0x30	0x20
08FEC990	B5C2E49D	BB96607D	0x20	0x20
08FECA30	CAE104F7	BB96607D	0x38	0x20
08FECAD0	AEEF7FB3	BB96607D	0x20	0x20
08FECB70	227ACA7B	BB96607D	0x20	0x20
08FECC10	6132F68D	BB96607D	0x20	0x20
08FECCB0	86E3B5CA	BB96607D	0x20	0x20
08FECD50	BA4F5C07	CF7623E2	0x30	0x20
08FECDF0	93CB1B3B	CF7623E2	0x68	0x20
08FECE90	5B040C5B	C2C3B4DA	0x70	0x20
08FECF30	078DFBBB	CF7623E2	0x50	0x20
08FED080	F4C4EBA1	C2C3B4DA	0x30	0x20
08FED120	32D1324E	CF7623E2	0x38	0x20
08FED1C0	17E684D1	FE135918	0x50	0x20
08FED260	94519091	00000002	0x20	0x20
08FED300	C1D73381	E3E8F622	0xA0	0x20
08FED3A0	4A214192	CF7623E2	0x50	0x20
08FED440	8A04779A	CF7623E2	0x40	0x20
08FED4E0	D3C2965F	CF7623E2	0x30	0x20
08FED580	400E69B8	BB96607D	0x20	0x20
08FED620	53793056	400E69B8	0x28	0x20
08FED6C0	C0F2CC4B	400E69B8	0x30	0x20
08FED760	5D191DE8	400E69B8	0x28	0x20
08FED800	7FF97883	400E69B8	0x28	0x20
08FED8A0	8548545B	400E69B8	0x28	0x20
08FED940	D2E98915	400E69B8	0x68	0x20
08FED9E0	BED78BCE	400E69B8	0x28	0x20
08FEDA80	ADACD336	400E69B8	0xB0	0x20
08FEDB20	99C17882	400E69B8	0x30	0x20
08FEDBC0	D3F186CE	400E69B8	0x28	0x20
08FEDC60	68F227D4	400E69B8	0x30	0x20
08FEDD00	6EBC1D2D	400E69B8	0x28	0x20
08FEE3C0	1158E260	CF7623E2	0xB0	0x20
08FEE540	AAE83FE1	BB96607D	0x30	0x20
08FEE690	DCEF735A	BB96607D	0x30	0x20
08FEE7E0	DF6C0A99	BB96607D	0x30	0x20
08FEE880	DFD5E6D1	437A601A	0x108	0x20
08FEE920	32E1BA2A	CF7623E2	0x38	0x20
08FEE9C0	FEBE7066	FE135918	0x30	0x20
08FEEA60	5526728F	437A601A	0x30	0x20
08FEEB00	65A544CA	FE135918	0x30	0x20
08FEEBA0	2FE5A772	00000001	0x18	0x20
08FEEC40	C6CB959F	437A601A	0x30	0x20
08FEECE0	FB3C2DFC	C6CB959F	0x38	0x20
08FEED80	F5266B9A	CF7623E2	0x50	0x20
08FEEE20	A8233F9F	977B2AB3	0x68	0x20
08FEEEC0	3397F55B	CF7623E2	0x40	0x20
08FEEF60	461A62A7	CF7623E2	0x48	0x20
08FEF000	4114F5DC	437A601A	0x50	0x20
08FEF0A0	A84B30F3	CF7623E2	0x30	0x20
08FEF1B0	EF27878E	CF7623E2	0x30	0x20
08FEF250	0124A809	CF7623E2	0x30	0x20
08FEF2F0	E358183F	437A601A	0x30	0x20
08FEF400	7D3F1029	00000001	0x10	0x20
08FEFC10	D6B8BBE0	EF27878E	0x140	0x20
08FEFCB0	F1C06151	FE135918	0x30	0x20
08FEFD50	B729E471	00000001	0x10	0x20
08FEFDF0	74D47E7C	FE135918	0x30	0x20
08FEFE90	59ABE864	00000001	0x28	0x20
08FEFF30	799D0DEF	486EFEA9	0x88	0x20
08FEFFD0	5C0E0C4E	437A601A	0x68	0x20
08FF0070	45FB98BE	437A601A	0x60	0x20
08FF0110	851A0041	437A601A	0x80	0x20
08FF01B0	48F3ECD3	FE135918	0x30	0x20
08FF0250	A76C6993	437A601A	0x38	0x20
08FF02F0	C39764E5	7C48F9D1	0x98	0x20
08FF0390	1E86E8EE	6406DCDA	0x28	0x20
08FF0430	8A27115D	437A601A	0x30	0x20
08FF04D0	251B52F6	437A601A	0x20	0x20
08FF0570	64BEA999	437A601A	0xD0	0x20
08FF0610	56B9CEF5	CF7623E2	0x200	0x20
08FF06B0	C96D0846	00000001	0x58	0x20
08FF0750	4D175F1F	00000001	0x4	0x20
08FF07F0	2AD0A1A8	00000001	0x1	0x20
08FF0890	218E512F	FE135918	0x38	0x20
08FF0930	00EFF5D6	00000002	0x188	0x20
08FF09D0	9082CEE2	00000001	0x20	0x20
08FF0A70	C377DC99	00000001	0xC	0x20
08FF0B10	F683634E	BB96607D	0x28	0x20
08FF0BB0	30A77876	CF7623E2	0x30	0x20
08FF0C50	0474A25C	FE135918	0x38	0x20
08FF0CF0	5348912F	00000002	0x30	0x20
08FF0D90	F4647D49	00000002	0x70	0x20
08FF0E30	34DB2EF8	437A601A	0x28	0x20
08FF0ED0	16FEF934	FE135918	0xA0	0x20
08FF0F70	5A16348E	437A601A	0x40	0x20
08FF1010	486EFEA9	437A601A	0x80	0x20
08FF1160	359E75DE	437A601A	0x38	0x20
08FF1200	44C05C4C	437A601A	0x80	0x20
08FF12A0	BF45AC73	437A601A	0x38	0x20
08FF1340	E6F33267	437A601A	0x30	0x20
08FF13E0	F1E49685	FE135918	0x90	0x20
08FF1480	CB4DBCB9	00000001	0x40	0x20
08FF1520	97A100F9	00000001	0x18	0x20
08FF15C0	F14A0F1A	FE135918	0x30	0x20
08FF1660	0B2F4FA1	00000001	0x20	0x20
08FF1700	E7460D78	FE135918	0xF0	0x20
08FF17A0	C5D73BD2	00000001	0x90	0x20
08FF1840	CAEF1EF8	00000001	0x18	0x20
08FF18E0	C508B38F	FE135918	0x40	0x20
08FF1980	F40A9D37	00000001	0x10	0x20
08FF1A20	F10AD680	00000001	0x10	0x20
08FF1AC0	7498937C	FE135918	0x30	0x20
08FF1B60	4D82911B	00000001	0x10	0x20
08FF1C00	F72E0EF2	FE135918	0x38	0x20
08FF1CA0	54356224	CF7623E2	0x30	0x20
08FF1D40	B03865E8	CF7623E2	0x50	0x20
08FF1DE0	AFE4D17B	CF7623E2	0xB0	0x20
08FF1E80	1FC3C8AC	CF7623E2	0x40	0x20
08FF1F20	74D7F768	437A601A	0x148	0x20
08FF1FC0	4A89FEA4	CF7623E2	0xB8	0x20
08FF2060	F37207F6	BB96607D	0x20	0x20
08FF2100	6107101C	BB96607D	0x28	0x20
08FF21A0	B28574DD	BB96607D	0x20	0x20
08FF2240	942E252E	BB96607D	0x80	0x20
08FF22E0	93DA7E96	BB96607D	0x20	0x20
08FF2380	018D2465	BB96607D	0x20	0x20
08FF2420	EBD5400D	BB96607D	0x20	0x20
08FF24C0	4FAA8B0D	BB96607D	0x20	0x20
08FF2560	D6476AF2	437A601A	0x30	0x20
08FF2600	9A537222	CF7623E2	0x30	0x20
08FF26A0	C3205098	CF7623E2	0x30	0x20
08FF2740	C18C0C8E	437A601A	0xA0	0x20
08FF27E0	D749C72F	CF7623E2	0xA8	0x20
08FF2D50	05A8E222	CF7623E2	0x150	0x20
08FF2DF0	089E7CE1	00000002	0x18	0x20
08FF2E90	8CBB3D8C	00000001	0x4	0x20
08FF2F30	2E282FC8	00000001	0xC	0x20
08FF2FD0	D2FDBD35	CF7623E2	0xE8	0x20
08FF3070	8FC11D63	CF7623E2	0x28	0x20
08FF3110	9C372BF4	437A601A	0x68	0x20
08FF31B0	0B6EB60A	FE135918	0x30	0x20
08FF3250	FCCC5500	FE135918	0x50	0x20
08FF32F0	D8026EFB	00000001	0x10	0x20
08FF3390	564DE8DE	00000001	0x10	0x20
08FF3430	1A297258	FCCC5500	0x68	0x20
08FF34D0	D87425B1	00000001	0x10	0x20
08FF3570	890AF6D0	FA6F25A3	0x28	0x20
08FF3610	BEA300D3	FA6F25A3	0x40	0x20
08FF36B0	EAF7216D	7C7431E3	0x130	0x20
08FF3750	2B4FBDB0	C47600CB	0x40	0x20
08FF37F0	BDB47C61	A5D94E8B	0x1D0	0x20
08FF3890	9730A022	FA6F25A3	0x20	0x20
08FF3930	7EEB8A68	FA6F25A3	0x50	0x20
08FF39D0	9B389651	FA6F25A3	0x38	0x20
08FF3A70	A7BC266E	7C7431E3	0xC0	0x20
08FF3B10	129FCFE7	FE135918	0x20	0x20
08FF3BB0	631D7172	FA6F25A3	0x28	0x20
08FF3C50	2D80A183	FA6F25A3	0x30	0x20
08FF3CF0	31A14B31	FA6F25A3	0x30	0x20
08FF3D90	CA27F078	3A4FAB15	0x60	0x20
08FF3E30	6BE5B6CA	FA6F25A3	0x38	0x20
08FF3ED0	21B27BD9	FA6F25A3	0x50	0x20
08FF3F70	1CB8ED07	FA6F25A3	0x40	0x20
08FF4010	65CC11A3	FA6F25A3	0x20	0x20
08FF40B0	BC256D30	FA6F25A3	0x20	0x20
08FF4150	2CC22BC9	FA6F25A3	0x38	0x20
08FF41F0	B2F3586A	FA6F25A3	0x30	0x20
08FF4290	0A6568BF	FA6F25A3	0x30	0x20
08FF4330	BEF5FE98	FE135918	0x40	0x20
08FF43D0	4244ED5C	00000001	0x18	0x20
08FF4470	AB9A73E1	FA6F25A3	0x38	0x20
08FF4510	FBAC76AA	110758D2	0x40	0x20
08FF45B0	78EC7B12	00000002	0x28	0x20
08FF4650	2389CBDE	FA6F25A3	0x30	0x20
08FF4810	34835DD7	FA6F25A3	0x50	0x20
08FF48B0	33E0FDB4	FA6F25A3	0x30	0x20
08FF4950	2353AB38	FA6F25A3	0x28	0x20
08FF49F0	86F8F8E1	FA6F25A3	0x20	0x20
08FF4A90	BE59CE01	FA6F25A3	0x20	0x20
08FF4B30	19633866	FA6F25A3	0x28	0x20
08FF4BD0	34BB0170	FA6F25A3	0x28	0x20
08FF4C70	9C4934B6	FA6F25A3	0x28	0x20
08FF4D10	453A59AF	FE135918	0x48	0x20
08FF4DB0	4F75B92B	00000001	0x10	0x20
08FF4E50	E04AA238	BB96607D	0x40	0x20
08FF4EF0	EEB80F1D	988D5D82	0x48	0x20
08FF4F90	03C29FD4	EEB80F1D	0x48	0x20
08FF5030	C763262F	2BC49864	0x60	0x20
08FF50D0	FAD30BE0	FA6F25A3	0x30	0x20
08FF5170	453EB336	FA6F25A3	0x50	0x20
08FF5210	5C76CAAC	BB96607D	0x48	0x20
08FF52B0	1F4FEF96	CF2DC2C6	0x68	0x20
08FF5350	758EEF28	5C76CAAC	0x58	0x20
08FF53F0	44707755	537F4F20	0x78	0x20
08FF5490	CE825455	CF2DC2C6	0x60	0x20
08FF5530	01843D80	CE825455	0x70	0x20
08FF55D0	06F53BA4	CE825455	0x70	0x20
08FF5670	8362F48A	00000002	0x18	0x20
08FF5710	A10CF4AF	E2310BDE	0x58	0x20
08FF57B0	A67DF28B	E2310BDE	0x60	0x20
08FF5850	E2310BDE	5C76CAAC	0x50	0x20
08FF58F0	F79BE4D2	BB96607D	0x38	0x20
08FF5990	2DA87EEC	BB96607D	0x38	0x20
08FF5A30	052D9FD5	CF2DC2C6	0x60	0x20
08FF5AD0	540E4904	052D9FD5	0x70	0x20
08FF5B70	537F4F20	052D9FD5	0x70	0x20
08FF5C10	AC48C966	00000002	0x18	0x20
08FF5CB0	77AD6852	740DD3C4	0x58	0x20
08FF5D50	70DC6E76	740DD3C4	0x60	0x20
08FF5DF0	740DD3C4	5C76CAAC	0x50	0x20
08FF5E90	7159706C	CF2DC2C6	0x70	0x20
08FF5F30	802F091A	00000002	0x20	0x20
08FF5FD0	E6FDEC29	73FA1F94	0x60	0x20
08FF6070	73FA1F94	5C76CAAC	0x50	0x20
08FF6110	0F759019	BB96607D	0x68	0x20
08FF61B0	C7AB691E	FA6F25A3	0x40	0x20
08FF6250	8FC6E56D	FA6F25A3	0x40	0x20
08FF62F0	C88BCCA5	C47600CB	0x30	0x20
08FF6390	2B4DFC71	A5D94E8B	0x1B0	0x20
08FF6430	97BBACA1	FA6F25A3	0x30	0x20
08FF64D0	78DBC433	FA6F25A3	0x50	0x20
08FF6570	00AC4C9F	FA6F25A3	0x50	0x20
08FF6610	ED0E3614	00000002	0x10	0x20
08FF66B0	D2A7ECF8	00000001	0x14	0x20
08FF6750	820E56EB	ED0E3614	0x60	0x20
08FF67F0	33461DE0	ED0E3614	0x208	0x20
08FF6890	13190A56	FE135918	0x30	0x20
08FF6930	DF0EBAE9	BB96607D	0x30	0x20
08FF69D0	3222384B	FA6F25A3	0x38	0x20
08FF6A70	07E4F41D	DE3910E6	0x20	0x20
08FF6B10	A9767433	07E4F41D	0x30	0x20
08FF6BB0	4C034880	BB96607D	0x28	0x20
08FF6C50	BB2200A2	FA6F25A3	0x50	0x20
08FF6CF0	F08DFC08	FA6F25A3	0x40	0x20
08FF6D90	DFE06451	FA6F25A3	0x28	0x20
08FF6E30	713FF4C2	FA6F25A3	0x30	0x20
08FF6ED0	E2E30DA2	FA6F25A3	0x30	0x20
08FF6F70	1F112932	FA6F25A3	0x40	0x20
08FF7010	FC43CA7B	FA6F25A3	0x20	0x20
08FF70B0	4CF992E3	FA6F25A3	0x30	0x20
08FF7150	DD6DB84C	FA6F25A3	0x30	0x20
08FF71F0	69D589EA	FA6F25A3	0x30	0x20
08FF7290	B4033050	988D5D82	0x18	0x20
08FF7330	D8E1FA3F	00000002	0x20	0x20
08FF73D0	321DBC46	00000002	0x20	0x20
08FF7470	DAF59B3A	00000001	0x8	0x20
08FF7510	9982A32B	00000002	0x48	0x30
08FF75B0	CCEF782B	00000002	0x28	0x20
08FF7650	6882C9DC	FA6F25A3	0x20	0x20
08FF76F0	B0037527	6882C9DC	0x20	0x20
08FF7790	C1BDE01B	6882C9DC	0x20	0x20
08FF7830	F003A190	6882C9DC	0x20	0x20
08FF78D0	6BD6B102	00000002	0x18	0x20
08FF7970	95D708B1	B7E60721	0x1B8	0x20
08FF7A10	5EEC3117	C510680B	0x28	0x20
08FF7AB0	DE73A8B9	1AE189EB	0x70	0x20
08FF7B50	FC61E583	79633AC7	0x148	0x20
08FF7BF0	29631AA3	C510680B	0x28	0x20
08FF7C90	2B6ED6D0	1AE189EB	0x78	0x20
08FF7D30	3432A057	00000002	0x30	0x20
08FF7DD0	D96D0CD6	0A98FEAA	0x178	0x20
08FF7E70	6AA60014	C510680B	0x28	0x20
08FF7F10	67EEC85B	1AE189EB	0x70	0x20
08FF7FB0	D4D82D0C	79633AC7	0x148	0x20
08FF8050	9DF92192	C510680B	0x28	0x20
08FF80F0	FE7B53FE	1AE189EB	0xB0	0x20
08FF8190	D6171F42	79633AC7	0x3B0	0x20
08FF8230	DB167EDD	C510680B	0x28	0x20
08FF87E0	DAA84A70	1AE189EB	0x130	0x20
08FF8880	0D7EC264	0A98FEAA	0x1A8	0x20
08FF8920	A8A79FF2	1AE189EB	0x60	0x20
08FF89C0	A81C557B	0A98FEAA	0x160	0x20
08FF8A60	26CBA15C	FE135918	0x30	0x20
08FF8B00	BAC81C64	C510680B	0x28	0x20
08FF8BA0	967F5044	1AE189EB	0x80	0x20
08FF8C40	3501BFC4	79633AC7	0x150	0x20
08FF8CE0	0A98FEAA	79633AC7	0x150	0x20
08FF8D80	A5D94E8B	BB96607D	0x18	0x20
08FF8E20	77D45B06	4836F507	0x28	0x20
08FF8EC0	A1AC2CAB	6210B979	0x28	0x20
08FF9420	3BE327DD	F0EBDBA2	0x28	0x20
08FF94C0	A871D1A0	00000002	0x20	0x20
08FF9560	60413A8E	3BE327DD	0x30	0x20
08FF9600	060CF215	A871D1A0	0x28	0x20
08FF96A0	25560228	37AB9A12	0x1A8	0x20
08FF9740	16B74E48	00000002	0x18	0x20
08FF97E0	8B49F990	00000002	0x58	0x20
08FF9880	4DAD0048	00000002	0x20	0x20
08FF9920	E07BAD38	78B290EF	0x28	0x20
08FF99C0	5149F22F	3BE327DD	0x48	0x20
08FF9A60	41570435	A871D1A0	0x30	0x20
08FF9B00	00F0A183	37AB9A12	0x50	0x20
08FF9BA0	F463AEC2	78B290EF	0x28	0x20
08FF9C40	A4C29806	3BE327DD	0x30	0x20
08FF9CE0	687C1C35	A871D1A0	0x20	0x20
08FF9D80	EFBBE12D	A871D1A0	0x28	0x20
08FF9E20	D0926020	428BE4FC	0x60	0x20
08FF9EC0	2EFFDFE6	3BE327DD	0x30	0x20
08FF9F60	0596A779	EFBBE12D	0x28	0x20
08FFA000	BFDDD382	3BE327DD	0x48	0x20
08FFA0A0	8734B440	A871D1A0	0x28	0x20
08FFA140	6ED63F0D	33B592B8	0x28	0x20
08FFA1E0	F049FC66	3BE327DD	0x38	0x20
08FFA280	D1F00BE1	EFBBE12D	0x40	0x20
08FFA320	0BF5A7BC	33B592B8	0x38	0x20
08FFA3C0	CC8C0DC5	A62FDC6B	0x58	0x20
08FFA460	BE9D0E03	8CED950F	0x110	0x20
08FFA500	78F9CBCB	3BE327DD	0x48	0x20
08FFA5A0	0DE707B4	A871D1A0	0x48	0x20
08FFA640	1B0D155A	BB96607D	0x28	0x20
08FFA6E0	37AB9A12	3BE327DD	0x48	0x20
08FFA780	78B290EF	A871D1A0	0x28	0x20
08FFA820	4DD72C33	3BE327DD	0x28	0x20
08FFA8C0	BE7D61FD	A871D1A0	0x28	0x20
08FFA960	9E0D840E	3BE327DD	0x30	0x20
08FFAA00	7CF2A1E4	A871D1A0	0x30	0x20
08FFAAA0	C8F0C318	00000002	0x20	0x20
08FFAB40	8F78A845	3BE327DD	0x68	0x20
08FFABE0	97111D47	A871D1A0	0x60	0x20
08FFAC80	04CDEEDA	3BE327DD	0x40	0x20
08FFAD20	B32F23BA	A871D1A0	0x80	0x20
08FFADC0	F90D66B9	3BE327DD	0x38	0x20
08FFAE60	4401B1B8	A871D1A0	0x48	0x20
08FFAF00	AC3B852D	3BE327DD	0x38	0x20
08FFAFA0	FA8E8FA2	A871D1A0	0xA0	0x20
08FFB040	69B7E5A5	3BE327DD	0x30	0x20
08FFB0E0	C0B722BE	A871D1A0	0x20	0x20
08FFB180	548DB066	3BE327DD	0x30	0x20
08FFB220	D4C08133	A871D1A0	0x20	0x20
08FFB2C0	ABBB5AA0	BB96607D	0x30	0x20
08FFB360	3B29D11D	3BE327DD	0x70	0x20
08FFB400	7F9BD691	A871D1A0	0x30	0x20
08FFB4A0	E79E103F	437A601A	0x80	0x20
08FFB540	1A6A038E	6BF50187	0x30	0x20
08FFB5E0	213E424F	33B592B8	0x28	0x20
08FFB680	CE61C06E	3BE327DD	0x40	0x20
08FFB720	61C3A2AD	EFBBE12D	0x60	0x20
08FFB7C0	D634234B	3BE327DD	0x38	0x20
08FFB860	9F0CAE59	A871D1A0	0x20	0x20
08FFB900	D6620BDC	3BE327DD	0x30	0x20
08FFB9A0	EB02151A	A871D1A0	0x20	0x20
08FFBA40	C79DF1C9	3BE327DD	0x28	0x20
08FFBAE0	30913256	A871D1A0	0x20	0x20
08FFBB80	1BE66810	3BE327DD	0x28	0x20
08FFBC20	B1E80B3C	A871D1A0	0x20	0x20
08FFBCC0	CA6530A3	00000002	0x20	0x20
08FFBD60	69440EFC	00000002	0x18	0x20
08FFBE00	8D710D93	00000002	0x20	0x20
08FFBEA0	ABDF5A35	3BE327DD	0x58	0x20
08FFBF40	4714A560	A871D1A0	0xA8	0x20
08FFBFE0	80108BA1	3BE327DD	0x28	0x20
08FFC080	3BDD6F51	A871D1A0	0x20	0x20
08FFC120	6FB8004F	37AB9A12	0x58	0x20
08FFC1C0	07C7394F	78B290EF	0x28	0x20
08FFC260	5CF79E0F	37AB9A12	0x50	0x20
08FFC300	A70E7064	78B290EF	0x28	0x20
08FFC3A0	AC60571B	00000002	0x18	0x20
08FFC440	93C57593	00000002	0x18	0x20
08FFC4E0	6B7FA3F3	33B592B8	0x28	0x20
08FFC580	9ECB3C4A	3BE327DD	0x60	0x20
08FFC620	7FD75AF3	EFBBE12D	0x50	0x20
08FFC6C0	AE050448	00000002	0x20	0x20
08FFC760	2A0D4FDF	3BE327DD	0x30	0x20
08FFC800	3D7D7015	A871D1A0	0xB8	0x20
08FFC8A0	9948DB8E	D49D00B5	0x48	0x20
08FFC940	47F86D1D	152CC41B	0x70	0x20
08FFC9E0	90190331	513A4D54	0x48	0x20
08FFCA80	A73FA801	C269964E	0x68	0x20
08FFCB20	DA8A6324	F8FA33BB	0x170	0x20
08FFCBC0	3C45F323	2FE11142	0x50	0x20
08FFCC60	8877DBE0	D9D800C5	0xD8	0x20
08FFCD00	04084A11	3EAEBF3D	0x68	0x20
08FFCDA0	33B3AE7F	5D7D8083	0x40	0x20
08FFCE40	08665BC3	3BE327DD	0x28	0x20
08FFCEE0	DE69F607	A871D1A0	0x20	0x20
08FFCF80	00DA4DA5	3BE327DD	0x30	0x20
08FFD020	AB91D0A1	A871D1A0	0x20	0x20
08FFD0C0	8EF22BD2	3BE327DD	0x30	0x20
08FFD160	3510D871	A871D1A0	0x20	0x20
08FFD200	0A9A99C2	3BE327DD	0x40	0x20
08FFD2A0	A5ADE05B	A871D1A0	0x78	0x20
08FFD340	9353D835	3BE327DD	0x50	0x20
08FFD3E0	C2F067BA	A871D1A0	0x20	0x20
08FFD480	E257127D	3BE327DD	0x30	0x20
08FFD520	3DF0A22D	A871D1A0	0x20	0x20
08FFD5C0	5BDB2687	3BE327DD	0x28	0x20
08FFD660	A6394959	A871D1A0	0x38	0x20
08FFD700	1B3CED64	37AB9A12	0x70	0x20
08FFD7A0	99816B6C	78B290EF	0x50	0x20
08FFD840	3D8A63AD	3BE327DD	0x30	0x20
08FFD8E0	1758400C	A871D1A0	0x70	0x20
08FFD980	C013DFD2	60413A8E	0x30	0x20
08FFDA20	0AD4D17C	060CF215	0x38	0x20
08FFDAC0	F8D0313D	3BE327DD	0x40	0x20
08FFDB60	AF7C575F	A871D1A0	0x38	0x20
08FFDC00	0346A5A8	3BE327DD	0x38	0x20
08FFDCA0	433E61DE	A871D1A0	0x28	0x20
08FFDD40	EAFC2C11	00000002	0x18	0x20
08FFDDE0	7A9A4097	BE6076FB	0x68	0x20
08FFDE80	C2DAE788	E723B492	0xE0	0x20
08FFDF20	41990541	3BE327DD	0x58	0x20
08FFDFC0	FB4A5D03	A871D1A0	0xC0	0x20
08FFE060	D513E907	37AB9A12	0x60	0x20
08FFE100	2D010307	78B290EF	0x40	0x20
08FFE1A0	2274F412	3BE327DD	0x38	0x20
08FFE240	953B4CD1	A871D1A0	0xF0	0x20
08FFE2E0	B0CBD2FA	3BE327DD	0x38	0x20
08FFE380	D1D9CE13	A871D1A0	0x30	0x20
08FFE420	3FFA3FFA	3BE327DD	0x40	0x20
08FFE4C0	50FA505F	A871D1A0	0xA0	0x20
08FFE560	CDB1ABC6	A62FDC6B	0xA0	0x20
08FFE600	844A0DEF	8CED950F	0x1C0	0x20
08FFE6A0	DFA09CB4	3BE327DD	0x30	0x20
08FFE740	E02436C6	A871D1A0	0x20	0x20
08FFE7E0	571ABF3D	3BE327DD	0x70	0x20
08FFE880	E3BA255C	A871D1A0	0xE0	0x20
08FFE920	EAE564CD	37AB9A12	0x58	0x20
08FFE9C0	8BDD1FBF	78B290EF	0x38	0x20
08FFEA60	18E9B513	37AB9A12	0x58	0x20
08FFEB00	F68B77B5	78B290EF	0x30	0x20
08FFEBA0	2DEF7A5C	37AB9A12	0x50	0x20
08FFEC40	A4534946	78B290EF	0x28	0x20
08FFECE0	343D96F5	37AB9A12	0x48	0x20
08FFED80	F7BDA6E8	78B290EF	0x28	0x20
08FFEE20	D217089A	3BE327DD	0x30	0x20
08FFEEC0	6923AE01	A871D1A0	0x20	0x20
08FFEF60	E9EDBE2C	3BE327DD	0x30	0x20
08FFF000	CE8782AE	A871D1A0	0x20	0x20
08FFF0A0	BEADF0AD	37AB9A12	0x48	0x20
08FFF140	75F7F801	78B290EF	0x28	0x20
08FFF1E0	32985B62	3BE327DD	0x30	0x20
08FFF280	8E30D9B1	A871D1A0	0x20	0x20
08FFF320	EC069AFC	3BE327DD	0x30	0x20
08FFF3C0	E1DEDEDF	A871D1A0	0x48	0x20
08FFF460	6E4BA1C8	3BE327DD	0x30	0x20
08FFF500	14DD2736	A871D1A0	0x20	0x20
08FFF5A0	BA393DE3	3BE327DD	0x30	0x20
08FFF640	70521F37	A871D1A0	0x20	0x20
08FFF6E0	09A7C3A9	3BE327DD	0x30	0x20
08FFF780	017AFEC1	A871D1A0	0x20	0x20
08FFF820	11C23F2E	37AB9A12	0x48	0x20
08FFF8C0	6DED693B	78B290EF	0x28	0x20
08FFF960	B0BE774F	BE6076FB	0x70	0x20
08FFFA00	9CEA9CCB	E723B492	0xE8	0x20
08FFFAA0	54FD08AA	2FE11142	0x58	0x20
08FFFB40	D9D800C5	EB21E0CF	0xD8	0x20
08FFFBE0	B99E4A2F	3EAEBF3D	0x58	0x20
08FFFC80	43F72FBB	5D7D8083	0x48	0x20
08FFFD20	96394F57	3BE327DD	0x30	0x20
08FFFDC0	402ACB16	A871D1A0	0x20	0x20
08FFFE60	0F65036F	33B592B8	0x20	0x20
08FFFF00	BE6076FB	3BE327DD	0x60	0x20
08FFFFA0	E723B492	EFBBE12D	0xE0	0x20
09000040	D49D00B5	3BE327DD	0x40	0x20
090000E0	152CC41B	A871D1A0	0x70	0x20
09000180	31868C04	3BE327DD	0x30	0x20
09000220	21C4FECE	A871D1A0	0x20	0x20
090002C0	0206C984	3BE327DD	0x38	0x20
09000360	80EDFEAD	A871D1A0	0x20	0x20
09000400	12EC5D47	3BE327DD	0x28	0x20
090004A0	A6564CFC	A871D1A0	0x28	0x20
09000540	FA4028BE	3BE327DD	0x38	0x20
090005E0	815D8655	A871D1A0	0x20	0x20
09000680	C2E85C8B	3BE327DD	0x30	0x20
09000720	E7E71D31	A871D1A0	0x20	0x20
090007C0	86072426	37AB9A12	0x50	0x20
09000860	909B05FA	78B290EF	0x28	0x20
09000900	190C618C	33B592B8	0x20	0x20
090009A0	22BC67B1	3BE327DD	0x38	0x20
09000A40	7BE5EE1F	EFBBE12D	0x38	0x20
09000AE0	4CC119D8	33B592B8	0x30	0x20
09000B80	9D19DE8F	A62FDC6B	0x58	0x20
09000C20	E63D64CD	8CED950F	0x100	0x20
09000CC0	53B97225	37AB9A12	0x48	0x20
09000D60	5EDF29F3	78B290EF	0x28	0x20
09000E00	A62FDC6B	3BE327DD	0x58	0x20
09000EA0	8CED950F	EFBBE12D	0x100	0x20
09000F40	1D2C2C0C	3BE327DD	0x30	0x20
09000FE0	62658571	A871D1A0	0x20	0x20
09001080	5E329198	3BE327DD	0x40	0x20
09001120	1B9F4F33	A871D1A0	0x88	0x20
090011C0	F2D1AA28	3BE327DD	0x40	0x20
09001260	8FEB1B6C	A871D1A0	0x20	0x20
09001300	0EB47C3F	3BE327DD	0x28	0x20
090013A0	222C61C3	A871D1A0	0x20	0x20
09001440	BBC641AC	3BE327DD	0x30	0x20
090014E0	C3199DCF	A871D1A0	0x28	0x20
09001580	F72D95D5	3BE327DD	0x38	0x20
09001620	AC84DCF5	A871D1A0	0x28	0x20
090016C0	9E4C51A5	3BE327DD	0x38	0x20
09001760	AFDE3138	A871D1A0	0x48	0x20
09001800	3EAEBF3D	3BE327DD	0x50	0x20
090018A0	5D7D8083	A871D1A0	0x38	0x20
09001940	EEB95A73	3BE327DD	0x30	0x20
090019E0	C34A61DF	A871D1A0	0x28	0x20
09001A80	167C2415	3BE327DD	0x30	0x20
09001B20	0821D4C8	A871D1A0	0x30	0x20
09001BC0	4C024F2E	3BE327DD	0x38	0x20
09001C60	0EF1DB65	A871D1A0	0x20	0x20
09001D00	513A4D54	33B592B8	0x40	0x20
09001DA0	C269964E	A62FDC6B	0x68	0x20
09001E40	F8FA33BB	8CED950F	0x160	0x20
09001EE0	D74602B6	3BE327DD	0x30	0x20
09001F80	C74BC798	A871D1A0	0x20	0x20
09002020	24BAC798	3BE327DD	0x38	0x20
090020C0	C0064A1D	A871D1A0	0x48	0x20
09002160	8DAB3E5E	BB96607D	0x78	0x20
09002200	D3DCFA4E	3BE327DD	0x38	0x20
090022A0	282AE98B	A871D1A0	0x20	0x20
09002340	335F7967	3BE327DD	0x38	0x20
090023E0	37F1481D	A871D1A0	0x20	0x20
09002480	627CE7BC	3BE327DD	0x30	0x20
09002520	C3B1D1D7	A871D1A0	0x20	0x20
090025C0	C60E5DEB	3BE327DD	0x50	0x20
09002660	553F27D8	A871D1A0	0x68	0x20
09002700	A22C92F0	3BE327DD	0x30	0x20
090027A0	51C90E83	A871D1A0	0x20	0x20
09002840	057089DC	3BE327DD	0x40	0x20
090028E0	C4DED12F	A871D1A0	0x70	0x20
09002980	F0EBDBA2	BB96607D	0x20	0x20
09002DE0	5124D43B	C2C3B4DA	0x70	0x20
09002E80	D43568EC	6F6D0744	0x50	0x20
09002F20	08051548	FE135918	0x30	0x20
09002FC0	4ED3B827	2BC49864	0xD8	0x20
09003060	D36106E4	00000002	0x10	0x20
09003100	BBE8E9FC	D36106E4	0x28	0x20
090031A0	BE28450D	D36106E4	0x18	0x20
09003240	DBA4CF62	D36106E4	0x18	0x20
090032E0	D1EA8B05	D36106E4	0x18	0x20
09003380	F322C318	D36106E4	0x18	0x20
090034D0	FE2852F1	D36106E4	0x20	0x20
09003570	EBB1B809	D36106E4	0x20	0x20
09003610	6E13728E	D36106E4	0x18	0x20
090036B0	AC6C0CE5	D36106E4	0x18	0x20
09003750	F7D407AB	D36106E4	0x18	0x20
090037F0	299BE0C5	D36106E4	0x10	0x20
09003890	0A68441C	C47600CB	0x20	0x20
09003930	803BE4E7	A5D94E8B	0x20	0x20
090039D0	2E13C547	FE135918	0x50	0x20
09003A70	7C7431E3	E04AA238	0x70	0x20
09003B10	1B9082C5	2BC49864	0x228	0x20
09003CD0	BA48E2E2	E04AA238	0x68	0x20
09003D70	EE56181A	649E2164	0x20	0x20
09003E10	46E3C851	EE56181A	0x20	0x20
09003EB0	32D6425E	FE135918	0x38	0x20
09003F50	0D8F68B4	FE135918	0x38	0x20
09003FF0	1E76706B	FE135918	0x50	0x20
09004090	EB775ED5	BB96607D	0x28	0x20
09004130	801DEDC8	F33C411A	0x68	0x20
090041D0	86F62AAE	0852011F	0xB8	0x20
09004270	3D1FDAD9	AD6A937A	0xB0	0x30
09004310	9ECE2285	FE135918	0x30	0x20
090043B0	3E1574A6	00000001	0x10	0x20
09004450	5AFDFA46	C62E24DD	0x20	0x20
090044F0	4F4DCD51	EAF7216D	0x150	0x20
09004590	142523D1	988D5D82	0x10	0x20
09004630	A73511D8	FE135918	0x40	0x20
090046D0	D920DCB7	696B9FC6	0xB8	0x20
09004770	4E92AF1A	B2E85F1F	0x48	0x20
09004960	C841F1F2	B2E85F1F	0x58	0x20
09004A00	879AB580	00000002	0x40	0x20
09004AA0	B2E85F1F	00000002	0x30	0x20
09004B40	AA0AD158	E397D0BB	0xC0	0x20
09004BE0	0DF4052A	7608E2D9	0x28	0x20
09004C80	378AC495	00000002	0x50	0x20
09004D20	08B09251	DD6B38C1	0x28	0x20
09004DC0	71D8302E	0852011F	0xB8	0x20
09004E60	AA19AA5C	3A7DC445	0x18	0x20
09004F00	EC6951D2	3A7DC445	0x18	0x20
09004FA0	A1FEED6A	E61E57AB	0x80	0x20
09005040	F559A941	FE135918	0x38	0x20
090050E0	8FF22150	E04AA238	0x90	0x20
09005180	6F6D0744	E04AA238	0x50	0x20
09005220	7D1645E8	00000002	0x18	0x20
090052C0	33593DFE	FE135918	0x38	0x20
09005360	50B0FDF9	FE135918	0x38	0x20
09005400	368F78BC	FA6F25A3	0x30	0x20
090054A0	7A00FA89	00000002	0x28	0x20
09005740	45D78BC9	00000002	0x50	0x20
090057E0	696B9FC6	5124D43B	0xB0	0x20
09005880	015AA4E7	E397D0BB	0xB0	0x20
09005920	9B0183CD	DD6B38C1	0x28	0x20
090059C0	4BB4B761	00000002	0x20	0x20
09005A60	C534C5E1	C47600CB	0x30	0x20
09005B00	BF3C3DE6	A5D94E8B	0x1E0	0x20
09005BA0	CADAD334	4F4DCD51	0x190	0x20
09005C40	58F67CCF	696B9FC6	0xB0	0x20
09005CE0	5BAD64EC	90C338E5	0x100	0x20
09005D80	0F5245C7	2BC49864	0x1F8	0x20
09005E20	DDBA55BD	E397D0BB	0xA8	0x20
09005EC0	3BEF8FE6	00000002	0x48	0x20
09005F60	9B98B4E1	00000002	0x80	0x20
09006000	4BB35914	DD6B38C1	0x28	0x20
090060A0	3459C4FF	00000002	0x20	0x20
09006140	F03CD97B	3459C4FF	0x50	0x20
090061E0	40C80EDC	3459C4FF	0x70	0x20
09006280	9F8317E5	3459C4FF	0x28	0x20
09006320	02AEA9F5	3459C4FF	0x40	0x20
090063C0	8E70DCFA	3459C4FF	0x38	0x20
09006460	787E7123	3459C4FF	0x28	0x20
09006500	0C94FC07	3459C4FF	0x20	0x20
090065A0	17E82B8E	3459C4FF	0x40	0x20
09006640	38D6C8E9	3459C4FF	0x38	0x20
090066E0	C2E0F340	3459C4FF	0x40	0x20
09006780	B7601A3D	3459C4FF	0x20	0x20
09006820	DE571B17	3459C4FF	0x30	0x20
090068C0	8E95E316	3459C4FF	0x40	0x20
09006960	EC7AA102	3459C4FF	0x30	0x20
09006A00	F963532A	E04AA238	0x68	0x20
09006AA0	10D2FB6B	CE678DDC	0x40	0x20
09006B40	A6566E9C	BB96607D	0x40	0x20
09006C50	D0471AC3	BB96607D	0x30	0x20
09006CF0	6FB38DF6	00000002	0x50	0x20
09006D90	4CCEBF5A	BB96607D	0x1E0	0x20
09006E30	F9D97CB2	00000002	0x20	0x20
09006ED0	DE83910F	110758D2	0x48	0x20
09006F70	24B2F537	CE678DDC	0x48	0x20
09007010	E2EAB955	E04AA238	0x98	0x20
090070B0	6D10A61A	988D5D82	0x60	0x20
09007150	885ACDCE	2AEE9311	0x30	0x20
090071F0	53C33EB2	3A3BEAE9	0x88	0x20
09007290	F599A98D	829FD18B	0x80	0x20
09007330	28151CF9	FE135918	0x30	0x20
090073D0	ED2AD57B	00000002	0x28	0x20
09007470	E61E57AB	7C7431E3	0x80	0x20
09007510	750659CB	110758D2	0x40	0x20
090075B0	843050E6	00000002	0x30	0x20
09007650	EC9D7CAF	90C338E5	0xF0	0x20
090076F0	56806E23	F33C411A	0x60	0x20
09007790	9E39EC97	FA6F25A3	0x38	0x20
09007830	1891CD01	90C338E5	0x100	0x20
090078D0	F9D6E120	7C7431E3	0x90	0x20
09007970	2027EE0B	E61E57AB	0x88	0x20
09007A10	0852011F	7C7431E3	0xB8	0x20
09007AB0	F6A60730	C47600CB	0x28	0x20
09007B50	EC817053	A5D94E8B	0x48	0x20
09007BF0	9FDC4830	7C7431E3	0xA8	0x20
09007C90	CBDB3176	FA6F25A3	0x38	0x20
09007D30	D6347060	E397D0BB	0x88	0x20
09007DD0	7DECF6FC	00000002	0x20	0x20
09007E70	9E399ECD	DD6B38C1	0x28	0x20
09007F10	97BFB64A	00000002	0x10	0x20
09007FB0	FAFB3D53	00000001	0x20	0x20
09008050	EAC69695	CF7623E2	0x30	0x20
090080F0	2049FABF	BB96607D	0x28	0x20
09008190	1EC2CAA2	E397D0BB	0xE0	0x20
09008230	FEA3EE1A	00000002	0x28	0x20
090082D0	2D36A2F4	DD6B38C1	0x28	0x20
09008530	8755EAC6	E04AA238	0xA0	0x20
090085D0	342D0409	FA6F25A3	0x30	0x20
09008670	4E1A6006	FE135918	0x30	0x20
09008710	FDEA9FE9	00000001	0x20	0x20
090087B0	8B7C9E83	FE135918	0x30	0x20
09008850	9F79CBA1	00000001	0x20	0x20
090088F0	87311EF4	FE135918	0x30	0x20
09008990	7DDEBFFF	437A601A	0x38	0x20
09008A30	DD60F53B	00000002	0x28	0x20
09008AD0	D8AF9831	00000002	0x20	0x20
09008DA0	F33C411A	C2C3B4DA	0x60	0x20
09008E40	5FEF8424	00000002	0x30	0x20
09008EE0	802AE95E	00000002	0x20	0x20
09008F80	A10B8543	00000002	0x20	0x20
0900B0F0	530ACADB	5124D43B	0x3C0	0x20
0900B190	D06EDB40	00000002	0x78	0x20
0900B230	2E98DDD3	00000002	0x60	0x20
0900B380	5472B6E7	437A601A	0x48	0x20
0900B420	FE9C611E	BB96607D	0x28	0x20
0900B5A0	3FA6F314	BB96607D	0x30	0x20
0900B640	E397D0BB	F33C411A	0x78	0x20
0900B6E0	69DF2297	00000002	0x120	0x20
0900B780	88E9E160	FE135918	0x30	0x20
0900B820	70211FCA	BB96607D	0x30	0x20
0900B8C0	9DFF3550	CF7623E2	0x58	0x20
0900C3B0	FAF1776E	437A601A	0x108	0x20
0900C450	96FA5AA3	00000002	0x10	0x20
0900C4F0	60B2B3DC	00000001	0x8	0x20
0900C590	85DD1D44	96FA5AA3	0x30	0x20
0900C630	C0176470	96FA5AA3	0x28	0x20
0900C6D0	F5C9407F	BB96607D	0x30	0x20
0900C770	17D38F57	FE135918	0x30	0x20
0900C810	973D3832	00000002	0x28	0x20
0900C8B0	BED37F58	CF7623E2	0x30	0x20
0900C950	F2DAEF16	BB96607D	0x28	0x20
0900C9F0	3A73EC6C	00000002	0x2F0	0x20
0900CA90	F7733536	FE135918	0x58	0x20
0900CB30	8AFCD383	00000001	0x10	0x20
0900CBD0	586B75C7	437A601A	0x78	0x20
0900CC70	7D8AA1CF	C7197406	0x38	0x20
0900CD10	C7197406	00000002	0x30	0x20
0900CDB0	36D4B462	C7197406	0x40	0x20
0900CE50	75345CC0	C7197406	0x50	0x20
0900CEF0	EC9B6097	C7197406	0x58	0x20
0900CF90	2B686D18	C7197406	0x38	0x20
0900D030	2CE03730	00000001	0x8	0x20
0900D0D0	8450FFE8	4836F507	0x30	0x20
0900D170	A00B0D02	6210B979	0x28	0x20
0907EE90	A97369CA	BB96607D	0x30	0x20
0907EF30	6BE3FE2F	BB96607D	0x28	0x20
0907EFD0	E19C0A17	BB96607D	0x20	0x20
0907F070	8B1F795C	BB96607D	0x48	0x20
0907F110	736EF572	00000002	0x10	0x20
0907F1B0	CC224D57	736EF572	0x18	0x20
0907F250	EB075BD6	736EF572	0x20	0x20
0907F2F0	DAB6AE4A	736EF572	0x20	0x20
0907F390	3D7BD5E9	736EF572	0x18	0x20
0907F430	D0ACCA6D	736EF572	0x18	0x20
0907F4D0	66EE072B	00000001	0x48	0x20
0907F770	193E2B53	00000002	0x48	0x20
0907F810	D830B340	00000001	0x10	0x20
0907F8B0	5177C8DF	00000001	0x18	0x20
0907F950	6E9D3C96	00000002	0x88	0x20
0907FA00	D9728DB8	00000001	0x10	0x20
0907FAA0	3BFA8CA4	00000002	0x40	0x20
0907FB40	7BCA9A19	00000002	0x50	0x20
0907FBE0	2AA200DD	3BFA8CA4	0x88	0x20
0907FC80	54B61B43	00000001	0xC	0x20
0907FD20	DDE886E9	00000002	0x88	0x20
0907FDC0	728327D1	00000002	0x40	0x20
0907FE60	BB4257E6	00000002	0xF8	0x20
0907FF00	2FF33A90	00000002	0x28	0x20
0907FFA0	1932A1A9	00000001	0x28	0x20
09080040	62F7EA55	C2C3B4DA	0x30	0x20
090800E0	A416466E	00000002	0x20	0x20
09080180	255B61AF	BB96607D	0x28	0x20
09080220	A897D5B5	BB96607D	0x28	0x20
090802C0	0A95092E	437A601A	0x80	0x20
09080360	A55D1C02	BB96607D	0x30	0x20
09080400	4CD60F82	CF7623E2	0x30	0x20
090804A0	214782C5	139720E3	0xA8	0x30
09080540	0121F324	BB96607D	0x30	0x20
090805E0	5347B3D9	BB96607D	0x28	0x20
09080680	519E57DE	437A601A	0xC0	0x20
09080720	604448A6	519E57DE	0xC8	0x20
090807C0	9ACB9E2F	519E57DE	0xC0	0x20
09080860	EEBD5AE4	519E57DE	0xD0	0x20
09080900	B4F4311E	437A601A	0x30	0x20
090809A0	09B26CBF	519E57DE	0x128	0x20
09080A40	63733B65	00000002	0x30	0x20
09080AE0	71127456	00000002	0x28	0x20
09080B80	8BFE6CBE	00000002	0x20	0x20
09080C20	1A839FFE	00000002	0x30	0x20
09080CC0	D58809E3	BB96607D	0x50	0x20
09080D60	E171E634	BB96607D	0x58	0x20
09080E00	A520D359	00000002	0x28	0x20
09080EA0	7A34AE8F	CF7623E2	0x50	0x20
09080F80	638048BB	AD6A937A	0x60	0x30
09081020	FF1B039B	00000002	0x38	0x30
090810C0	9373353D	AD6A937A	0x50	0x30
09081160	656FC2F6	00000001	0x20	0x30
09081200	A9954415	00000001	0xC	0x30
090812A0	E59B30D0	00000002	0xD0	0x20
09081340	392B1A7B	BB96607D	0x40	0x20
090813E0	05881B0B	392B1A7B	0x48	0x20
09081480	5561BA0F	392B1A7B	0x48	0x20
09081520	D9B37A0C	FA6F25A3	0x30	0x20
090815C0	A54A46B8	6437A0B7	0x78	0x20
09081660	F163CC90	FA6F25A3	0x20	0x20
09081700	93759328	FA6F25A3	0x30	0x20
090817A0	75491C9C	00000002	0x20	0x20
09081840	C5EE7BEC	00000002	0x70	0x20
090818E0	8D76C31F	00000002	0x10	0x20
09081980	463C6A6C	67502677	0x150	0x20
09081A20	9395BDCD	874D4FB2	0x58	0x20
09081AC0	534A59BD	33DDC65B	0x88	0x20
09081B60	8651304C	00000002	0x28	0x20
09082140	1A63DB70	6915F913	0x1B8	0x20
090821E0	9C5076BD	6915F913	0xB0	0x20
09082280	745B94B4	6915F913	0x50	0x20
09082320	1230CDD2	6915F913	0x50	0x20
090823C0	84CE3E1F	CB0F23F4	0x30	0x20
09082460	874D4FB2	6915F913	0x58	0x20
09082500	DC2C899F	49EABE01	0xF8	0x20
090825A0	F22E588C	2AA200DD	0xC8	0x20
09082640	D2316D28	BB96607D	0x98	0x20
09082AD0	C6E5319A	437A601A	0x88	0x20
09082B70	9C3271D8	C6E5319A	0xA8	0x20
09082C10	65594AE5	C6E5319A	0x90	0x20
09082D90	328718A8	9C3271D8	0xB8	0x20
09082E30	EF2BC10A	328718A8	0xC8	0x20
09082ED0	4CD967BE	328718A8	0xC8	0x20
09082F70	C0609514	9C3271D8	0xB8	0x20
09083010	649EBD02	C6E5319A	0x88	0x20
090830B0	F7E23B16	C6E5319A	0x98	0x20
09083150	DA0CFA6D	F7E23B16	0xA8	0x20
090831F0	71D3E83C	649EBD02	0x98	0x20
09083290	BC2446D0	649EBD02	0xA0	0x20
090833A0	C51FA68F	437A601A	0x30	0x20
090834B0	988C5F4B	00000002	0x20	0x20
09083550	69DD3CC4	BDE85A26	0x48	0x20
090836A0	BDE85A26	437A601A	0x40	0x20
090838D0	FAC5F001	00000002	0x18	0x20
09083DA0	3BCA112F	437A601A	0xA8	0x20
09083E40	A4DFF2F3	65594AE5	0x90	0x20
09083EE0	141F79BF	BB96607D	0x430	0x20
09084060	7D177C8D	00000001	0x18	0x20
090841B0	3C73B120	BB96607D	0x38	0x20
09084250	5225B548	CF7623E2	0x30	0x20
090842F0	139720E3	AD6A937A	0xA8	0x30
09084390	916775D8	00000002	0x28	0x30
090844A0	5B3784E8	916775D8	0x38	0x20
09084540	BDE47DC8	00000002	0x28	0x30
090845E0	C718E29E	BB96607D	0x60	0x20
09084680	AAF3F1C1	BDE85A26	0x48	0x20
09084720	3D1A3154	CF7623E2	0x48	0x20
090847C0	B9082564	CF7623E2	0x70	0x20
09084860	DB2C27F1	B0BA418B	0x140	0x20
09084900	63C4FFF6	B413D3DF	0x130	0x20
090849A0	5E001A4E	B883624A	0x2C0	0x20
09084A40	C1048A19	B883624A	0x2D0	0x20
09084AE0	5FC18ECD	B883624A	0x2B0	0x20
09084B80	6DAF750E	B413D3DF	0x140	0x20
09084C20	37999394	DAF73069	0x30	0x20
09084CC0	1C0D4F55	B413D3DF	0x148	0x20
09084D60	6A8F771A	509210F1	0x138	0x20
09084E00	509210F1	B413D3DF	0x138	0x20
09084EA0	9F1CF784	5FC18ECD	0x2B0	0x20
09085060	33DDC65B	6CEC3B52	0x80	0x20
09085100	6370C23C	C177D702	0x220	0x20
090851A0	6D6AB6EC	CF7623E2	0x30	0x20
090852F0	E81B1A61	A97369CA	0x110	0x20
09085390	B94C7BA2	8199F049	0xF8	0x20
09085430	B306C4DF	437A601A	0x20	0x20
090854D0	09B17985	437A601A	0x28	0x20
09085570	8909889A	CF7623E2	0x110	0x20
09085610	29ABAF92	BB96607D	0x30	0x20
090856B0	84D45270	29ABAF92	0x40	0x20
09085750	C39DD04F	00000002	0x20	0x20
090857F0	C768D871	C39DD04F	0x28	0x20
09085890	3DE0472D	437A601A	0x50	0x20
09085930	780B8F00	CF7623E2	0x30	0x20
090859D0	9FE10015	CF7623E2	0x38	0x20
09085A70	047A147A	00000001	0x18	0x20
09085B10	657CF9A0	00000001	0x14	0x20
09085BB0	B6B4036B	00000002	0x18	0x20
09085C50	AAA35F30	00000001	0x10	0x20
09085CF0	44BC910E	00000001	0x20	0x20
09085D90	8CA11226	CF7623E2	0x300	0x20
09085E30	F0451EA4	CF7623E2	0xC8	0x20
09085ED0	C94CAD76	00000002	0x40	0x20
09085F70	A80054F8	00000002	0x60	0x20
09086010	AB6D3FD3	CF7623E2	0x118	0x20
090860B0	A24BEA22	00000001	0x10	0x20
09086150	415819BF	00000001	0xC	0x20
090861F0	485B357A	00000002	0x18	0x20
09086290	098FBC00	CF7623E2	0x40	0x20
09086330	4E683286	00000001	0x10	0x20
090863D0	AD2FA840	00000001	0x20	0x20
09086470	EF27E538	00000001	0xC	0x20
09086510	7A07B77C	CF7623E2	0x90	0x20
090865B0	55FBB285	00000002	0x18	0x20
09086650	6FC6BEF9	00000002	0x30	0x20
090866F0	19ED490C	CF7623E2	0x78	0x20
09086790	8F127889	00000002	0x20	0x20
09086830	543A225C	BB96607D	0x18	0x20
090868D0	7E156C91	543A225C	0x20	0x20
09086970	D26B0E22	543A225C	0x20	0x20
09086A10	3C8AD583	543A225C	0x28	0x20
09086AB0	0FDDB97D	543A225C	0x20	0x20
09086B50	523B847F	00000002	0x20	0x20
09086BF0	5AEB5C9B	543A225C	0x20	0x20
09086C90	39BC51E9	543A225C	0x20	0x20
09086D30	1A38D0AB	39BC51E9	0x20	0x20
09086DD0	2750D511	39BC51E9	0x20	0x20
09086E70	68FB85B1	39BC51E9	0x20	0x20
09086F10	2AAC7D01	00000002	0x18	0x20
09086FB0	45F16BBC	BB96607D	0x38	0x20
09087050	986E84F8	00000002	0x18	0x20
090870F0	86F61C4A	BB96607D	0x38	0x20
09087190	C3F9CEFA	543A225C	0x28	0x20
09087230	A9DA48C7	543A225C	0x58	0x20
090872D0	4CB1B01C	543A225C	0x28	0x20
09087370	8B6BFA17	543A225C	0x28	0x20
09087410	7C29F3E6	CF7623E2	0x1C0	0x20
090874B0	088BA7BD	CF7623E2	0x40	0x20
09087550	A9AB0C3C	00000002	0x20	0x20
090875F0	2C8F57F0	CF7623E2	0x128	0x20
09087690	99C7A5E3	00000002	0x18	0x20
09087730	7C5FCB52	00000002	0x18	0x20
090877D0	E68902DE	00000002	0x18	0x20
09087870	920D62EB	CF7623E2	0x30	0x20
09087910	27761F18	00000002	0x28	0x20
090879B0	C0851336	00000002	0x20	0x20
09087A50	85F484C7	437A601A	0x38	0x20
09087AF0	285378D7	00000002	0x40	0x20
09087B90	E70C26B1	CF7623E2	0x30	0x20
09087C30	00ACF8ED	BB96607D	0x40	0x20
09087CD0	4872CED9	437A601A	0x38	0x20
09087D70	AF4FDC23	CF7623E2	0x38	0x20
09087E10	53F5F7CD	C2C3B4DA	0xB8	0x20
09087EB0	B2C9A57E	00000002	0x38	0x20
09087F50	349985CA	CF7623E2	0x30	0x20
09087FF0	42311E6D	CF7623E2	0x30	0x20
09088090	B5EEC0E3	00000002	0x38	0x20
09088130	C26C111E	00000001	0x10	0x20
090881D0	DCE287FD	00000001	0x14	0x20
09088270	D8DEA32D	00000001	0x10	0x20
09088310	FE8884F1	CF7623E2	0x38	0x20
090883B0	DE3936AA	CF7623E2	0x30	0x20
09088450	E20FDB21	00000001	0x28	0x20
090884F0	42CD0CA8	00000001	0x18	0x20
09088590	D534E956	CF7623E2	0x28	0x20
09088630	AC40819C	CF7623E2	0x28	0x20
090887B0	E3217EA1	BB96607D	0x38	0x20
09088B60	C681374F	BB96607D	0x70	0x20
09088C00	2157FD09	CF7623E2	0x108	0x20
09088DC0	22D18812	00000002	0x40	0x20
09088E60	5CB7FAF4	00000002	0x40	0x20
09088F00	7A14498E	CF7623E2	0x30	0x20
09088FA0	B2889181	B306C4DF	0x90	0x20
09089160	B37D00CC	CF7623E2	0x48	0x20
09089200	2D595FA9	B2889181	0xA8	0x20
090892A0	3CC60CCB	53F5F7CD	0xD0	0x20
09089340	50A79FE1	74FA63ED	0xE0	0x20
090893E0	809AEFE5	437A601A	0x1E8	0x20
09089480	E3BE583C	00000002	0x68	0x20
09089600	F6771A52	00000002	0x28	0x20
09089910	33F65190	00000002	0x70	0x20
090899B0	2AA3E038	33F65190	0x78	0x20
09089A50	5EB8C034	00000002	0x20	0x20
09089B60	E4D54809	00000002	0x20	0x20
0908A450	8D442F16	437A601A	0xE8	0x20
0908A4F0	27995ED3	8199F049	0xF8	0x20
0908A590	0B65D720	8199F049	0xF8	0x20
0908A630	B56A1882	8199F049	0xF8	0x20
0908A6D0	B40B0509	8D442F16	0xF8	0x20
0908A770	1EB37BB5	B40B0509	0x110	0x20
0908A810	8199F049	8D442F16	0xF0	0x20
0908A8B0	17D01226	8199F049	0x108	0x20
0908A950	7A191718	8199F049	0x100	0x20
0908A9F0	0C823733	CF7623E2	0x40	0x28
0908AA90	6C27086E	00000002	0x20	0x20
0908AB30	8E0EC209	00000002	0x60	0x20
0908ABD0	C33F373E	00000001	0x18	0x20
0908AC70	F074C0C7	437A601A	0x80	0x20
0908AD10	BFAC8FBD	CF7623E2	0x70	0x20
0908ADB0	667016AC	CF7623E2	0x40	0x20
0908AE50	2DE7047C	09B17985	0x40	0x20
0908AF60	25CCEF5C	09B17985	0x50	0x20
0908B0E0	33FCAB9F	09B17985	0x60	0x20
0908B1F0	C53D6EC1	09B17985	0x38	0x20
0908B290	861A485C	CF7623E2	0x60	0x20
0908B330	06D49AC2	00000002	0x30	0x20
0908B3D0	CCAC41B6	00000002	0x50	0x20
0908B470	8DEB4416	3666191D	0x78	0x20
0908B510	13CD1604	53F5F7CD	0x100	0x20
0908B5B0	50E18FAF	CF7623E2	0x90	0x20
0908B650	E817E2B9	00000001	0x8	0x20
0908B6F0	2E6F9467	53F5F7CD	0xC8	0x20
0908B790	B161808E	CF7623E2	0x80	0x20
0908B830	34D76B2F	FE135918	0x30	0x20
0908B8D0	50979A5C	BB96607D	0xB0	0x20
0908B970	9796F588	FA6F25A3	0x28	0x20
0908BA10	DB01E495	BB96607D	0x120	0x20
0908BAB0	41E5A883	E2A7BF2E	0x48	0x20
0908BB50	54AB975B	FA6F25A3	0x28	0x20
0908BBF0	60662C2D	FA6F25A3	0x28	0x20
0908BC90	08D7B6C2	FA6F25A3	0x28	0x20
0908BD30	9826B942	FA6F25A3	0x28	0x20
0908BDD0	88F85A83	FA6F25A3	0x28	0x20
0908BE70	F7B4445D	FA6F25A3	0x28	0x20
0908BF10	F69DF5D3	FA6F25A3	0x28	0x20
0908BFB0	C5C6AC86	FA6F25A3	0x40	0x20
0908C050	5AED4167	BB96607D	0x40	0x20
0908C0F0	AA6A09D8	5AED4167	0x90	0x20
0908C190	A713DF45	5AED4167	0x60	0x20
0908C230	2ADC9A10	A713DF45	0x90	0x20
0908C2D0	AAE903CB	5AED4167	0x60	0x20
0908C370	1A214080	FA6F25A3	0x30	0x20
0908C410	B60C9467	FA6F25A3	0x38	0x20
0908C4B0	0A8B6272	FA6F25A3	0x38	0x20
0908C600	96B60CDB	00000001	0x18	0x20
0908C7F0	2E4B80D7	BB96607D	0x50	0x20
0908C890	E19F62DA	00000002	0x40	0x20
0908C930	7C2EF0B5	E19F62DA	0x50	0x20
0908C9D0	EAC61C47	00000002	0x40	0x20
0908CA70	5EC51B6E	00000002	0xB0	0x20
0908CD10	4E2C7637	BB96607D	0xA0	0x20
0908D0C0	A95AD026	BB96607D	0x80	0x20
0908D440	A3FD4672	C2C3B4DA	0x80	0x20
0908D4E0	7CAB9631	874D4FB2	0x58	0x20
0908D580	A917F563	BB96607D	0x110	0x20
0908D620	BF3210AC	FA6F25A3	0x30	0x20
0908D6C0	E63FD733	FA6F25A3	0x28	0x20
0908D760	8EC38D18	FA6F25A3	0x28	0x20
0908D800	DC2CECFA	FA6F25A3	0x20	0x20
0908D8A0	1126B390	FA6F25A3	0x38	0x20
0908D940	8A3389B7	FA6F25A3	0x30	0x20
0908D9E0	11171FE2	ADF1D5E6	0x260	0x20
0908DA80	6D90D106	FA6F25A3	0x30	0x20
0908DB20	62565918	94F4AC6D	0x190	0x20
0908DBC0	4015CEE3	94F4AC6D	0x188	0x20
0908DC60	AB35BC7E	94F4AC6D	0x190	0x20
0908DD00	18A8D55F	94F4AC6D	0x190	0x20
0908DDA0	C937CF55	94F4AC6D	0x190	0x20
0908DE40	0AA4E7AB	94F4AC6D	0x190	0x20
0908DEE0	FF9C6F67	94F4AC6D	0x1C0	0x20
0908DF80	6827B920	94F4AC6D	0x190	0x20
0908E020	000C3BE0	94F4AC6D	0x1C0	0x20
0908E0C0	D84E2157	94F4AC6D	0x1C8	0x20
0908E160	78C72D62	94F4AC6D	0x190	0x20
0908E200	624999D0	94F4AC6D	0x190	0x20
0908E2A0	17CA1AB2	94F4AC6D	0x190	0x20
0908E340	795518B4	94F4AC6D	0x190	0x20
0908E3E0	B384DCBA	94F4AC6D	0x198	0x20
0908E480	9C047012	94F4AC6D	0x190	0x20
0908E520	6A3879BB	94F4AC6D	0x190	0x20
0908E5C0	A1BB0D69	94F4AC6D	0x188	0x20
0908E660	8C56CA40	94F4AC6D	0x190	0x20
0908E700	6B0180D5	94F4AC6D	0x188	0x20
0908E7A0	124340A9	94F4AC6D	0x190	0x20
0908E840	65CE48EC	94F4AC6D	0x190	0x20
0908E8E0	025369E2	94F4AC6D	0x190	0x20
0908E980	0A3AA30A	94F4AC6D	0x190	0x20
0908EA20	05A1E362	94F4AC6D	0x1F0	0x20
0908EAC0	116D3D67	94F4AC6D	0x190	0x20
0908EB60	D6197F20	94F4AC6D	0x190	0x20
0908EC00	1017F5B7	94F4AC6D	0x190	0x20
0908ECA0	EE16B92D	94F4AC6D	0x190	0x20
0908ED40	80869070	94F4AC6D	0x190	0x20
0908EDE0	F6A1ED5D	80869070	0x190	0x20
0908EE80	02C39250	80869070	0x190	0x20
0908EF20	59DF7D2E	80869070	0x190	0x20
0908EFC0	4F96CED2	80869070	0x190	0x20
0908F060	72B1E1DB	91F423F0	0x1C0	0x20
0908F100	6F355E86	94F4AC6D	0x188	0x20
0908F1A0	3A127C22	91F423F0	0x1C0	0x20
0908F240	D55284F6	91F423F0	0x1C0	0x20
0908F2E0	D1FA09C5	94F4AC6D	0x188	0x20
0908F380	6F2E3B3F	72F9EB76	0x190	0x20
0908F420	90B3777B	94F4AC6D	0x190	0x20
0908F4C0	632CF46D	72F9EB76	0x190	0x20
0908F560	4BF3CA3B	94F4AC6D	0x188	0x20
0908F600	0ABD5AA0	94F4AC6D	0x188	0x20
0908F6A0	92B233B5	94F4AC6D	0x188	0x20
0908F740	330F214B	90B3777B	0x1C0	0x20
0908F7E0	E9B42832	91F423F0	0x1C8	0x20
0908F880	5B5E40AD	94F4AC6D	0x188	0x20
0908F920	1DF1D335	94F4AC6D	0x188	0x20
0908F9C0	A2E4D61D	72F9EB76	0x190	0x20
0908FA60	CAEB0528	94F4AC6D	0x188	0x20
0908FB00	6246631D	94F4AC6D	0x190	0x20
0908FBA0	50AFAFB4	6246631D	0x190	0x20
0908FC40	6BD2EAE1	6246631D	0x190	0x20
0908FCE0	DBFB7684	94F4AC6D	0x198	0x20
0908FD80	0F07E716	94F4AC6D	0x190	0x20
0908FE20	B9B77F0B	94F4AC6D	0x1C0	0x20
0908FEC0	91E1750C	94F4AC6D	0x1B8	0x20
0908FF60	0A6D1473	94F4AC6D	0x1E0	0x20
09090000	18F61F51	94F4AC6D	0x190	0x20
090900A0	0465F912	94F4AC6D	0x1C0	0x20
09090140	9227AD1B	94F4AC6D	0x1B8	0x20
090901E0	98089827	94F4AC6D	0x188	0x20
09090280	0C5F2DA1	94F4AC6D	0x190	0x20
09090320	6C72C337	94F4AC6D	0x1C8	0x20
090903C0	5E33D996	94F4AC6D	0x190	0x20
09090460	B6EE92A3	94F4AC6D	0x188	0x20
09090500	C7B84EDD	94F4AC6D	0x1C0	0x20
090905A0	300EFAD2	94F4AC6D	0x190	0x20
09090640	6E80B06B	94F4AC6D	0x198	0x20
090906E0	B850F2AC	94F4AC6D	0x190	0x20
09090780	F0770B8D	94F4AC6D	0x1C8	0x20
09090820	2D8A926E	FA6F25A3	0x40	0x20
090908C0	8583D4D0	FA6F25A3	0x90	0x20
09090960	DC55A4BA	FA6F25A3	0x90	0x20
09090A00	AD42DA56	FA6F25A3	0x38	0x20
09090AA0	101BE181	FA6F25A3	0x70	0x20
09090B40	572043B3	FA6F25A3	0x38	0x20
09090BE0	19CE26E9	FA6F25A3	0x28	0x20
09090C80	CC35347A	FA6F25A3	0x20	0x20
09090D20	41C0FD67	FA6F25A3	0x38	0x20
09090DC0	9D79C0CB	FA6F25A3	0x28	0x20
09090E60	58E851DE	FA6F25A3	0x20	0x20
09090F00	6ABC62E8	FA6F25A3	0x20	0x20
09090FA0	B0E03BD2	FA6F25A3	0x28	0x20
09091040	806BC48A	FA6F25A3	0x30	0x20
090910E0	0308BEAF	FA6F25A3	0x30	0x20
09091180	23186C6E	00000002	0x20	0x20
09091220	FDA0A96A	00000002	0x28	0x20
090912C0	2A16D71C	FDA0A96A	0x30	0x20
09091360	80EEFE82	FA6F25A3	0x30	0x20
09091400	598E0CF5	FA6F25A3	0x38	0x20
090914A0	B5A973BF	FA6F25A3	0x30	0x20
09091540	462FE477	FA6F25A3	0x30	0x20
090915E0	D94FD6B1	FA6F25A3	0x30	0x20
09091680	305CA42B	FA6F25A3	0x20	0x20
09091720	87D88E4C	305CA42B	0x50	0x20
090917C0	7B240215	305CA42B	0x50	0x20
09091860	2968DE88	305CA42B	0x20	0x20
09091900	4A51407F	87D88E4C	0x50	0x20
090919A0	3C489DF2	305CA42B	0x20	0x20
09091A40	0E425A08	87D88E4C	0x50	0x20
09091AE0	65B0A8AF	305CA42B	0x20	0x20
09091B80	602BDDF1	305CA42B	0x20	0x20
09091C20	45FC0F29	87D88E4C	0x50	0x20
09091CC0	9FBE6AD3	7B240215	0x50	0x20
09091D60	6D0C2C4D	7B240215	0x50	0x20
09091E00	B4152AC4	87D88E4C	0x50	0x20
09091EA0	B0BBBA5A	305CA42B	0x20	0x20
09091F40	0E667E98	305CA42B	0x20	0x20
09091FE0	6EE23A38	305CA42B	0x20	0x20
09092080	D8FA4708	7B240215	0x58	0x20
09092120	A634B8FB	FA6F25A3	0x40	0x20
090921C0	AB9647C3	FA6F25A3	0x40	0x20
09092260	BFA91E68	FA6F25A3	0x50	0x20
09092300	DC6F781F	FA6F25A3	0x20	0x20
090923A0	9CE0027A	00000001	0x18	0x20
09092440	4BC2EFAA	3BFA8CA4	0xF0	0x20
090924E0	96CDDBE4	BB96607D	0x30	0x20
09092580	A429838A	00000001	0x48	0x20
090932D0	4D07E778	DD4B9F35	0xD8	0x20
09093370	5B597235	BB96607D	0x20	0x20
09093410	0F0F08BE	BB96607D	0x28	0x20
090934B0	D05F06C0	FA6F25A3	0x30	0x20
09093550	EC9F7AD5	2AA200DD	0x98	0x20
090935F0	7384D751	FA6F25A3	0x28	0x20
09093690	BAF7C5BE	00000002	0x10	0x20
09093730	EB7EF6E3	FA6F25A3	0x20	0x20
090937D0	77F963FB	FA6F25A3	0x28	0x20
09093870	0664F7CF	FA6F25A3	0x70	0x20
09093910	DBA6D7B2	FA6F25A3	0x70	0x20
090939B0	E215BE0A	FA6F25A3	0x20	0x20
09093A50	A89F1382	FA6F25A3	0x28	0x20
09093AF0	3188BAE6	2AA200DD	0xA0	0x20
09093B90	3AE91114	BB96607D	0x138	0x20
09093C30	04E9DC5C	BB96607D	0xD8	0x20
09093CD0	7101B7A8	FA6F25A3	0x30	0x20
09093D70	29411B6C	FA6F25A3	0x28	0x20
09093E10	025CA7E5	FA6F25A3	0x20	0x20
09093EB0	E3A980DC	C2C3B4DA	0x28	0x20
09093F50	152E8F11	0490D0DF	0x4E8	0x20
09093FF0	864FE7C3	00000001	0x10	0x20
09094090	D1CFD66D	BB96607D	0x58	0x20
09094130	07C493FF	00000001	0x10	0x30
090941D0	F8753BCC	BB96607D	0x158	0x20
09094270	284F5EFC	C62E24DD	0x170	0x20
09094310	F8489326	FA6F25A3	0x20	0x20
090943B0	433E4BED	FA6F25A3	0x28	0x20
09094450	0F26A959	FA6F25A3	0x40	0x20
090944F0	E8DA4148	FA6F25A3	0x40	0x20
09094590	09C66CFD	FA6F25A3	0x80	0x20
09094630	1B78C7F4	FA6F25A3	0x28	0x20
090946D0	5AA39DE9	FA6F25A3	0x50	0x20
09094770	91B7B566	FA6F25A3	0x40	0x20
09094810	062E900D	FA6F25A3	0x50	0x20
090948B0	7CB7FDC2	FA6F25A3	0x38	0x20
09094950	724AF2FE	FA6F25A3	0x30	0x20
090949F0	F457C017	FA6F25A3	0x58	0x20
09094A90	5769938F	FA6F25A3	0x28	0x20
09094B30	48FA833F	00000001	0x18	0x20
09094BD0	4F793834	AD6A937A	0x50	0x30
09094C70	C4AB4AEA	00000001	0x10	0x30
09094D10	2EA93400	E0F7167C	0x380	0x20
09094DB0	33A0703D	00000002	0x30	0x20
09094E50	ABB53698	00000002	0x28	0x20
09094EF0	43AC00B8	E0F7167C	0x360	0x20
09094F90	0F737A2B	FA6F25A3	0x30	0x20
09095030	908A5904	FA6F25A3	0x40	0x20
090950D0	2BE66D28	FA6F25A3	0x30	0x20
09095170	1472A85F	FA6F25A3	0x30	0x20
09095280	AFC59748	A97369CA	0xC0	0x20
09095320	0FAB1A0A	E81B1A61	0x120	0x20
09095470	17E466EC	E81B1A61	0x140	0x20
09095510	C7B108A8	E81B1A61	0x110	0x20
090955B0	1711DDEA	E81B1A61	0x120	0x20
09095650	B07C2EAE	FA6F25A3	0x20	0x20
090956F0	6B871228	00000002	0x48	0x20
09095790	4949E87B	00000002	0x58	0x20
09095830	19C79300	00000002	0x60	0x20
090958D0	9B13FE37	AD6A937A	0x50	0x30
09095970	EEEAD8FE	FA6F25A3	0x28	0x20
09095A10	5889DDE3	FA6F25A3	0x30	0x20
09095AB0	9BA48814	FA6F25A3	0x40	0x20
09095B50	B4493A17	FA6F25A3	0x30	0x20
09095BF0	617BB9F7	FA6F25A3	0x28	0x20
09095C90	B9D95D51	FA6F25A3	0x20	0x20
09095D30	D775B247	FA6F25A3	0x28	0x20
09095DD0	67CFFC37	FA6F25A3	0x30	0x20
09095E70	CC7D4C38	FA6F25A3	0x28	0x20
09095F10	865B30F7	FA6F25A3	0x30	0x20
09095FB0	33FAF39F	FA6F25A3	0x20	0x20
09096050	26BF7176	FA6F25A3	0x28	0x20
090960F0	A449483A	FA6F25A3	0x30	0x20
09096190	E145F2AB	00000002	0x40	0x20
09096230	A6539414	00000002	0xA0	0x20
090962D0	A96B88A0	FA6F25A3	0x28	0x20
09096370	A521BF47	FA6F25A3	0x28	0x20
09096410	9146A02E	FA6F25A3	0x20	0x20
090964B0	6FDCEFE2	FA6F25A3	0x30	0x20
09096550	BA263A96	FA6F25A3	0x30	0x20
090965F0	3F399943	FA6F25A3	0x30	0x20
09096690	1E727651	FA6F25A3	0x28	0x20
09096730	735FD066	FA6F25A3	0x30	0x20
090967D0	FE6649B3	FA6F25A3	0x40	0x20
09096870	17CB864A	FA6F25A3	0x20	0x20
09096910	514A4B6F	FA6F25A3	0x20	0x20
090969B0	10A971F2	FA6F25A3	0x20	0x20
09096A50	929ACFEA	FA6F25A3	0x30	0x20
09096AF0	C2D9B52D	FA6F25A3	0x30	0x20
09096B90	348F6B45	FA6F25A3	0x50	0x20
09096C30	CDF4B836	FA6F25A3	0x38	0x20
09096CD0	D9129CCF	FA6F25A3	0x30	0x20
09096D70	3B190D84	FA6F25A3	0x30	0x20
09096E10	403B79EB	FA6F25A3	0x30	0x20
09096EB0	E24ED4FF	FA6F25A3	0x20	0x20
09096F50	89F9B11C	FA6F25A3	0x28	0x20
09096FF0	977A736F	FA6F25A3	0x30	0x20
09097090	B474009F	FA6F25A3	0x28	0x20
09097130	6B74FD06	FA6F25A3	0x30	0x20
090971D0	DEC3E421	FA6F25A3	0x20	0x20
09097270	B86D5E3C	FA6F25A3	0x20	0x20
09097310	8CB5BA0E	FA6F25A3	0x20	0x20
090973B0	2F9153E1	FA6F25A3	0x20	0x20
09097450	E84D825F	FA6F25A3	0x20	0x20
090974F0	0515FE31	FA6F25A3	0x28	0x20
09097590	48F6A922	FA6F25A3	0x28	0x20
09097630	4B2A43E3	FA6F25A3	0x28	0x20
090976D0	6117F05D	FA6F25A3	0x28	0x20
09097770	019051E0	FA6F25A3	0x20	0x20
09097810	8C6026F7	FA6F25A3	0x20	0x20
090978B0	66485FEF	FA6F25A3	0x20	0x20
09097950	511DEB9B	FA6F25A3	0x30	0x20
090979F0	5F7637B0	FA6F25A3	0x28	0x20
09097A90	6A1548C9	FA6F25A3	0x28	0x20
09097B30	FC4266C5	FA6F25A3	0x28	0x20
09097BD0	2E963353	FA6F25A3	0x20	0x20
09097C70	274530D3	FA6F25A3	0x60	0x20
09097D10	D94612C9	FA6F25A3	0x30	0x20
09097DB0	A1C49DCD	FA6F25A3	0x40	0x20
09097E50	FDAB7F91	4FA57627	0xF0	0x20
09097EF0	3E5EA23F	0FD4E3B5	0xE8	0x20
09097F90	0FD4E3B5	4FA57627	0xE8	0x20
09098030	B2C8AEC6	C391C66C	0x68	0x20
090980D0	AABE5241	FA6F25A3	0x40	0x20
09098170	B967AA5D	0FD4E3B5	0xF0	0x20
09098210	1D785EB2	FA6F25A3	0x40	0x20
090982B0	B825127E	FA6F25A3	0x38	0x20
09098350	7295DA68	00000002	0x28	0x20
090983F0	88E22453	4FA57627	0x100	0x20
09098490	52785F48	FA6F25A3	0x30	0x20
09098530	D575F9B8	FA6F25A3	0x20	0x20
090985D0	BA77BF3A	FA6F25A3	0x20	0x20
09098670	C6B0E63D	FA6F25A3	0x28	0x20
09098710	2CDA9F95	FA6F25A3	0x38	0x20
090987B0	E1E270BC	FA6F25A3	0x28	0x20
09098850	B2A2360F	FA6F25A3	0x28	0x20
090988F0	4479013A	FA6F25A3	0x28	0x20
09098990	917A0DA6	FA6F25A3	0x40	0x20
09098A30	17D28A3A	FA6F25A3	0x30	0x20
09098AD0	CD655149	FA6F25A3	0x28	0x20
09098B70	301CBDE7	4FA57627	0x30	0x20
09098C10	EB9C7A8D	FA6F25A3	0x30	0x20
09098CB0	A374C3CD	FA6F25A3	0x20	0x20
09098D50	C00DC517	FA6F25A3	0x30	0x20
09098DF0	BB223289	FA6F25A3	0x28	0x20
09098E90	C3407EB0	FA6F25A3	0x30	0x20
09098F30	B07F2DAE	FA6F25A3	0x28	0x20
09098FD0	80889891	FA6F25A3	0x28	0x20
09099070	157DFB28	FA6F25A3	0x28	0x20
09099110	A96BE021	FA6F25A3	0x28	0x20
090991B0	CDACD627	CF7623E2	0x30	0x20
09099250	5408F99A	00000001	0x8	0x20
090992F0	682EDA5D	FA6F25A3	0x20	0x20
09099390	0D2F28DE	FA6F25A3	0x20	0x20
09099430	D45F8FBC	FA6F25A3	0x20	0x20
090994D0	8E113B6D	FA6F25A3	0x40	0x20
09099570	72234538	FA6F25A3	0x30	0x20
09099610	A7492EF6	FA6F25A3	0x30	0x20
090996B0	184B2021	FA6F25A3	0x38	0x20
09099750	BF42EE0B	FA6F25A3	0x28	0x20
090997F0	FE3B4CD6	FA6F25A3	0x28	0x20
09099890	8D7CC6B6	FA6F25A3	0x20	0x20
09099930	B6DFE41F	FA6F25A3	0x28	0x20
090999D0	53B40FF0	FA6F25A3	0x50	0x20
09099A70	B564F0A2	FA6F25A3	0x28	0x20
09099B10	850A526E	FA6F25A3	0x50	0x20
09099BB0	5CCB4FF2	FA6F25A3	0x58	0x20
09099C50	1A66E09C	FA6F25A3	0x20	0x20
09099CF0	1F15A796	FA6F25A3	0x38	0x20
09099D90	56308979	FA6F25A3	0x40	0x20
09099E30	A76D94FD	FA6F25A3	0x30	0x20
09099ED0	3ECBEED1	FA6F25A3	0x38	0x20
09099F70	46C3CFF9	FA6F25A3	0x20	0x20
0909A010	3CE552DD	FA6F25A3	0x40	0x20
0909A0B0	B1DFC844	FA6F25A3	0x20	0x20
0909A150	E0FBE46F	FA6F25A3	0x28	0x20
0909A1F0	1A4B8B30	FA6F25A3	0x30	0x20
0909A290	BA737B7F	FA6F25A3	0x30	0x20
0909A330	40B1CCF2	FA6F25A3	0x30	0x20
0909A3D0	1F527642	FA6F25A3	0x40	0x20
0909A470	404238ED	FA6F25A3	0x30	0x20
0909A510	2C46D545	FA6F25A3	0x30	0x20
0909A5B0	3011207B	FA6F25A3	0x28	0x20
0909A650	15F642D0	FA6F25A3	0x28	0x20
0909A6F0	C0D2B17C	FA6F25A3	0x28	0x20
0909A790	60074776	FA6F25A3	0x30	0x20
0909A830	62132902	FA6F25A3	0x30	0x20
0909A8D0	C683B0E3	FA6F25A3	0x28	0x20
0909A970	C4A1D7CA	CF7623E2	0x28	0x20
0909AA10	67502677	2AA200DD	0x120	0x20
0909AAB0	46BD7FBD	FA6F25A3	0x28	0x20
0909AB50	F9E052F3	FA6F25A3	0x30	0x20
0909ABF0	218B13DA	FA6F25A3	0x28	0x20
0909AC90	10C517EB	67502677	0x1A0	0x20
0909AD30	39E11DB3	FA6F25A3	0x28	0x20
090A7110	9AB55ADA	FA6F25A3	0x28	0x20
090A71B0	42815A19	9AB55ADA	0xE0	0x20
090A7250	5F7624CC	9AB55ADA	0xD0	0x20
090A72F0	9A217669	9AB55ADA	0x88	0x20
090A7390	52939AC8	9AB55ADA	0x140	0x20
090A7430	066C694D	9AB55ADA	0xC8	0x20
090A74D0	54D17D3D	9AB55ADA	0x60	0x20
090A7570	39F223F6	9AB55ADA	0x38	0x20
090A7610	70FD187C	9AB55ADA	0x80	0x20
090A76B0	127FE152	9AB55ADA	0x48	0x20
090A7750	FBA15E59	9AB55ADA	0x50	0x20
090A77F0	F552F48E	9AB55ADA	0x88	0x20
090A7890	A8C9BA41	9AB55ADA	0x38	0x20
090A7930	5F1EB3F2	9AB55ADA	0x70	0x20
090A79D0	777CA91F	9AB55ADA	0x70	0x20
090A7A70	8E50AFCA	9AB55ADA	0x48	0x20
090A7B10	06E29260	9AB55ADA	0x98	0x20
090A7BB0	38932EA0	9AB55ADA	0x38	0x20
090A7C50	68FB2573	9AB55ADA	0x38	0x20
090A7CF0	4A22DA37	9AB55ADA	0x40	0x20
090A7D90	64785C8F	9AB55ADA	0x50	0x20
090A7E30	386DF028	9AB55ADA	0x58	0x20
090A7ED0	D986BD47	9AB55ADA	0x40	0x20
090A7F70	0C7852FC	9AB55ADA	0x50	0x20
090A8010	A2FD952E	9AB55ADA	0x38	0x20
090A80B0	8764D9E8	9AB55ADA	0x60	0x20
090A8150	00CE6B74	9AB55ADA	0x38	0x20
090A81F0	77410BCB	9AB55ADA	0x48	0x20
090A8290	9B958D54	9AB55ADA	0x48	0x20
090A8330	978309D4	9AB55ADA	0x40	0x20
090A83D0	F3288651	9AB55ADA	0x88	0x20
090A8470	F91497D0	9AB55ADA	0x38	0x20
090A8510	FD4348F7	9AB55ADA	0x90	0x20
090A85B0	8E5532DE	9AB55ADA	0x78	0x20
090A8650	91756B63	9AB55ADA	0x58	0x20
090A86F0	EE8BD197	9AB55ADA	0x70	0x20
090A8790	4C9F74A6	9AB55ADA	0x48	0x20
090A8830	9AD0A9C4	9AB55ADA	0x38	0x20
090A88D0	28A970F9	9AB55ADA	0x78	0x20
090A8970	30AB274E	9AB55ADA	0x68	0x20
090A8A10	E7989674	9AB55ADA	0xB0	0x20
090A8AB0	848197FB	9AB55ADA	0x40	0x20
090A8B50	25A2D395	9AB55ADA	0x60	0x20
090A8BF0	B8478CA0	9AB55ADA	0x50	0x20
090A8C90	7F5F7F55	9AB55ADA	0xC8	0x20
090A8D30	AFB9BF80	9AB55ADA	0x68	0x20
090A8DD0	510198CF	9AB55ADA	0x48	0x20
090A8E70	86F12A62	9AB55ADA	0x68	0x20
090A8F10	4AD0C029	9AB55ADA	0x70	0x20
090A8FB0	7748F580	9AB55ADA	0x138	0x20
090A9050	796E4F58	9AB55ADA	0x100	0x20
090A90F0	155C9566	9AB55ADA	0x110	0x20
090A9190	B5D55BD6	9AB55ADA	0x70	0x20
090A9230	3960F38E	9AB55ADA	0x68	0x20
090A92D0	33259277	9AB55ADA	0x50	0x20
090A9370	2A7F1679	9AB55ADA	0x48	0x20
090A9410	ECCF6420	9AB55ADA	0x58	0x20
090A94B0	A8233B7F	9AB55ADA	0x50	0x20
090A9550	C383A29A	9AB55ADA	0x50	0x20
090A95F0	223E9564	9AB55ADA	0x40	0x20
090A9690	D2004DF6	9AB55ADA	0x48	0x20
090A9730	E758B016	9AB55ADA	0x78	0x20
090A97D0	2A3743EC	9AB55ADA	0x48	0x20
090A9870	066377E7	9AB55ADA	0x48	0x20
090A9910	9BE5364C	9AB55ADA	0x58	0x20
090A99B0	9AA72090	9AB55ADA	0x70	0x20
090A9A50	BEE1B686	9AB55ADA	0x98	0x20
090A9AF0	68B4216F	9AB55ADA	0x58	0x20
090A9B90	EAE47DB6	9AB55ADA	0x40	0x20
090A9C30	EB129C9D	9AB55ADA	0x58	0x20
090A9CD0	C6D47D5A	9AB55ADA	0x48	0x20
090A9D70	32EC9690	9AB55ADA	0x60	0x20
090A9E10	18120ECD	9AB55ADA	0x60	0x20
090A9EB0	3A5AB730	9AB55ADA	0x220	0x20
090A9F50	8B26DA3A	9AB55ADA	0x58	0x20
090A9FF0	43733D10	9AB55ADA	0x68	0x20
090AA090	CCACE4A3	9AB55ADA	0x40	0x20
090AA130	6CBF8638	9AB55ADA	0xE0	0x20
090AA1D0	9914AB7C	9AB55ADA	0x120	0x20
090AA270	714E97E6	9AB55ADA	0x160	0x20
090AA310	C8FEFF33	9AB55ADA	0x138	0x20
090AA3B0	4CFA52EE	9AB55ADA	0x60	0x20
090AA450	A995BEB8	9AB55ADA	0x58	0x20
090AA4F0	45A4BA09	9AB55ADA	0x68	0x20
090AA590	2825C1C1	9AB55ADA	0x58	0x20
090AA630	1DADF9AD	9AB55ADA	0x40	0x20
090AA6D0	435A9BCB	9AB55ADA	0x40	0x20
090AA770	53AC36D2	9AB55ADA	0xC8	0x20
090AA810	8F10274F	9AB55ADA	0x48	0x20
090AA8B0	8E326958	9AB55ADA	0x70	0x20
090AA950	AACEBD8A	9AB55ADA	0x78	0x20
090AA9F0	DD58CFB4	9AB55ADA	0x88	0x20
090AAA90	3DF481A4	9AB55ADA	0x78	0x20
090AAB30	AF4D7276	9AB55ADA	0x78	0x20
090AABD0	02B64CF8	9AB55ADA	0x80	0x20
090AAC70	678390B1	9AB55ADA	0xC0	0x20
090AAD10	C0AB2159	9AB55ADA	0x38	0x20
090AADB0	7311B317	9AB55ADA	0xB8	0x20
090AAE50	A5F8470C	9AB55ADA	0x48	0x20
090AAEF0	687AABA2	9AB55ADA	0xB0	0x20
090AAF90	CBAC0B37	9AB55ADA	0x98	0x20
090AB030	2DD5FDC1	9AB55ADA	0x38	0x20
090AB0D0	388BCD0D	9AB55ADA	0x58	0x20
090AB170	1E27B4F7	9AB55ADA	0x50	0x20
090AB210	2EE96DBE	9AB55ADA	0x50	0x20
090AB2B0	297EA215	9AB55ADA	0x60	0x20
090AB350	8024B20D	9AB55ADA	0x48	0x20
090AB3F0	2D619770	9AB55ADA	0x48	0x20
090AB490	2709DCA3	9AB55ADA	0x78	0x20
090AB530	10330632	9AB55ADA	0x88	0x20
090AB5D0	0FACD2BB	9AB55ADA	0x60	0x20
090AB670	56EF9A65	9AB55ADA	0x58	0x20
090AB710	FEA7D56F	9AB55ADA	0x68	0x20
090AB7B0	D44DB9BB	9AB55ADA	0x48	0x20
090AB850	D76AB9DB	9AB55ADA	0x60	0x20
090AB8F0	FA3E88A1	9AB55ADA	0x88	0x20
090AB990	9F06E0C9	9AB55ADA	0x140	0x20
090ABA30	F9619233	9AB55ADA	0x50	0x20
090ABAD0	FBD3F5FA	9AB55ADA	0x68	0x20
090ABB70	6B0DCEBA	9AB55ADA	0xF0	0x20
090ABC10	8B99D5EB	9AB55ADA	0x50	0x20
090ABCB0	4BD950BF	9AB55ADA	0x40	0x20
090ABD50	1FAD6BBE	9AB55ADA	0x48	0x20
090ABDF0	472E02BC	9AB55ADA	0x58	0x20
090ABE90	65113609	9AB55ADA	0x40	0x20
090ABF30	24D9400B	9AB55ADA	0x138	0x20
090ABFD0	F2ABEE07	9AB55ADA	0x70	0x20
090AC070	3BBE9122	9AB55ADA	0x70	0x20
090AC110	CEB25C1B	9AB55ADA	0x58	0x20
090AC1B0	01CDFD26	9AB55ADA	0x60	0x20
090AC250	EBF4EA30	9AB55ADA	0x40	0x20
090AC2F0	49AB5019	9AB55ADA	0x40	0x20
090AC390	720184E1	9AB55ADA	0x48	0x20
090AC430	9EEA3863	9AB55ADA	0x70	0x20
090AC4D0	870F2746	9AB55ADA	0x70	0x20
090AC570	B52D6A2E	9AB55ADA	0x50	0x20
090AC610	CA30E681	9AB55ADA	0x60	0x20
090AC6B0	93958BE1	9AB55ADA	0x68	0x20
090AC750	62D802F5	9AB55ADA	0x50	0x20
090AC7F0	6389AC23	9AB55ADA	0x40	0x20
090AC890	153D220B	9AB55ADA	0x40	0x20
090AC930	34C366CC	9AB55ADA	0x50	0x20
090AC9D0	826A8494	9AB55ADA	0x40	0x20
090ACA70	70E6234A	9AB55ADA	0x48	0x20
090ACB10	46C49E0B	9AB55ADA	0x40	0x20
090ACBB0	881587E8	9AB55ADA	0x38	0x20
090ACC50	D610637D	9AB55ADA	0x58	0x20
090ACCF0	1FD6B72B	9AB55ADA	0x80	0x20
090ACD90	3D5650CF	9AB55ADA	0x48	0x20
090ACE30	595AB47D	9AB55ADA	0xF8	0x20
090ACED0	6A563DDA	9AB55ADA	0x38	0x20
090ACF70	A9B9ECC6	9AB55ADA	0x40	0x20
090AD010	BA3E4D53	9AB55ADA	0x48	0x20
090AD0B0	82CF0711	9AB55ADA	0x48	0x20
090AD150	87C73F78	9AB55ADA	0x38	0x20
090AD1F0	3B7E9C0F	9AB55ADA	0x138	0x20
090AD290	2333C792	9AB55ADA	0x50	0x20
090AD330	A4F6CF66	9AB55ADA	0x48	0x20
090AD3D0	AEF5DB76	9AB55ADA	0x88	0x20
090AD470	E294BDE1	9AB55ADA	0x80	0x20
090AD510	94C383ED	9AB55ADA	0x58	0x20
090AD5B0	1371F1C7	9AB55ADA	0x48	0x20
090AD650	3C5F18C3	9AB55ADA	0x138	0x20
090AD6F0	DAA8B4A6	9AB55ADA	0x40	0x20
090AD790	0A355607	9AB55ADA	0x38	0x20
090AD830	C5C83DC0	9AB55ADA	0x88	0x20
090AD8D0	41F9F716	9AB55ADA	0x48	0x20
090AD970	9139274E	9AB55ADA	0x50	0x20
090ADA10	588BE03F	9AB55ADA	0x78	0x20
090ADAB0	228F9675	9AB55ADA	0x50	0x20
090ADB50	A51DCDE0	9AB55ADA	0x48	0x20
090ADBF0	4E2DE207	9AB55ADA	0x50	0x20
090ADC90	45D50207	9AB55ADA	0xF8	0x20
090ADD30	1AF6BF16	9AB55ADA	0x50	0x20
090ADDD0	71B3D63A	9AB55ADA	0x58	0x20
090ADE70	80060B11	9AB55ADA	0x70	0x20
090ADF10	3C200DE9	9AB55ADA	0x80	0x20
090ADFB0	40C96946	9AB55ADA	0x60	0x20
090AE050	F34B6AF3	9AB55ADA	0x40	0x20
090AE0F0	9EAFEAF7	9AB55ADA	0x38	0x20
090AE190	5E0462ED	9AB55ADA	0x48	0x20
090AE230	D5DFE290	9AB55ADA	0x60	0x20
090AE2D0	12E9D173	9AB55ADA	0x50	0x20
090AE370	581FA3B4	9AB55ADA	0x38	0x20
090AE410	5C9627F3	9AB55ADA	0x38	0x20
090AE4B0	EC75E3D0	9AB55ADA	0x48	0x20
090AE550	6266028F	9AB55ADA	0x48	0x20
090AE5F0	BBF46E00	9AB55ADA	0xD0	0x20
090AE690	C8AE4C13	9AB55ADA	0x80	0x20
090AE730	97EBA0B4	9AB55ADA	0x78	0x20
090AE7D0	D976DDA2	9AB55ADA	0x100	0x20
090AE870	F32D3C83	9AB55ADA	0x78	0x20
090AE910	51E4FB67	9AB55ADA	0x50	0x20
090AE9B0	345DE555	9AB55ADA	0x40	0x20
090AEA50	603F721C	9AB55ADA	0x50	0x20
090AEAF0	F816C190	9AB55ADA	0x48	0x20
090AEB90	97A658C1	9AB55ADA	0x38	0x20
090AEC30	3A025450	9AB55ADA	0x48	0x20
090AECD0	37AF78F7	9AB55ADA	0x48	0x20
090AED70	81C2278C	9AB55ADA	0x48	0x20
090AEE10	EC49D3CA	9AB55ADA	0x58	0x20
090AEEB0	4106F349	9AB55ADA	0x48	0x20
090AEF50	E59E51AC	9AB55ADA	0x48	0x20
090AEFF0	AA9189B7	9AB55ADA	0x90	0x20
090AF090	39276F8B	9AB55ADA	0x98	0x20
090AF130	63D3E44D	9AB55ADA	0x88	0x20
090AF1D0	37FB8191	9AB55ADA	0x58	0x20
090AF270	A9C6E518	9AB55ADA	0x58	0x20
090AF310	9CFDB01F	9AB55ADA	0x48	0x20
090AF3B0	237E5871	9AB55ADA	0x58	0x20
090AF450	60AB8792	9AB55ADA	0x48	0x20
090AF4F0	D1989A0B	9AB55ADA	0x78	0x20
090AF590	DB9C4135	9AB55ADA	0x88	0x20
090AF630	1D41AE3E	9AB55ADA	0x110	0x20
090AF6D0	DD733D4D	9AB55ADA	0xD0	0x20
090AF770	A110C368	9AB55ADA	0x78	0x20
090AF810	08619B39	9AB55ADA	0x68	0x20
090AF8B0	D31DD211	9AB55ADA	0x48	0x20
090AF950	A792BB82	9AB55ADA	0x48	0x20
090AF9F0	1ACBE9B6	9AB55ADA	0x38	0x20
090AFA90	91FA30E1	9AB55ADA	0x100	0x20
090AFB30	79F67D70	9AB55ADA	0x48	0x20
090EFC70	8B8FC34A	00000001	0x14	0x20
090EFD10	9BBD08A5	00000001	0xC	0x20
090EFDB0	8ECC223C	3BFA8CA4	0x358	0x20
090EFE50	750DFD71	00000001	0x18	0x20
090EFEF0	9FCA41C6	00000001	0x18	0x20
090EFF90	BD628A79	00000001	0x10	0x20
090F0030	B84BC407	00000002	0x230	0x20
090F0220	9C4B764C	00000002	0x40	0x30
090F02C0	CFCF3AC6	6915F913	0x3A0	0x20
090F08F0	B883624A	B413D3DF	0x2B0	0x20
090F0990	68FFBFF0	9E28B666	0x190	0x20
090F0FE0	B413D3DF	6915F913	0x130	0x20
090F1080	5AEB2893	5FC18ECD	0x380	0x20
090F1D60	193260CE	C2C3B4DA	0x1C0	0x20
090F1E00	AFDEC2FC	00000001	0x10	0x20
090F1EA0	F83C0C33	00000001	0x10	0x20
090F1F40	9B09B217	00000002	0x20	0x20
090F1FE0	5884E280	9B09B217	0x20	0x20
090F2080	DFB481FC	9B09B217	0x20	0x20
090F2510	6DA306A8	CF7623E2	0x40	0x20
090F25B0	1E6548E6	FE135918	0x148	0x20
090F2650	2B75BFE0	00000002	0x68	0x20
090F26F0	6A58AC0A	00000001	0x40	0x20
090F2790	2EF76EAC	00000001	0x10	0x20
090F2830	5F09E026	CF7623E2	0xA10	0x20
090F28D0	3BB79E22	BB96607D	0x20	0x20
090F2970	CDF72815	BB96607D	0x70	0x20
090F2A10	261902A6	BB96607D	0x38	0x20
090F2AB0	630E7A84	BB96607D	0x30	0x20
090F2B50	9478D64A	BB96607D	0x40	0x20
090F2BF0	77A6A23B	BB96607D	0x58	0x20
090F2C90	BFD3F382	00000001	0x8	0x20
090F2D30	DF7DC7A9	00000001	0x10C	0x20
090F2DD0	D4D88663	00000001	0x10	0x20
090F2E70	55A0BBF3	BB96607D	0x6A0	0x20
090F2F10	3D535001	BB96607D	0x80	0x20
090F2FB0	C12E960D	BB96607D	0x58	0x20
090F3050	65DE1B53	BB96607D	0x58	0x20
090F30F0	FB3ECF8E	BB96607D	0x28	0x20
090F3190	1E07C444	BB96607D	0x30	0x20
090F3230	00015C31	00000001	0xC	0x20
090F32D0	745302DF	00000002	0x20	0x20
090F3370	17DAA26F	BB96607D	0x20	0x20
090F3410	21DFA5B1	BB96607D	0x98	0x20
090F34B0	A12E582C	567805A5	0x38	0x20
090F3550	952825F7	BB96607D	0x58	0x20
090F35F0	C765BFB3	BB96607D	0x1A0	0x20
090F3690	711BEFF6	BB96607D	0x30	0x20
090F3730	93B873D5	BB96607D	0x58	0x20
090F37D0	2201B04E	BB96607D	0x28	0x20
090F3870	121A0A19	BB96607D	0x38	0x20
090F3910	8F061D30	BB96607D	0x40	0x20
090F39B0	FB6F2BF6	BB96607D	0x80	0x20
090F3A50	4E114E0E	BB96607D	0x28	0x20
090F3AF0	E3B6485E	BB96607D	0xE0	0x20
090F3B90	B501F9C3	FE135918	0x30	0x20
090F3C30	482A9814	00000002	0x28	0x20
090F7820	2A1FF55D	C2C3B4DA	0x608	0x20
090F78C0	116F94D7	BB96607D	0x20	0x20
090F7960	BD952E54	BB96607D	0x48	0x20
090F7A00	7CB6A74A	116F94D7	0x28	0x20
090F7AA0	1853D9E1	116F94D7	0x30	0x20
090F7B40	1FA1AA89	BB96607D	0x20	0x20
090F7BE0	45EE03F1	BB96607D	0x28	0x20
090F7C80	C6349605	1853D9E1	0x40	0x20
090F7D20	83F20025	116F94D7	0x28	0x20
090F7DC0	437A957D	116F94D7	0x28	0x20
090F7E60	567805A5	116F94D7	0x38	0x20
090F7F00	E59F1D12	116F94D7	0x48	0x20
090F7FA0	1C4C78F2	116F94D7	0x28	0x20
090F8040	497EB546	116F94D7	0x20	0x20
090F80E0	50CB5F24	2A1FF55D	0x620	0x20
090F8180	6F13DB9B	00000001	0x8	0x20
090F8220	B75A59BC	437A601A	0x140	0x20
090F82C0	58BF75E7	00000002	0x18	0x20
090F8360	730D5580	00000002	0x20	0x20
090F8400	7A6D02F4	437A601A	0x30	0x20
090F95B0	B7986A05	CF7623E2	0x2A8	0x20
090F9650	679391AD	00000002	0x20	0x20
090F96F0	3815716F	00000002	0x38	0x20
090F9790	35021F9D	437A601A	0x118	0x20
090F9830	5DEE4E08	437A601A	0xD8	0x20
090F98D0	BAAD9405	00000002	0x10	0x20
090F9970	2D0B8FD6	BAAD9405	0x28	0x20
090F9A10	915EF4DD	2D0B8FD6	0x30	0x20
090F9AB0	82486252	2D0B8FD6	0x40	0x20
090F9B50	39320954	2D0B8FD6	0x38	0x20
090F9BF0	73828CCF	2D0B8FD6	0x38	0x20
090F9C90	96AAEE9E	2D0B8FD6	0x30	0x20
090F9D30	89B503C6	2D0B8FD6	0x38	0x20
090F9DD0	D93CF52E	AD6A937A	0x60	0x30
090F9E70	07741536	FE135918	0x110	0x20
090F9F10	7114FD43	FE135918	0x120	0x20
090F9FB0	947515A2	00000002	0x38	0x20
090FA050	C510680B	437A601A	0x28	0x20
090FA0F0	1AE189EB	F0EBDBA2	0x58	0x20
090FA190	79633AC7	BB96607D	0x140	0x20
090FA230	06FD7EB3	C510680B	0x28	0x20
090FA2D0	AF399777	1AE189EB	0x88	0x20
090FA370	4F68762B	00000001	0x8	0x20
090FA410	6B25E118	79633AC7	0x1C0	0x20
090FA4B0	68FC57DE	C510680B	0x28	0x20
090FA550	02C89FB2	BB96607D	0x20	0x20
090FA5F0	8EF40D50	A8A79FF2	0x200	0x20
090FA690	2CFD8A88	00000002	0x30	0x20
090FA730	DDA0CCC0	BB96607D	0x68	0x20
090FA7D0	214C179D	A81C557B	0x208	0x20
090FA870	B95E2109	00000002	0x30	0x20
090FA910	666FEF1F	00000002	0x18	0x20
090FA9B0	BAC3E8A7	00000002	0x60	0x20
090FAAC0	3F106443	3BE327DD	0x38	0x20
090FAB60	21D77720	A871D1A0	0x20	0x20
090FAC00	3B0577EC	37AB9A12	0x48	0x20
090FACA0	C91FA4D4	78B290EF	0x28	0x20
090FAD40	2FE11142	3BE327DD	0x50	0x20
090FADE0	EB21E0CF	A871D1A0	0xD0	0x20
090FAE80	A3D0BE83	BAF7C5BE	0x310	0x20
090FAF20	A95E025D	59365930	0xAD0	0x20
090FAFC0	117A5E4F	FA6F25A3	0x48	0x20
090FB060	94F4AC6D	00000002	0x188	0x20
090FB100	76216377	94F4AC6D	0x190	0x20
090FB1A0	EFAA3993	BB96607D	0x80	0x20
090FB240	101E2958	DD4B9F35	0xE8	0x20
090FB2F0	AA34981D	BB96607D	0x2A0	0x20
090FB390	1180F4C1	A38592C3	0x178	0x20
090FB430	4C3AE4C1	00000002	0x390	0x20
090FB4D0	0D7695E7	00000002	0x40	0x20
090FB570	044D5F29	00000001	0x8	0x20
090FB610	319B5C8F	00000002	0x28	0x20
090FB6B0	B5FBDEA1	00000002	0x40	0x20
090FB750	E076359F	00000002	0x20	0x20
090FB7F0	4A7EFB51	00000002	0x18	0x20
090FB890	A82A3B24	00000002	0x18	0x20
090FB930	F7CC8E3B	00000002	0x18	0x20
090FB9D0	911DE174	00000002	0x18	0x20
090FBA70	74EFA575	00000002	0x18	0x20
090FBB10	B729DDA9	00000002	0x18	0x20
090FBBB0	CF8D26CD	00000002	0x18	0x20
090FBC50	1238324E	00000002	0x18	0x20
090FBCF0	59C98868	00000002	0x20	0x20
090FBD90	940973B3	00000002	0x20	0x20
090FBE30	B037E084	00000002	0x18	0x20
090FBED0	8C0B74AF	00000002	0x18	0x20
090FBF70	E68BEF7E	BB96607D	0x2D8	0x20
090FC010	5C7FD0E6	00000002	0x78	0x20
090FC0B0	404D26F2	BB96607D	0x640	0x20
090FC150	3D084FEF	00000002	0x150	0x20
090FC1F0	503CC91B	00000002	0x108	0x20
090FC290	1F3F4A2A	00000002	0xB88	0x20
090FC330	3BAC49B5	BB96607D	0x1C0	0x20
090FC3D0	4268D51A	AD6A937A	0x50	0x30
090FC470	86DFBDCA	BB96607D	0x78	0x20
090FC510	3652BAC2	00000001	0x18	0x20
090FC5B0	B01DD042	00000002	0x28	0x20
090FC650	D8865AF1	00000002	0xA0	0x20
090FC6F0	8D67C18F	BB96607D	0x270	0x20
090FC790	992B5A73	BB96607D	0x220	0x20
090FC830	E0F7167C	BB96607D	0x360	0x20
090FC8D0	DC78E5F4	BB96607D	0x2D0	0x20
090FC970	BD8C7513	2AA200DD	0xE0	0x20
090FCA10	FE1573D8	00000002	0x78	0x20
090FCAB0	FDF55B32	AD6A937A	0x368	0x30
090FCB50	D7C70C6D	AD6A937A	0x58	0x30
090FCBF0	497D7765	437A601A	0xD0	0x20
090FCC90	6B92435D	4FA57627	0x160	0x20
090FCD30	30C9D747	6B92435D	0x160	0x20
090FCDD0	EDA74226	4FA57627	0xF0	0x20
090FCE70	3B573D76	4FA57627	0x168	0x20
090FCF10	E5E15981	EB374826	0xB0	0x20
090FCFB0	9042DD41	EB374826	0x160	0x20
090FD050	2E596A99	4FA57627	0xD8	0x20
090FD0F0	1B83AA7A	4FA57627	0x48	0x20
090FD190	5D04F0D6	4FA57627	0x130	0x20
090FD230	2A300EAE	00000002	0x30	0x20
090FD2D0	461F563A	4FA57627	0x60	0x20
090FD370	227AB4CF	4FA57627	0xF0	0x20
090FD410	8ACD7736	4FA57627	0x140	0x20
090FD4B0	AC6BE87D	00000001	0x18	0x20
090FD550	E3A5FA1A	00000001	0x10	0x30
090FD5F0	897470B3	87DB1FB6	0xFE0	0x20
090FD690	57CDA65F	00000001	0x190	0x20
090FD730	68A8572E	00000001	0xC	0x20
090FD7D0	DED13E9C	00000001	0xC	0x20
090FD870	9DE8303D	00000001	0x18	0x20
090FD910	34E4EDA2	00000001	0xC	0x20
090FD9B0	3ACA95AB	00000001	0x50	0x20
090FDA50	A4EF0A10	8E77F348	0xA8	0x20
090FDAF0	E3DAAD12	BB96607D	0x20	0x20
090FDB90	8E77F348	E3DAAD12	0x98	0x20
090FDD80	DDE14D92	BB96607D	0x70	0x20
090FDE20	A23EF439	437A601A	0x38	0x20
090FE7F0	F29AAF29	A322838A	0x298	0x20
09161850	5671D255	BB96607D	0x70	0x20
091618F0	D6089C44	BB96607D	0x240	0x20
09161990	14CEC633	2150C7E2	0x2C0	0x20
09161A30	99E7AF14	DE73F9AE	0x68	0x20
09161AD0	CDE5998D	CF7623E2	0x38	0x20
09161B90	810FFFFC	6915F913	0x50	0x20
09161C30	F31EEA0F	CF7623E2	0x88	0x20
09161CD0	EA9E7F00	6915F913	0x88	0x20
09161D70	B24ACC20	EA9E7F00	0x98	0x20
09161E10	D7760208	BB96607D	0x28	0x20
09161EB0	9960498C	EA9E7F00	0xC8	0x20
09161F50	0B2EFF12	AD6A937A	0x50	0x30
09161FF0	74CA29A4	00000001	0x10	0x30
09162090	A88A0758	6915F913	0x98	0x20
09162140	58E9B3C3	BB96607D	0x130	0x20
091621E0	0EB243E1	00000002	0x78	0x20
09162280	2BBFF839	00000002	0x20	0x20
09162320	951CD148	00000002	0x20	0x20
091623C0	CA4B5128	6915F913	0x50	0x20
09162580	EC9C4B43	437A601A	0x40	0x20
09162620	BAB4EBBB	437A601A	0x20	0x20
09162770	2A480676	CF7623E2	0x38	0x20
09162810	DAB0FB52	437A601A	0x60	0x20
091628B0	B148E25F	437A601A	0x50	0x20
09162950	330F08E9	437A601A	0x38	0x20
091629F0	2C3DF226	437A601A	0x38	0x20
09162A90	79C3E570	437A601A	0x80	0x20
09162B30	9D264DFC	437A601A	0x100	0x20
09162BD0	F36C95BC	00000002	0x2B0	0x20
09162C70	4DECB8BB	ECCFC8DE	0x20	0x20
09162D10	33068F7C	CF7623E2	0x40	0x20
09162DB0	4FEF5B6E	00000002	0x30	0x20
09162E50	F7AFF4DA	C2C3B4DA	0x58	0x20
09162EF0	F5837393	CF7623E2	0xC0	0x20
09162F90	78B91DAD	00000002	0x20	0x20
09163030	2C85FA8A	437A601A	0x30	0x20
091630D0	E93EA07D	00000001	0x10	0x20
09163170	BB0BBCED	CF7623E2	0x50	0x20
09163210	A087B968	5848BF73	0x60	0x20
091632B0	94B3FAE5	EC9C4B43	0x68	0x20
09163350	DCF53E5B	EC9C4B43	0x60	0x20
09163660	865B458E	437A601A	0x60	0x20
09163700	71384E46	437A601A	0x48	0x20
091637A0	DD31DFAA	5848BF73	0x68	0x20
09163840	22975A94	437A601A	0x38	0x20
091638E0	5848BF73	EC9C4B43	0x58	0x20
09163980	6E5816A4	EC9C4B43	0x50	0x20
09163A20	0558656B	CF7623E2	0xFB0	0x20
09163AC0	846B9953	CF7623E2	0x268	0x20
09163B60	B1C0310B	00000002	0x90	0x20
09163C00	824458BC	00000002	0x88	0x20
09163CA0	D91B3BB7	00000002	0x70	0x20
09163D40	649BAB7F	00000002	0xD8	0x20
09163DE0	582C8027	00000002	0x88	0x20
09163E80	B0C7B1AA	00000002	0x30	0x20
09163F20	085ED7D2	00000002	0x30	0x20
09163FC0	869B44AB	CF7623E2	0x60	0x20
09164180	251FD8E7	C2C3B4DA	0x30	0x20
09164220	24184C97	251FD8E7	0x78	0x20
091642C0	B992756B	251FD8E7	0x90	0x20
09164360	983005C6	251FD8E7	0x40	0x20
09164400	6CA23DD8	00000002	0x20	0x20
091644A0	727EF5BD	251FD8E7	0x60	0x20
09164540	643F29D0	251FD8E7	0x40	0x20
091645E0	813B8444	251FD8E7	0x38	0x20
09164680	E6CE6233	251FD8E7	0x48	0x20
09164720	3218A1B9	C2C3B4DA	0x30	0x20
09164910	2FFCEA66	C2C3B4DA	0x48	0x20
09164A20	AC16F9CB	2FFCEA66	0x50	0x20
09164AC0	1C9623E0	C2C3B4DA	0x28	0x20
09164B60	B74BF208	1C9623E0	0x30	0x20
09164C00	54EF49FD	1C9623E0	0x28	0x20
09164CA0	8C5644D6	1C9623E0	0x48	0x20
09164D40	2DFB01B9	1C9623E0	0x38	0x20
09164DE0	25DF6ED6	1C9623E0	0x28	0x20
09164E80	DA0B8D73	1C9623E0	0x40	0x20
09164F20	DD8B58E0	1C9623E0	0x30	0x20
09164FC0	615F413E	1C9623E0	0x60	0x20
09165060	296057FE	1C9623E0	0x40	0x20
09165250	C7D3EE4B	CF7623E2	0x30	0x20
09165410	6C1853C3	BB96607D	0x38	0x20
091654B0	ED15A7E8	BB96607D	0x30	0x20
09165550	F9DA8138	BB96607D	0x38	0x20
09165C80	8A87C2F5	C2C3B4DA	0x188	0x20
09165FC0	1481AC8D	C2C3B4DA	0x60	0x20
09166060	B2E50F16	00000002	0x28	0x20
09166100	40AA7837	CF7623E2	0x30	0x20
091661A0	AC4B2A6D	00000001	0xC	0x20
09166240	5901F1A0	00000001	0x10	0x20
091662E0	406CF33E	00000002	0x20	0x20
09166380	B2C08E53	C2C3B4DA	0x158	0x20
09166420	B157FBE5	B2C08E53	0x160	0x20
091664C0	39D389C4	CF7623E2	0xB8	0x20
09166560	C5969D9C	BB96607D	0x20	0x20
09166600	3A41FA13	00000002	0x30	0x20
09166C90	06085E29	CF7623E2	0x148	0x20
09166D30	A3EA36F7	CF7623E2	0x430	0x20
09166DD0	92D0C569	00000001	0x18	0x20
09166E70	BCFDBF25	00000002	0xA8	0x20
09166F10	C1E24A6B	00000002	0x70	0x20
09166FB0	08DC12C7	00000002	0xA0	0x20
09167050	F3071201	00000002	0x70	0x20
091670F0	477DF73D	00000002	0x70	0x20
09167190	692BE187	00000002	0x20	0x20
09167230	54A1D32F	00000002	0x68	0x20
091672D0	9AD56A04	00000002	0x48	0x20
09167370	38768F3D	00000002	0x48	0x20
09167410	1FA658A9	00000002	0x48	0x20
091674B0	3C17AF26	00000002	0x48	0x20
09167550	F7592A97	00000002	0x48	0x20
091675F0	5CCD34CF	00000002	0xA0	0x20
09167690	5EFF1ACB	CF7623E2	0x328	0x20
09167730	F4308EC7	00000002	0x90	0x20
091677D0	AA523EF2	00000002	0x48	0x20
09167870	B6C7D335	00000002	0xC8	0x20
09167910	33093F55	00000002	0xD8	0x20
091679B0	BC2575ED	00000002	0x20	0x20
09167A50	E8D99F5E	CF7623E2	0x13D0	0x20
09167AF0	E1CEC9AA	00000002	0x48	0x20
09167B90	20FD7AE0	CF7623E2	0x848	0x20
09167C30	F1823B51	CF7623E2	0x78	0x20
09167CD0	11CCE56A	CF7623E2	0xA8	0x20
09167D70	25DAD10F	00000002	0xA8	0x20
09167E10	2DB7AC59	00000002	0x40	0x20
091680E0	6EE90005	CF7623E2	0xC0	0x20
09168180	9DE361A8	CF7623E2	0x38	0x20
09168220	76BBA011	437A601A	0x80	0x20
091682C0	6083D57C	CF7623E2	0x80	0x20
09168360	DE48C56C	00000002	0x38	0x20
09168400	9EAC1AF6	CF7623E2	0x68	0x20
091684A0	79731888	00000002	0x20	0x20
09168540	EA36AC36	00000002	0x20	0x20
091685E0	7087B2EE	00000002	0x20	0x20
09168680	3E325550	00000002	0x20	0x20
09168720	0CC1BDF6	00000002	0x20	0x20
091687C0	355F9180	00000002	0x20	0x20
09168860	4212BB96	CF7623E2	0xA8	0x20
09168B00	61FAFD19	CF7623E2	0x200	0x20
09168C80	349F0B55	00000002	0x28	0x20
09168D20	F6875E1A	C2C3B4DA	0x40	0x20
09168DC0	3044ECEE	437A601A	0x30	0x20
09168E60	7564C407	437A601A	0x30	0x20
09168F00	ECCFC8DE	BB96607D	0x20	0x20
09168FA0	4553612E	BB96607D	0x28	0x20
09169900	F3F3917C	CF7623E2	0xB0	0x20
091699A0	26474A3D	CF7623E2	0x28	0x20
09169B20	C3234347	437A601A	0x50	0x20
09169BC0	3666191D	BAB4EBBB	0x68	0x20
09169C60	A0A12C7F	3666191D	0x98	0x20
09169D00	4F3927FA	A0A12C7F	0x98	0x20
09169DA0	1C75BFED	A0A12C7F	0xA0	0x20
09169E40	837C2741	A0A12C7F	0xA0	0x20
09169EE0	4FEDC837	A0A12C7F	0xB8	0x20
09169F80	D7AE7DB8	58B04F9E	0x88	0x20
0916A020	F68DAF94	A0A12C7F	0xA8	0x20
0916A0C0	FE9AB79B	F68DAF94	0xB0	0x20
0916A160	E96A675B	00000002	0x20	0x20
0916A200	58B04F9E	3666191D	0x80	0x20
0916A2A0	40D31B82	A0A12C7F	0xB8	0x20
0916A340	BA252817	F68DAF94	0xC8	0x20
0916A3E0	D1AFD150	BAB4EBBB	0x50	0x20
0916A480	B334D523	A0A12C7F	0xA0	0x20
0916A520	86573BC4	40D31B82	0xD8	0x20
0916A5C0	22981E59	F68DAF94	0xB8	0x20
0916A660	018CD9BD	F68DAF94	0xD0	0x20
0916A700	5A95BFE7	C2C3B4DA	0x38	0x20
0916A7A0	F0B1EE16	00000002	0x28	0x20
0916A840	7E54E53A	00000002	0x40	0x20
0916A9C0	F376F65C	437A601A	0x40	0x20
0916AA60	29A80AAB	CF7623E2	0x250	0x20
0916AB00	03169BED	00000001	0x40	0x20
0916ABA0	734A16E4	437A601A	0x40	0x20
0916AC40	98ED11C3	437A601A	0x130	0x20
0916ACE0	957E7CA4	CF7623E2	0xD8	0x20
0916AD80	F01FC75B	BB96607D	0x28	0x20
0916AE20	A01C2C65	437A601A	0x50	0x20
0916B0F0	2475A98C	437A601A	0x68	0x20
0916B190	DDA3DBD5	BB96607D	0x38	0x20
0916B230	128D0067	ECCFC8DE	0x30	0x20
0916B2D0	217F49A9	C2C3B4DA	0x50	0x20
0916B370	203B1C7B	00000002	0x20	0x20
0916B410	94A295B8	203B1C7B	0x28	0x20
0916B4B0	1ABE7423	217F49A9	0x98	0x20
0916B550	64A0AB81	437A601A	0x30	0x20
0916B5F0	F697945E	00000002	0x28	0x20
0916B690	4A64EC91	437A601A	0x28	0x20
0916B730	00CA354A	437A601A	0x28	0x20
0916B7D0	DBA13FFC	437A601A	0x48	0x20
0916B870	EE0A6860	437A601A	0x30	0x20
0916BA30	4CF87760	BB96607D	0x40	0x20
0916BB80	1DEC34F8	BB96607D	0x30	0x20
0916BC20	4FD039D2	5EACCDA1	0x60	0x20
0916BCC0	6A7B8192	5EACCDA1	0x70	0x20
0916BD60	618E878C	00000002	0x20	0x20
0916BE00	AEFF1FA4	00000002	0x20	0x20
0916BEA0	CF4E9CE9	BB96607D	0x28	0x20
0916BF40	52062F12	00000002	0x1A0	0x30
0916BFE0	4829A7BA	AD6A937A	0x48	0x30
0916C080	81DE7B4C	94F4AC6D	0x1C0	0x20
0916C120	674E3F13	94F4AC6D	0x190	0x20
0916C1C0	D9245FE2	94F4AC6D	0x190	0x20
0916C260	2AD8E135	94F4AC6D	0x190	0x20
0916C300	F1F4DF3E	94F4AC6D	0x190	0x20
0916C3A0	13666FF6	F1F4DF3E	0x190	0x20
0916C440	2209DDB8	F1F4DF3E	0x190	0x20
0916C4E0	FA719FE8	94F4AC6D	0x190	0x20
0916C580	B76B7FBA	FA719FE8	0x190	0x20
0916C620	2495E953	FA719FE8	0x190	0x20
0916C6C0	6356C3FB	FA719FE8	0x190	0x20
0916C760	80309B96	94F4AC6D	0x190	0x20
0916C800	31C23D94	94F4AC6D	0x1C0	0x20
0916C8A0	E9CF6D8C	94F4AC6D	0x190	0x20
0916C940	319C25ED	94F4AC6D	0x1C0	0x20
0916C9E0	F5263A87	94F4AC6D	0x190	0x20
0916CA80	9E803610	94F4AC6D	0x190	0x20
0916CB20	60BBC4C4	94F4AC6D	0x1C0	0x20
0916CBC0	51ABC141	94F4AC6D	0x1B8	0x20
0916CC60	7BF1D014	94F4AC6D	0x190	0x20
0916CD00	A5B57C44	94F4AC6D	0x1B8	0x20
0916CDA0	03C58B1E	94F4AC6D	0x190	0x20
0916CE40	2B8F8F0A	94F4AC6D	0x1D0	0x20
0916CEE0	5FC88BBE	2B8F8F0A	0x1D0	0x20
0916CF80	BC062910	94F4AC6D	0x198	0x20
0916D020	68BAAE7E	BB96607D	0x28	0x20
0916D0C0	2A597101	BB96607D	0x28	0x20
0916D160	72F9EB76	94F4AC6D	0x190	0x20
0916D200	571B65F0	FA6F25A3	0x28	0x20
0916D2A0	CDA13AB6	00000002	0x20	0x20
0916D340	3B5BDB31	BB96607D	0x38	0x20
0916D3E0	C03E15CC	BB96607D	0x20	0x20
0916D480	575AB298	00000002	0x30	0x20
0916D520	29BB35D1	1C9623E0	0x38	0x20
0916D5C0	0C734DFB	AD6A937A	0x50	0x30
0916D660	E5D0FCDA	AD6A937A	0x1B8	0x30
0916D700	24813E59	00000001	0xC	0x30
0916D7A0	91F423F0	94F4AC6D	0x1B8	0x20
0916D840	AC5A2CC4	CF7623E2	0x1C0	0x20
0916D8E0	8D06DF2B	BB96607D	0x30	0x20
0916D980	10EE47B8	BB96607D	0x38	0x20
0916DA20	E810AE30	BB96607D	0x28	0x20
0916DAC0	2E169DFB	BB96607D	0x40	0x20
0916DB60	AC0AF511	BB96607D	0x28	0x20
0916DC00	3A081F30	437A601A	0x50	0x20
0916DCA0	8418FA3F	CF7623E2	0x30	0x20
0916DD40	B5D0067A	00000002	0x48	0x30
0916DDE0	256FC0D8	00000001	0x10	0x30
0916DE80	20A918E9	2683F468	0xB0	0x20
0916DF20	268FB858	0D1AB375	0xB8	0x20
0916DFC0	0D1AB375	2683F468	0xB0	0x20
0916E060	2683F468	BB96607D	0xA8	0x20
0916E100	8DC1527C	AD6A937A	0x50	0x30
0916E1A0	82B2F19C	CF7623E2	0x30	0x20
0916E240	126A0606	AD6A937A	0x50	0x30
0916E2E0	3BA21425	CF7623E2	0x350	0x20
0916EA80	B49A6321	6915F913	0x110	0x20
0916EB20	384FCBBA	00000002	0x70	0x20
0916EBC0	DE8F3176	384FCBBA	0x98	0x20
0916EC60	418206C8	384FCBBA	0x80	0x20
0916ED00	3A25E43B	384FCBBA	0x98	0x20
0916EDA0	BBB35A4F	90FEF1A2	0x80	0x20
0916EE40	F12AA316	4116955C	0x80	0x20
0916EEE0	B6A4B3BD	37A0B421	0x18	0x20
0916EF80	984587E4	39AA0AEE	0x28	0x20
0916F020	09826F23	90B5B2C9	0x10	0x20
0916F0C0	4116955C	39AA0AEE	0x78	0x20
0916F160	37A0B421	90B5B2C9	0x18	0x20
0916F200	39AA0AEE	BB96607D	0x20	0x20
0916F2A0	90B5B2C9	00000002	0x10	0x20
0916F340	461AB0B3	4116955C	0x80	0x20
0916F3E0	248BDBF4	37A0B421	0x18	0x20
0916F480	35BC7AD2	72F9EB76	0x198	0x20
0916F520	53669C22	BB96607D	0x130	0x20
0916F5C0	EE6EDEAB	39AA0AEE	0x88	0x20
0916F660	348F5B86	90B5B2C9	0x20	0x20
0916F700	AEAF8900	00000001	0x18	0x20
0916F7A0	BF1EF308	00000001	0x28	0x20
0916F840	6F9779DE	BB96607D	0x18	0x20
0916F8E0	C17545E9	BB96607D	0x418	0x20
0916F980	A58D1BF8	BB96607D	0x228	0x20
0916FA20	D4929E1D	FA6F25A3	0x20	0x20
0916FAC0	DA3AFCF2	FA6F25A3	0x20	0x20
0916FB60	B3B2A583	00000001	0x80	0x20
0916FC00	80B50EB7	00000001	0x50	0x20
0916FCA0	44BFF548	87DB1FB6	0x298	0x20
0916FD40	D1D7B6EE	BB96607D	0x98	0x20
0916FDE0	30A6C0C2	BB96607D	0x1E0	0x20
0916FE80	5844B07F	00000001	0x10	0x20
0916FF20	B9C68D99	00000002	0x20	0x20
0916FFC0	68DDF75F	00000002	0x50	0x20
09170060	7C3DD96A	00000002	0xF8	0x20
09170100	2033346A	BB96607D	0xD0	0x20
091701A0	C2705EB5	BB96607D	0x118	0x20
09170240	44202940	BB96607D	0x30	0x20
091702E0	64517C6E	BB96607D	0x50	0x20
09170380	B4BC58A7	00000002	0x20	0x20
09170420	C5F380A2	CF7623E2	0x1D8	0x20
091704C0	8B432156	00000002	0x18	0x20
09170560	6F786C95	00000002	0x18	0x20
09170600	3780CF3B	00000002	0x48	0x20
091706A0	EADF058F	BB96607D	0xC0	0x20
09170740	A97BD0E8	00000002	0x40	0x20
091707E0	BBE5C30B	BB96607D	0x328	0x20
09170880	F4C974CB	BB96607D	0xB8	0x20
09170920	B6F76F50	BB96607D	0x240	0x20
091709C0	403A11FD	8BF0A55A	0x2A80	0x20
09170A60	F3099CCD	BB96607D	0x78	0x20
09170B00	1E7D7D8B	FA6F25A3	0x40	0x20
09170BA0	4F0466A7	CF7623E2	0x40	0x20
09170C40	9A7B259D	AD6A937A	0x50	0x30
09170CE0	0C19E911	00000002	0x10	0x20
09170D80	9A646E4B	FA6F25A3	0x20	0x20
09170E20	EA98E222	0C19E911	0x108	0x20
09170EC0	F7E1EABD	9A646E4B	0x88	0x20
09170F60	D8405A1C	0C19E911	0x100	0x20
09171000	EDAD26DA	9A646E4B	0xB0	0x20
091710A0	AF2B10DD	00000001	0x10	0x30
09171140	A7C95F43	BB96607D	0x170	0x20
091711E0	78020E9C	00000002	0x30	0x20
09171280	4E0085F6	00000002	0x50	0x20
09171320	FA69FA0E	FA6F25A3	0x28	0x20
091713C0	F933D09E	AD6A937A	0x58	0x30
09171460	96AD809E	FA6F25A3	0x28	0x20
09171500	DD06C066	FA6F25A3	0x38	0x20
091715A0	31D52C78	FA6F25A3	0x30	0x20
09171640	D152C843	00000002	0x140	0x20
091716E0	2BAF58A3	00000002	0x60	0x20
09171780	DA226BFB	CF7623E2	0x30	0x20
09171820	5690A2D4	00000002	0xB0	0x20
091718C0	283DE0A4	00000001	0x8	0x20
09171960	26B6D8B5	00000001	0x8	0x20
09171A00	C628521D	00000001	0x8	0x20
09171AA0	466E5D5B	00000001	0x30	0x20
09171B40	2D2483ED	00000001	0x38	0x20
09171BE0	81683A3F	CF7623E2	0x90	0x20
09171F20	1F4A3C1F	CF7623E2	0xB0	0x20
09171FC0	48D87275	FA6F25A3	0x28	0x20
09172060	73E5B3DD	FA6F25A3	0x30	0x20
09172100	A5E66C7F	FA6F25A3	0x30	0x20
091721A0	00527FF3	437A601A	0x58	0x20
09172240	F9230C5F	AD6A937A	0x48	0x30
091722E0	6591296D	CF7623E2	0xA0	0x20
09172580	4D79BE53	CF7623E2	0x90	0x20
09172620	7712663E	BB96607D	0xE0	0x20
091726C0	CB2F160B	FA6F25A3	0x20	0x20
09172760	3EB9C314	BB96607D	0x40	0x20
09172800	767100C8	AD6A937A	0x60	0x30
091728A0	5FBAE216	AD6A937A	0x538	0x30
09172940	DCF9A77C	00000001	0x8	0x30
091729E0	AEF79781	BB96607D	0x28	0x20
09172A80	B0008132	AD6A937A	0x58	0x30
09172B20	D7300FCE	00000001	0x10	0x30
09172BC0	5EACCDA1	BB96607D	0x60	0x20
09172C60	698830AD	00000002	0x68	0x20
09172D00	294C6FC6	00000002	0x10	0x20
09172DA0	2EB3E44F	294C6FC6	0x20	0x20
09172E40	B99D7652	294C6FC6	0x18	0x20
09172EE0	2659251E	294C6FC6	0x30	0x20
09172F80	EAA2AA26	294C6FC6	0x30	0x20
09173020	848F0880	00000002	0x28	0x20
091730C0	41E2E8D0	AD6A937A	0x58	0x30
09173160	6FFC2934	FA6F25A3	0x30	0x20
09173200	41BA4C25	FA6F25A3	0x30	0x20
091732A0	6E0FF1DC	EB374826	0x78	0x20
09173340	85D9DC15	EB374826	0x80	0x20
091733E0	3083F10C	EB374826	0x78	0x20
09173480	FC121E7A	EB374826	0xB8	0x20
09173520	F288D588	FA6F25A3	0x28	0x20
091735C0	C51550E3	EB374826	0x80	0x20
09173660	4BC54197	FA6F25A3	0x30	0x20
09173700	00CB036E	EB374826	0xF8	0x20
091737A0	35A8ED89	E5E15981	0x150	0x20
09173840	BB347DA1	EB374826	0x98	0x20
091738E0	397BB19A	EB374826	0x170	0x20
09173980	DC5C5EB4	AD6A937A	0xE60	0x30
09173A20	9159E914	00000001	0x18	0x30
09173AC0	BA685ADE	00000001	0xC	0x30
09173B60	2AEE9311	00000002	0x30	0x20
09173C00	8B3CA823	2AEE9311	0x30	0x20
09173CA0	92936CFE	2AEE9311	0x30	0x20
09173D40	B150814E	2AEE9311	0x40	0x20
09173DE0	3F29A68F	2AEE9311	0x40	0x20
09173E80	60C13316	2AEE9311	0x50	0x20
09173F20	75FCF6C8	0DDB9337	0x48	0x20
09173FC0	30BDF089	2AEE9311	0x30	0x20
09174060	301CCF02	2AEE9311	0x30	0x20
09174100	2661DAF4	0DDB9337	0x48	0x20
091741A0	1128FF9A	2AEE9311	0x48	0x20
09174240	6A2163CF	0DDB9337	0x48	0x20
091742E0	37C7FC01	2AEE9311	0x48	0x20
09174380	38C55CA8	2AEE9311	0x30	0x20
09174420	53608B05	2AEE9311	0x58	0x20
091744C0	E8EEC352	2AEE9311	0x30	0x20
09174560	9EF3BCF2	2AEE9311	0x30	0x20
09174600	EA84F401	2AEE9311	0x30	0x20
091746A0	0E48CD73	2AEE9311	0x38	0x20
09174740	0DDB9337	2AEE9311	0x48	0x20
091747E0	1413C323	0DDB9337	0x50	0x20
09174880	8D16E516	0DDB9337	0x48	0x20
09174920	15D69A74	0DDB9337	0x48	0x20
091749C0	EC10062B	0DDB9337	0x50	0x20
09174A60	279CC6EC	2AEE9311	0x48	0x20
09174B00	569BDE0C	2AEE9311	0x30	0x20
09174BA0	EE8312B2	0E48CD73	0xA0	0x20
09174C40	9422431E	EE8312B2	0xA0	0x20
09174CE0	43D9F27B	0DDB9337	0x48	0x20
09174D80	90ABDCB7	2AEE9311	0x30	0x20
09174E20	0D85C88F	2AEE9311	0x30	0x20
09174EC0	97D02E82	2AEE9311	0x30	0x20
09174F60	87A9B8E7	0DDB9337	0x48	0x20
09175000	9706C2DB	9081BB20	0x78	0x20
091750A0	2225F37E	9081BB20	0x80	0x20
09175140	3A3BEAE9	00000002	0x48	0x20
091751E0	748F748C	3A3BEAE9	0x58	0x20
09175280	3089B60D	3A3BEAE9	0x58	0x20
09175320	D3BB7352	24266891	0x90	0x20
091753C0	E3D1EC93	3A3BEAE9	0x158	0x20
09175460	241E2A0F	3A3BEAE9	0x60	0x20
09175500	706A40A5	5BD00966	0x68	0x20
091755A0	0D129562	9081BB20	0x58	0x20
09175640	6581734D	3A3BEAE9	0x68	0x20
091756E0	2BFD96F9	3A3BEAE9	0x68	0x20
09175780	50D9C919	3A3BEAE9	0x78	0x20
09175820	CB086EF7	9081BB20	0x70	0x20
091758C0	B7C8619C	3A3BEAE9	0x58	0x20
09175960	9081BB20	3A3BEAE9	0x58	0x20
09175A00	09D0C5E1	3A3BEAE9	0x48	0x20
09175AA0	870112A8	00000002	0x30	0x20
09175B40	C8B9E8EF	3A3BEAE9	0x68	0x20
09175BE0	5BD00966	3A3BEAE9	0x58	0x20
09175C80	2FB7CA2E	5BD00966	0x88	0x20
09175D20	A7698367	5BD00966	0x70	0x20
09175DC0	34026694	829FD18B	0x80	0x20
09175E60	B8B5B53D	829FD18B	0x80	0x20
09175F00	829FD18B	00000002	0x80	0x20
09175FA0	A31E8B94	829FD18B	0x80	0x20
09176040	AA19F04E	829FD18B	0x80	0x20
091760E0	357B2BF7	829FD18B	0x80	0x20
09176180	C721A457	829FD18B	0x80	0x20
09176220	60F548FC	829FD18B	0x80	0x20
091762C0	1EC65663	829FD18B	0x80	0x20
09176360	AE16312D	829FD18B	0x80	0x20
09176400	FF11350E	829FD18B	0x80	0x20
091764A0	88F932B6	829FD18B	0x80	0x20
09176540	BF964975	829FD18B	0x80	0x20
091765E0	CD11C248	829FD18B	0x80	0x20
09176680	983D941D	829FD18B	0x80	0x20
09176720	2641CC8A	829FD18B	0x80	0x20
091767C0	2E79B04A	829FD18B	0x140	0x20
09176860	E3743204	829FD18B	0x80	0x20
09176900	00423FAF	829FD18B	0x80	0x20
091769A0	41A9DBC2	829FD18B	0x80	0x20
09176A40	DDFF62E8	829FD18B	0x80	0x20
09176AE0	41DF9535	829FD18B	0x80	0x20
09176B80	9C8253F3	829FD18B	0x80	0x20
09176C20	630C45E3	829FD18B	0x80	0x20
09176CC0	77754112	829FD18B	0x80	0x20
09176D60	60A92F0C	829FD18B	0x80	0x20
09176E00	308FABCC	829FD18B	0x80	0x20
09176EA0	9359C3DD	829FD18B	0x80	0x20
09176F40	FE5BA49E	829FD18B	0x80	0x20
09176FE0	3BAB5C4B	CE660096	0x140	0x20
09177080	8A33B5C5	CE660096	0x140	0x20
09177120	31DB2496	CE660096	0x140	0x20
091771C0	CE660096	2E79B04A	0x140	0x20
09177260	24D4BDF6	829FD18B	0x80	0x20
09177300	5E33B006	CE660096	0x140	0x20
091773A0	7F48EB70	CE660096	0x140	0x20
09177440	FCE73CCC	829FD18B	0x80	0x20
091774E0	694856EE	829FD18B	0x80	0x20
09177580	009A57C8	829FD18B	0x80	0x20
09177620	82998B47	829FD18B	0x80	0x20
091776C0	CB3723FC	829FD18B	0x80	0x20
09177760	9914001B	5BD00966	0x58	0x20
09177800	F71FE29F	5BD00966	0x68	0x20
091778A0	24266891	3A3BEAE9	0x68	0x20
09177940	4CF9B062	5BD00966	0x70	0x20
091779E0	339E23E1	24266891	0x90	0x20
09177A80	866977A9	3A3BEAE9	0x50	0x20
09177B20	2334A265	3A3BEAE9	0x48	0x20
09177BC0	64CBE2DD	5BD00966	0x60	0x20
09177C60	80C7AEF2	0E95FF5B	0x98	0x20
09177D00	EC3AA353	1FAA44FB	0x240	0x20
09177DA0	DD8F5262	0E95FF5B	0x98	0x20
09177E40	252A1580	212980FA	0xE0	0x20
09177EE0	9EC284D3	212980FA	0xF8	0x20
09177F80	0E95FF5B	870112A8	0x98	0x20
09178020	212980FA	C8B9E8EF	0xC8	0x20
091780C0	1FAA44FB	212980FA	0x180	0x20
09178160	7F0C0A47	9081BB20	0x58	0x20
09178200	E20EEBAB	1FAA44FB	0x1F0	0x20
091782A0	089F5CE0	1FAA44FB	0x1A8	0x20
09178340	5FE39883	5BD00966	0x70	0x20
091783E0	F565A00F	9081BB20	0x58	0x20
09178480	9A0A118B	3A3BEAE9	0x68	0x20
09178520	C867978C	3A3BEAE9	0x88	0x20
091785C0	AD6C7EC6	3A3BEAE9	0x90	0x20
09178660	E97550DA	3A3BEAE9	0xD0	0x20
09178700	CC870D8A	2AEE9311	0x38	0x20
091787A0	2341AB2A	CC870D8A	0x40	0x20
09178840	2A099C65	CC870D8A	0x38	0x20
091788E0	C7049E58	CC870D8A	0x38	0x20
09178980	9E9C878B	CC870D8A	0x38	0x20
09179320	927EE10C	CF7623E2	0x50	0x20
091793C0	19B9581D	FA6F25A3	0x28	0x20
09179460	B1EE3E2F	BD62EB16	0x60	0x20
09179500	E4C4B9FD	7DB00F22	0x68	0x20
091795A0	1F699F2D	2AEE9311	0x38	0x20
09179640	58EBC0CC	2AEE9311	0x38	0x20
091796E0	6D06DEBC	58EBC0CC	0x40	0x20
09179780	CB0BDA32	2AEE9311	0x38	0x20
09179820	6ACECD0F	2BC49864	0xC0	0x20
091798C0	6D5BE956	2BC49864	0x118	0x20
09179960	5A44544F	BB96607D	0x88	0x20
09179A00	E72E0B76	BB96607D	0x28	0x20
09179AA0	8909E703	00000001	0x10	0x20
09179B40	300ABD6F	BB96607D	0x208	0x20
09179BE0	36C9CB38	BB96607D	0x38	0x20
09179C80	46B6F0BA	BB96607D	0x28	0x20
09179D20	55C726EA	BB96607D	0xB0	0x20
0917A300	C66FCAF7	CF7623E2	0x208	0x20
0917A3A0	82CFC7CE	00000001	0x10	0x20
0917A440	E493E874	DF9B9B88	0xA0	0x20
0917A4E0	A5B2E68B	E493E874	0xB0	0x20
0917A580	FD48E0B2	A4719476	0x98	0x20
0917A620	A1F7C626	DF9B9B88	0x98	0x20
0917A6C0	91D97D67	DF9B9B88	0x90	0x20
0917A760	9689A3B7	DF9B9B88	0x88	0x20
0917A800	A4719476	DF9B9B88	0x88	0x20
0917A8A0	D63E36CC	DF9B9B88	0xB0	0x20
0917A940	54F224E1	DF9B9B88	0x88	0x20
0917A9E0	3BE82696	DF9B9B88	0x88	0x20
0917AA80	C08420C1	DF9B9B88	0x88	0x20
0917AB20	34725BEA	DF9B9B88	0x88	0x20
0917ABC0	DEB450A2	DF9B9B88	0x88	0x20
0917AC60	B64CB9F5	DF9B9B88	0x88	0x20
0917AD00	DF9B9B88	BB96607D	0x88	0x20
0917ADA0	F9A2B08D	BB96607D	0x1E0	0x20
0917AE40	2104F0F8	BB96607D	0x50	0x20
0917AEE0	25E62A98	AD6A937A	0x60	0x30
0917AF80	04505C46	00000002	0x120	0x20
0917B020	9FEDA7C9	BB96607D	0x38	0x20
0917B0C0	D375771F	DD4B9F35	0x38	0x20
0917B160	0DC7D656	5EACCDA1	0xF0	0x20
0917B200	BC4CA29F	AD6A937A	0x88	0x30
0917B2A0	3F295DAB	DDE14D92	0x70	0x20
0917B340	EB374826	BB96607D	0x78	0x20
0917B3E0	D1D2A301	BB96607D	0x28	0x30
0917B480	9C15461E	00000002	0x20	0x30
0917B520	E10D856A	BB96607D	0x38	0x30
0917B600	3314EDDB	00000001	0x8	0x20
0917B6A0	EAFB2F7C	00000002	0x28	0x30
091F8490	225E4CAD	FA6F25A3	0x28	0x20
091F8530	128FDF50	FA6F25A3	0x28	0x20
091F85D0	47BB7427	03BA4D45	0x50	0x30
091F8670	E27D2ECB	A67C17A9	0x58	0x30
091F8710	3C4ABE79	AD6A937A	0x40	0x30
091F87B0	6908EBD5	BB96607D	0x58	0x20
091F8850	E40DFF59	BB96607D	0x48	0x20
091F88F0	C3F22D27	BB96607D	0x310	0x20
091F8990	68E104F2	AD6A937A	0x48	0x30
091F8A30	FDFE0D2A	6915F913	0x58	0x20
091F8AE0	AD033CC3	6915F913	0xC0	0x20
091F8B80	838557C7	6915F913	0x70	0x20
091F8C20	25335EB9	E3EB4BCB	0xD0	0x20
091F8FD0	49EABE01	6915F913	0xB0	0x20
091F91C0	E9CA961C	49EABE01	0xD8	0x20
091F9260	59C38BAE	BB96607D	0xC0	0x20
091F9300	158F8D95	D233A875	0x58	0x20
091F93A0	D233A875	AF11CFA1	0x50	0x20
091F9440	CB7AA586	00000002	0x40	0x20
091F94E0	8A355A8E	CB0F23F4	0x38	0x20
091F9580	F26A36A7	CB0F23F4	0x38	0x20
091F9620	BDF024B3	CB0F23F4	0x40	0x20
091F96C0	708C16E9	74F60BB0	0x40	0x20
091F9760	9D6F1DDB	BDF024B3	0x40	0x20
091F9800	74F60BB0	BDF024B3	0x40	0x20
091F98A0	D48BE0E1	74F60BB0	0x40	0x20
091F9A90	D25CF207	6915F913	0xA8	0x20
091F9B30	593BB3B8	00000001	0x18	0x20
091F9BD0	D5217772	00000001	0x10	0x20
091F9C70	D55B8B48	49EABE01	0xC8	0x20
091F9D10	3F177117	CB0F23F4	0x50	0x20
091F9DB0	B8EF1B61	49EABE01	0xE0	0x20
091F9E50	2C970534	6915F913	0x220	0x20
091F9EF0	D888E54E	00000001	0x3	0x20
091F9F90	6A6701E0	5E001A4E	0x2E0	0x20
091FA030	F6ECE51B	874D4FB2	0x58	0x20
091FA0D0	6E689075	874D4FB2	0x58	0x20
091FA170	23C582CA	C2C3B4DA	0x20	0x20
091FA210	AB131808	23C582CA	0x38	0x20
091FA2B0	7EA568D4	CF7623E2	0x30	0x20
091FA350	16E5F626	437A601A	0xD8	0x20
091FA3F0	B5175058	00000001	0x8	0x20
091FA490	0769A401	437A601A	0x30	0x20
091FA530	DE29EE89	00000002	0x20	0x20
091FA5D0	317C94A6	00000002	0x28	0x20
091FA750	F3FE63CA	437A601A	0x38	0x20
091FA7F0	701FA9BA	CF7623E2	0x30	0x20
091FA890	032D58E0	00000002	0x18	0x20
091FA930	42BAA40A	CF7623E2	0x100	0x20
091FA9D0	5A5D0666	00000002	0x20	0x20
091FAA70	E3321E18	00000001	0x10	0x20
091FAB10	3218623F	437A601A	0x120	0x20
091FABB0	2F516E3E	00000002	0x20	0x20
091FAC50	FFA850DC	3218623F	0x130	0x20
091FACF0	596037B6	437A601A	0x50	0x20
091FAD90	07224DD7	437A601A	0x78	0x20
091FAE30	D95B82CF	00000001	0xD	0x20
091FAED0	1D5A23F4	00000002	0x48	0x20
091FAF70	7418E9ED	00000002	0x20	0x20
091FB010	DC09827E	00000002	0x40	0x20
091FB0B0	33AE291F	CF7623E2	0x90	0x20
091FB150	0DA8CE4C	00000001	0x8	0x20
091FB1F0	CB63269C	C2C3B4DA	0x80	0x20
091FB290	F4483DB5	AB131808	0x80	0x20
091FB330	236C8241	CF7623E2	0x1E0	0x20
091FB3D0	145D1292	00000002	0x38	0x20
091FB470	276B59E3	00000002	0x30	0x20
091FB510	7EA278E9	00000002	0x88	0x20
091FB5B0	39205A87	00000002	0x18	0x20
091FB650	F6A70C31	39205A87	0x20	0x20
091FB6F0	35E91456	00000002	0x18	0x20
091FB790	3118474F	00000002	0x30	0x20
091FB830	63D24579	00000002	0x28	0x20
091FB8D0	9A5DCB10	437A601A	0x38	0x20
091FB970	36445CAD	00000002	0x30	0x20
091FBA10	AA1484C9	00000002	0x28	0x20
091FBAB0	7A913DC3	00000002	0x20	0x20
091FBB50	EB7190FF	437A601A	0x40	0x20
091FBBF0	1B3ADBC6	CF7623E2	0x28	0x20
091FBC90	ABA03788	CF7623E2	0x60	0x20
091FBD30	0000829B	00000002	0x20	0x20
091FBDD0	268ECF63	00000002	0x20	0x20
091FBE70	FAC21375	437A601A	0x30	0x20
091FBF10	A443EB00	F4BA3B88	0x2F8	0x20
091FBFB0	936E57FF	437A601A	0x88	0x20
091FC050	7527DA62	437A601A	0x38	0x20
091FC0F0	B54C5988	437A601A	0x30	0x20
091FC190	C5616F91	B54C5988	0x38	0x20
091FC230	14362DE0	B54C5988	0x38	0x20
091FC2D0	FE19DD30	B54C5988	0x38	0x20
091FC370	FAA7FC54	B54C5988	0x38	0x20
091FC410	0F90923C	B54C5988	0x38	0x20
091FC4B0	B0DFEC3D	00000001	0xC	0x20
091FC550	7CB808F6	00000002	0x30	0x20
091FC5F0	6D03A30D	00000001	0x10	0x20
091FC690	AF39FEAD	CF7623E2	0x50	0x20
091FC730	F7E268B6	437A601A	0x78	0x20
091FC7D0	75E1CFE6	CF7623E2	0x30	0x20
091FC870	21166C48	BB96607D	0x18	0x20
091FC910	6B638D7B	21166C48	0x20	0x20
091FC9B0	FC6D7881	21166C48	0x18	0x20
091FCA50	021DA0DD	21166C48	0x20	0x20
091FCAF0	5526A535	BB96607D	0x38	0x20
091FCB90	427EB427	437A601A	0x98	0x20
091FCC30	776FAF14	BB96607D	0x58	0x20
091FCCD0	5ED84185	437A601A	0x60	0x20
091FCD70	9B5E83FC	437A601A	0x50	0x20
091FCE10	1E444E7B	1C24F69A	0xA0	0x20
091FCEB0	110C30CC	437A601A	0x30	0x20
091FCF50	2FBCE790	437A601A	0x38	0x20
091FCFF0	13CA7515	2FBCE790	0x70	0x20
091FD090	A021EF55	2FBCE790	0x50	0x20
091FD130	9EC7FB9F	2FBCE790	0x70	0x20
091FD1D0	226B5170	2FBCE790	0x38	0x20
091FD270	F2B02290	2FBCE790	0x48	0x20
091FD310	E531FA3B	2FBCE790	0x60	0x20
091FD3B0	2462F132	437A601A	0x40	0x20
091FD450	B2AA5A7D	1C24F69A	0x68	0x20
091FD4F0	2A9C1951	CF7623E2	0x38	0x20
091FD590	5AFA5094	BB96607D	0x40	0x20
091FD630	8404587F	CF7623E2	0x4A0	0x20
091FD6D0	039647E3	00000002	0x60	0x20
091FD770	DCA816A3	00000001	0x10	0x20
091FD810	211C3D19	437A601A	0x40	0x20
091FD8B0	F8C217BF	CF7623E2	0x100	0x20
091FD950	255F35AE	437A601A	0x38	0x20
091FD9F0	854B8667	00000001	0x28	0x20
091FDA90	DA66BE26	00000001	0x40	0x20
091FDB30	1424BC39	CF7623E2	0x640	0x20
091FDBD0	D81981F4	2A0EA2CC	0x28	0x20
091FDC70	C67A090F	CF7623E2	0x9D0	0x20
091FDD10	DE3204A5	00000001	0x18	0x20
091FDDB0	67A785FE	00000001	0x24	0x20
091FDE50	1CC33853	00000002	0x60	0x20
091FDEF0	B9D68A40	437A601A	0x60	0x20
091FDF90	242436E9	00000002	0x48	0x20
091FE500	950E6730	437A601A	0xC0	0x20
091FE5A0	B1C2C71E	D81981F4	0x60	0x20
091FE640	0C0864B4	CF7623E2	0x1FA0	0x20
091FE6E0	E0E9038F	00000001	0x20	0x20
091FE780	F295B572	00000001	0x68	0x20
091FE820	B7B61B2F	00000001	0x70	0x20
091FE8C0	4355FAF8	00000001	0x28	0x20
091FE960	5E242250	437A601A	0x70	0x20
091FEA00	10C18A88	5E242250	0x78	0x20
091FEAA0	151C772D	5E242250	0x78	0x20
091FEB40	539A6427	5E242250	0x88	0x20
091FEBE0	574EA3D8	10C18A88	0x88	0x20
091FEC80	46096C93	00000002	0x20	0x20
091FED20	27722EBE	CF7623E2	0x388	0x20
091FEDC0	FB3F1972	437A601A	0x30	0x20
091FEE60	7D428EFB	FB3F1972	0x30	0x20
091FEF00	2BCA1E16	00000001	0x8	0x20
091FEFA0	E9E507B5	CF7623E2	0x40	0x20
091FF040	3093DC33	CF7623E2	0x50	0x20
091FF0E0	21C65573	D81981F4	0x50	0x20
091FF180	B48DDE3D	437A601A	0x68	0x20
091FF220	AA3302CF	B48DDE3D	0x70	0x20
091FF2C0	BBF13905	B48DDE3D	0x78	0x20
091FF360	EABA7AE0	B48DDE3D	0x68	0x20
091FF400	98A9D5C5	B48DDE3D	0x68	0x20
091FF4A0	895DD6E9	B48DDE3D	0x68	0x20
091FF540	97D05852	B48DDE3D	0x68	0x20
091FF5E0	45998FF5	B48DDE3D	0x68	0x20
091FF680	9C306AB4	B48DDE3D	0x68	0x20
091FF720	2BDEE851	B48DDE3D	0x70	0x20
091FF7C0	F5007712	B48DDE3D	0xA0	0x20
091FF860	4FFE2D77	B48DDE3D	0x68	0x20
091FF900	D8D3CC5E	B48DDE3D	0x68	0x20
091FF9A0	6724622D	B48DDE3D	0x68	0x20
091FFA40	809D09F9	B48DDE3D	0x68	0x20
091FFAE0	73B21286	B48DDE3D	0x68	0x20
091FFB80	B9901DC0	B48DDE3D	0x68	0x20
091FFC20	968139EB	B48DDE3D	0x68	0x20
091FFCC0	44E89CD3	B48DDE3D	0x68	0x20
091FFD60	DA28B22E	B48DDE3D	0x68	0x20
091FFE00	F2F86315	B48DDE3D	0x68	0x20
091FFEA0	5597C4EE	B48DDE3D	0x68	0x20
091FFF40	98F1E144	B48DDE3D	0x68	0x20
091FFFE0	F4BAB600	B48DDE3D	0x68	0x20
09200080	8035F244	00000001	0x10	0x30
09200120	B5181711	B48DDE3D	0x70	0x20
092001C0	84BA8DC9	B5181711	0x78	0x20
09200260	6F241FE8	B5181711	0x78	0x20
09200300	362DDC3D	B48DDE3D	0x78	0x20
092003A0	9B07DCAC	CF7623E2	0x68	0x20
09200440	80F38F11	D81981F4	0x30	0x20
092004E0	90D2ECCE	437A601A	0xF0	0x20
09201430	1406DC5F	CF7623E2	0x1F0	0x20
092014D0	7C1F8D25	00000002	0x70	0x20
09201570	09E050E6	00000001	0x20	0x20
09201610	A916DE5D	CF7623E2	0x40	0x20
092016B0	57AA1A4F	BB96607D	0x20	0x20
09201750	8F0E14EE	57AA1A4F	0x28	0x20
092017F0	89CCEACC	57AA1A4F	0x48	0x20
09201890	F4ED7339	89CCEACC	0x50	0x20
09201930	7C47AA9B	437A601A	0x290	0x20
09201A40	4A3062BE	00000002	0x28	0x20
09201AE0	EB959937	CF7623E2	0x510	0x20
09201B80	5A63C5CE	437A601A	0x70	0x20
09201C20	A1B26324	00000002	0x28	0x20
09201D70	B71E94D5	23C582CA	0x30	0x20
09201E10	F8226EF6	C2C3B4DA	0x48	0x20
09201EB0	98C455AA	437A601A	0x188	0x20
09201F50	1772FA06	CF7623E2	0x58	0x20
09201FF0	1BE351F2	CF7623E2	0x38	0x20
09202090	2AC313DC	437A601A	0xB0	0x20
09202130	AAD751F6	00000001	0x30	0x20
092021D0	03176C55	D81981F4	0x28	0x20
09202270	3241D08A	1C24F69A	0x30	0x20
09202310	9A57CEAF	CF7623E2	0x340	0x20
092023B0	81FB8798	00000002	0x20	0x20
09202450	A5E369FB	00000001	0x14	0x20
092024F0	60376880	00000001	0x10	0x20
09202590	FFBE3CEE	CF7623E2	0x170	0x20
09202630	52ABEF24	00000002	0x18	0x20
092026D0	D8F6D302	00000001	0x10	0x20
09202770	CA95AA25	00000001	0xC	0x20
09202810	269140FA	00000002	0x20	0x20
092028B0	D10B6A13	CF7623E2	0x20	0x20
09202950	E8BC0679	AB131808	0x98	0x20
092029F0	97788FF1	C2C3B4DA	0x30	0x20
09202A90	9894EEFA	AB131808	0x50	0x20
09202B30	76E920D2	AB131808	0x40	0x20
09202BD0	0DE13398	437A601A	0x38	0x20
09202C70	37A9ED76	437A601A	0x38	0x20
09202D10	014BC5F5	437A601A	0x30	0x20
09202DB0	EF35C1B3	437A601A	0x38	0x20
09202E50	B9F94A1F	437A601A	0x40	0x20
09202EF0	FA00EF4E	437A601A	0x40	0x20
09202F90	8A9F6691	BB96607D	0x28	0x20
09203030	09E84517	437A601A	0x38	0x20
092030D0	05E81546	00000002	0x38	0x20
09203170	AA342E94	00000002	0x30	0x20
09203210	2A43A063	437A601A	0x48	0x20
092032B0	A4C73EA0	CF7623E2	0x48	0x20
09203350	2DC8772C	00000002	0x18	0x20
092033F0	2F339B83	437A601A	0x28	0x20
09203490	93765495	2F339B83	0x30	0x20
09203530	CA220AFB	2F339B83	0x30	0x20
092035D0	CC9535B2	2F339B83	0x90	0x20
09203670	F12BAD98	00000002	0x48	0x20
09203710	A372FA3B	2F339B83	0x38	0x20
092037B0	BD284554	2F339B83	0x30	0x20
09203850	04B2B6CB	2F339B83	0x90	0x20
092038F0	1F695CE2	437A601A	0x28	0x20
09203990	E20CC128	437A601A	0x28	0x20
09203A30	32151795	E20CC128	0x40	0x20
09203AD0	0E24CEDC	E20CC128	0x38	0x20
09203B70	208FA023	E20CC128	0x30	0x20
09203C10	06328042	CF7623E2	0x38	0x20
09203CB0	2A96BF59	00000001	0x10	0x20
09203D50	97A66DD9	00000001	0x10	0x20
09203DF0	CDE1265D	C2C3B4DA	0x30	0x20
09203E90	D58995EE	00000001	0x10	0x20
09203F30	1C24F69A	437A601A	0x20	0x20
09203FD0	655D9BD1	00000002	0x30	0x20
09204150	C571AE0E	00000001	0x10	0x20
092041F0	B2E9B9B9	437A601A	0x1D8	0x20
09204290	6792A9A3	437A601A	0x68	0x20
09204330	BDF5D375	437A601A	0x30	0x20
092043D0	50D86A57	00000002	0x20	0x20
09204470	5D6EE747	00000002	0x30	0x20
09204510	E4E65FB2	CF7623E2	0x198	0x20
092045B0	B60D8CD0	437A601A	0x30	0x20
09204650	8D71FDBE	437A601A	0x70	0x20
092046F0	E1CD4500	CF7623E2	0x90	0x20
09204790	151AC702	00000001	0x28	0x20
09204830	B9F9715F	437A601A	0x48	0x20
092048D0	33E3F7C9	CF7623E2	0x38	0x20
09204970	9D8818F6	437A601A	0x38	0x20
09204A10	343D19C9	437A601A	0x30	0x20
09204AB0	49BCBC4E	437A601A	0x30	0x20
09204B50	F7A29681	CF7623E2	0x30	0x20
09204BF0	414C6B47	00000002	0x50	0x20
09204C90	D7581C2F	00000002	0x20	0x20
09204D30	65FBA2EA	437A601A	0xB0	0x20
092050B0	A6185466	CF7623E2	0x88	0x20
09205150	961C3C11	AB131808	0x48	0x20
092051F0	77A2E88B	DAB14C84	0x30	0x20
09205290	DAB14C84	437A601A	0x28	0x20
09205330	DA0295CA	437A601A	0x28	0x20
092053D0	184506EB	437A601A	0xE0	0x20
09205470	BCF3FB62	F074C0C7	0x90	0x20
092056A0	35424AFE	437A601A	0x30	0x20
09205740	1A43F397	F074C0C7	0x90	0x20
092057E0	734B6D6E	437A601A	0x130	0x20
09205880	A932DF99	437A601A	0x38	0x20
09206170	DD158ED8	CF7623E2	0x170	0x20
09206210	957F659F	C2C3B4DA	0x68	0x20
092062B0	FEBDCC00	437A601A	0xD8	0x20
09206350	000FC482	CF7623E2	0x28	0x20
092063F0	5E482262	437A601A	0x60	0x20
09206490	99D8FAE0	CF7623E2	0x2B0	0x20
09206730	DD564CE6	BB96607D	0xF8	0x20
092067D0	A94F290F	00000001	0x8	0x20
09206870	26C5D55C	00000001	0xC	0x20
09206910	720B490B	C2C3B4DA	0x40	0x20
092069B0	59F72F67	C2C3B4DA	0x30	0x20
09206A50	4F8E9C52	C2C3B4DA	0x30	0x20
09206AF0	19E91061	AD6A937A	0x48	0x30
09206B90	F3A7203C	00000001	0x30	0x30
09206C30	2DF1D564	AD6A937A	0x50	0x30
09206CD0	DC974A0C	00000002	0x10	0x20
09206D70	7DEA551F	00000002	0x10	0x20
09206E10	1BDC0209	00000002	0x10	0x20
09206EB0	A31E0156	00000002	0x30	0x20
09206F50	042D0A0A	BB96607D	0x28	0x20
092070D0	0F9A742B	6915F913	0x70	0x20
09207170	E4DB2046	DC974A0C	0x10	0x20
09207210	BCEFD453	DC974A0C	0x18	0x20
092072B0	AF14982F	DC974A0C	0x18	0x20
09207350	0FBBD5E5	DC974A0C	0x10	0x20
092073F0	9776F592	7DEA551F	0x18	0x20
09207490	BF8E14AC	7DEA551F	0x28	0x20
09207530	F7C15862	7DEA551F	0x10	0x20
092075D0	48B4230E	7DEA551F	0x18	0x20
09207670	3A31E9A3	7DEA551F	0x20	0x20
09207710	781AA750	7DEA551F	0x20	0x20
092077B0	87E18642	7DEA551F	0x20	0x20
09207850	227F13B9	7DEA551F	0x20	0x20
092078F0	2F7EEF3B	7DEA551F	0x18	0x20
09207990	485732DB	1BDC0209	0x18	0x20
09207A30	0BE1A792	1BDC0209	0x28	0x20
09207AD0	9078A7A9	1BDC0209	0x58	0x20
092085F0	ECDC434A	C0362EB4	0x3F0	0x20
09208690	5B2739B1	9D88ECFC	0x88	0x20
092088F0	02AB9204	F2C3C969	0x68	0x20
09208990	954543CC	63E04103	0x80	0x20
09208A30	63E04103	262B9270	0x48	0x20
09208AD0	7E11B693	76BA246B	0xC8	0x20
092095F0	6E9ADA1F	0952F38F	0xF8	0x20
09209690	6103146C	FA6F25A3	0x38	0x20
09209730	7D2E3BCD	00000002	0xA8	0x20
092097D0	B97973D4	00000002	0x3C8	0x20
09209870	2A777C37	BB96607D	0x20	0x20
09209910	90C9258C	F7010C1C	0xE8	0x20
092099B0	8C3DDA0C	849648F4	0x160	0x20
09209A50	053F1206	BB96607D	0x28	0x20
09209AF0	AAEE4C7A	00000002	0x28	0x20
09209B90	FF620BA1	E454D6A4	0x60	0x20
09209C30	CB906381	ADDE68ED	0x38	0x20
09209CD0	0A1AAF98	BB96607D	0x320	0x20
09209D70	BE815ADF	AD6A937A	0x50	0x30
09209E10	9537162B	00000001	0x10	0x30
09209EB0	3A292ACE	C3F22D27	0x310	0x20
09209F50	D4970C64	FA6F25A3	0x28	0x20
09209FF0	693034BE	DDE14D92	0x70	0x20
0920A090	4D05CC46	AD6A937A	0x50	0x30
0920A130	C519ECF6	AD6A937A	0x60	0x30
0920A2B0	314F7B42	CF7623E2	0x40	0x20
0920A350	74E37571	00000001	0x30	0x20
0920A3F0	22E0BE5A	A0DB8555	0x40	0x20
0920A490	DDFAA4AA	22E0BE5A	0x50	0x20
0920A8B0	FC860559	DDFAA4AA	0x150	0x20
0920A950	069C2244	00000002	0x38	0x20
0920A9F0	3F304DFE	00000002	0x58	0x20
0920AA90	07772FA7	3F304DFE	0x60	0x20
0920AB30	98F2E9CC	3F304DFE	0x60	0x20
0920ABD0	F9801250	00000002	0x80	0x20
0920AC70	A0DB8555	00000002	0x20	0x20
0920AD10	CF66BF5F	2BC49864	0xC38	0x20
0920ADB0	856DE51B	00000002	0x88	0x20
0920AE50	753D4CEF	00000001	0x30	0x20
0920AEF0	6561AFCB	AD6A937A	0x48	0x30
0920AF90	CAA381B2	BB96607D	0x30	0x20
0920B110	A7DB16A3	00000001	0x20	0x20
0920B1B0	45F28FCC	00000001	0x28	0x30
0920B250	F89FDE1F	00000001	0x18	0x30
0920B2F0	9311FD4A	00000001	0x48	0x30
0920B390	CACE376A	00000001	0xC	0x30
0920B430	4DF770D3	00000002	0x48	0x30
0920B4D0	94CB5309	68E104F2	0x50	0x30
0920B570	D199C0CA	FA6F25A3	0x30	0x20
0920B610	E933C368	BB96607D	0x90	0x20
0920B6B0	41F845E3	00000001	0x20	0x20
0920BC90	B1F15393	DD4B9F35	0xF0	0x20
0920BD30	BD43F64F	BB96607D	0x38	0x20
0920BDD0	BAD02D49	BB96607D	0x168	0x20
0920BE70	7CE95F80	BB96607D	0xA0	0x20
0920BF10	F3AAAB26	00000001	0x10	0x20
0920BFB0	9B3DDF0B	87DB1FB6	0x50	0x20
0920C060	4C26D554	CF7623E2	0x50	0x20
0920C100	956F24EA	BB96607D	0x170	0x20
0920C1A0	6F2FF442	BB96607D	0x1E0	0x20
0920C240	AF11CFA1	BB96607D	0x38	0x20
0920C2E0	516C76A4	BB96607D	0x60	0x20
0920C380	0693654C	00000001	0x10	0x20
0920C420	C1C62782	CF7623E2	0x30	0x20
0920C4C0	A8058FE8	BB96607D	0xF0	0x20
0920C560	02FC9806	AD6A937A	0x58	0x30
0920C600	D201C256	00000002	0xD0	0x20
0920C6A0	AD9DF153	D201C256	0x100	0x20
0920C740	3D09B742	D201C256	0xF0	0x20
0920CCB0	36A7EBEC	00000002	0x198	0x20
0920CD60	79549B5B	FA6F25A3	0x38	0x20
0920CE00	FEF1C242	3AE012B2	0x28	0x20
0920CEA0	CE9345F5	FA6F25A3	0x20	0x20
0920CF40	2583B913	FA6F25A3	0x20	0x20
0920CFE0	ED753FF7	FA6F25A3	0x20	0x20
0920D080	700F602C	FA6F25A3	0x20	0x20
0920D120	C41E1666	00000002	0x28	0x20
0920D1C0	EC522E4C	00000002	0x18	0x20
0920D260	91F621CC	00000002	0x18	0x20
0920D300	95E0E0C5	FA6F25A3	0x20	0x20
0920D3A0	EF0C175E	95E0E0C5	0x50	0x20
0920D440	13F09B07	95E0E0C5	0x50	0x20
0920D4E0	41BC479A	95E0E0C5	0x20	0x20
0920D580	B79D56F0	EF0C175E	0x50	0x20
0920D620	35627720	95E0E0C5	0x20	0x20
0920D6C0	30DD0AE0	EF0C175E	0x50	0x20
0920D760	ECB554EE	95E0E0C5	0x20	0x20
0920D800	B6FC7C68	95E0E0C5	0x20	0x20
0920D8A0	EA03AAED	EF0C175E	0x50	0x20
0920D940	62727C5C	13F09B07	0x50	0x20
0920D9E0	53937CA5	13F09B07	0x50	0x20
0920DA80	FCDAE6DD	EF0C175E	0x50	0x20
0920DB20	4D77ACD5	95E0E0C5	0x20	0x20
0920DBC0	7615B212	13F09B07	0x58	0x20
0920DC60	1678178C	D9837CA6	0x150	0x20
0920DD00	C60305A6	00000002	0x50	0x20
0920DDA0	3D105129	C60305A6	0x90	0x20
0920DE40	D2D23A17	C60305A6	0x60	0x20
0920DEE0	30D500AE	D2D23A17	0x70	0x20
0920DF80	70123DE7	D2D23A17	0x70	0x20
0920E020	B0EAD554	70123DE7	0x70	0x20
0920E0C0	D649E9D7	70123DE7	0x70	0x20
0920E160	14206836	70123DE7	0x70	0x20
0920E200	14B66FEF	D9837CA6	0x90	0x20
0920E2A0	D9837CA6	FF620BA1	0x68	0x20
0920E340	1E1A7A75	D9837CA6	0x90	0x20
0920E3E0	DB27B14A	D9837CA6	0x98	0x20
0920E480	625F0CA4	D9837CA6	0xB8	0x20
0920E520	D0148DA3	69655FFE	0xF0	0x20
0920E5C0	14E295D1	CB906381	0x38	0x20
0920E6A0	8E0BB14B	FA6F25A3	0x20	0x20
0920E740	5832E19C	00000002	0x28	0x20
0920E7E0	4ECE5DD7	AD6A937A	0x58	0x30
0920E880	44D2D38A	D233A875	0x58	0x20
0920E920	C6719813	AF11CFA1	0x40	0x20
0920E9C0	280C563B	AF11CFA1	0x40	0x20
0920EA60	24CBFF6D	00000002	0x30	0x20
0920EB00	916B20EA	AD6A937A	0x50	0x30
0920EBA0	89790C12	00000001	0x10	0x30
0920EC40	86CF2A9D	BB96607D	0x30	0x20
0920ECE0	9055661C	4FA57627	0x160	0x20
0920ED80	50BC0FE6	4FA57627	0x40	0x20
0920EE20	7C47FCDC	4FA57627	0x1F0	0x20
0920EEC0	99300ED3	4FA57627	0x38	0x20
0920EF60	A387D8AF	4FA57627	0x40	0x20
0920F000	81058E4E	AD6A937A	0x50	0x30
0920F0A0	7265AE97	4FA57627	0x110	0x20
0920F140	641195EC	4FA57627	0xE0	0x20
0920F1E0	B05446DB	4FA57627	0x48	0x20
0920F280	64A9ECB6	4FA57627	0x70	0x20
0920F320	4FA57627	00000002	0x30	0x20
0920F3C0	6BAC55DB	4FA57627	0x60	0x20
0920F460	2D2BC50A	4FA57627	0xC8	0x20
0920F500	BF121669	4FA57627	0x50	0x20
0920F5A0	90FEF1A2	4FA57627	0x80	0x20
0920F640	4767D1FA	E7C448DA	0x88	0x20
0920F6E0	322A36D6	4FA57627	0x70	0x20
0920F780	25D2E276	4FA57627	0x110	0x20
0920F820	95023E2E	4FA57627	0x60	0x20
0920F8C0	4FF030C7	4FA57627	0x30	0x20
0920F960	244D993C	22F45C4E	0xE0	0x20
0920FA00	229F7282	244D993C	0x100	0x20
0920FAA0	1C347464	244D993C	0x110	0x20
0920FB40	CC45720D	244D993C	0xF0	0x20
0920FBE0	6A5859DF	4FA57627	0x90	0x20
0920FC80	09E1964A	244D993C	0x210	0x20
0920FD20	7A8F8762	4FA57627	0x98	0x20
0920FDC0	5C152737	4FA57627	0x58	0x20
0920FE60	28D7C60D	4FA57627	0x68	0x20
0920FF00	4DB00872	4FA57627	0x40	0x20
0920FFA0	46B282AC	4FA57627	0x30	0x20
09210040	DDCA1833	4FA57627	0xD8	0x20
092100E0	DA139562	4FA57627	0x50	0x20
09210180	8658B33A	4FA57627	0xD0	0x20
09210220	5C33AE6B	4FA57627	0x68	0x20
092102C0	B8E420DF	5C33AE6B	0xD0	0x20
09210360	692BA5B7	4FA57627	0x60	0x20
09210400	B5021EB8	4FA57627	0x90	0x20
092104A0	CAEC59BE	4FA57627	0x30	0x20
09210540	4A0700A5	4FA57627	0x40	0x20
09210EA0	2052DB38	4FA57627	0x160	0x20
09210F40	00AB8D78	4FA57627	0x110	0x20
09210FE0	2DC9A356	4FA57627	0x48	0x20
09211080	22F45C4E	00000002	0x38	0x20
09211120	FE538E1C	22F45C4E	0xD0	0x20
092111C0	599F39F7	99300ED3	0x60	0x20
09211260	A6CADA2A	2052DB38	0x1F0	0x20
09211300	352A4D9B	4FA57627	0x1F0	0x20
092113A0	98A14890	64A9ECB6	0xC0	0x20
09211440	39197DEF	90573C87	0x68	0x20
092114E0	29F804E3	D3BCADF7	0x58	0x20
09211580	93DC9EAA	6BAC55DB	0xE8	0x20
09211620	EDB7FB8E	4FA57627	0x238	0x20
092116C0	E418AB31	4FA57627	0x38	0x20
092118B0	6EE84EBD	4FA57627	0x60	0x20
09211950	25E28E2D	2052DB38	0x170	0x20
092119F0	4D8EDE31	4FA57627	0x40	0x20
09211A90	F48AFC8B	4FA57627	0xA0	0x20
09211B30	D21F4A52	4FA57627	0x88	0x20
09211BD0	BD23ECCE	00000001	0x10	0x20
09211C70	54CB8AD2	BB96607D	0x30	0x20
09211D10	3F69D308	BB96607D	0x40	0x20
09211DB0	8977CC11	FA6F25A3	0x30	0x20
09211E50	E48F5FEC	00000002	0x60	0x20
09211EF0	C46E27AB	00000002	0x60	0x20
09211F90	F585BCA5	00000002	0x3D8	0x20
09212030	EFD4C3D8	BB96607D	0x40	0x20
092120D0	00C71EC8	EFD4C3D8	0x48	0x20
09212170	CD0BFB81	EFD4C3D8	0x48	0x20
09212210	13FD0905	EFD4C3D8	0x50	0x20
092122B0	9D1611DB	EFD4C3D8	0x48	0x20
09212350	D682ED0E	EFD4C3D8	0x48	0x20
092123F0	18AEEC8E	EFD4C3D8	0x48	0x20
09212490	BDF146C9	EFD4C3D8	0x48	0x20
09212530	C2DB2510	EFD4C3D8	0x48	0x20
092125D0	32AA5244	EFD4C3D8	0x50	0x20
09212670	947AD04E	EFD4C3D8	0x48	0x20
09212710	37C31A4B	EFD4C3D8	0x48	0x20
092127B0	B6115188	EFD4C3D8	0x48	0x20
09212850	6D04ED5F	EFD4C3D8	0x48	0x20
092128F0	8F24869F	EFD4C3D8	0x48	0x20
09212990	0392AB0A	EFD4C3D8	0x48	0x20
09212A30	E4E294F6	EFD4C3D8	0x48	0x20
09212AD0	0B3E567B	EFD4C3D8	0x48	0x20
09212B70	64841B45	EFD4C3D8	0x48	0x20
09212C10	D3A6897E	EFD4C3D8	0x48	0x20
09212CB0	5133BCF6	EFD4C3D8	0x50	0x20
09212D50	B33439CD	EFD4C3D8	0x48	0x20
09212DF0	68093EA4	EFD4C3D8	0x48	0x20
09212E90	DD83833E	EFD4C3D8	0x48	0x20
09212F30	4C652B81	EFD4C3D8	0x48	0x20
09212FD0	5A78AACD	EFD4C3D8	0x48	0x20
09213070	091D83A1	EFD4C3D8	0x48	0x20
09213110	5BFF3E2A	EFD4C3D8	0x48	0x20
092131B0	508D734B	EFD4C3D8	0x48	0x20
09213250	BDC2F8C9	EFD4C3D8	0x48	0x20
092132F0	DA64DBE8	EFD4C3D8	0x48	0x20
09213390	5782B922	EFD4C3D8	0x48	0x20
09213430	3A998EED	EFD4C3D8	0x48	0x20
092134D0	7F6673E5	EFD4C3D8	0x48	0x20
09213570	BE907CD5	EFD4C3D8	0x48	0x20
09213610	4D2E1CDB	EFD4C3D8	0x48	0x20
092136B0	2B8DEDB0	EFD4C3D8	0x48	0x20
09213750	8AA055CD	EFD4C3D8	0x58	0x20
092137F0	339CFD5E	A02405B7	0x60	0x20
09213890	5BF9CD30	4FA57627	0x30	0x20
09213930	E3A43787	4FA57627	0x88	0x20
092139D0	F43F9FCF	7265AE97	0x110	0x20
09213A70	EDA5AF1E	4FA57627	0x48	0x20
09213B10	E7C448DA	4FA57627	0x78	0x20
09213BB0	EBAA123C	4FA57627	0xC0	0x20
09213C50	10702E28	4FA57627	0x70	0x20
09213CF0	AAA1D969	7265AE97	0x118	0x20
09213D90	6104E0C2	4FA57627	0xD0	0x20
09213E30	88B17A5E	BB96607D	0xA8	0x20
09213ED0	CB3A99C3	00000002	0x130	0x20
09213F70	D1CD7268	88B17A5E	0xC0	0x20
09214010	FD1C5640	00000002	0x28	0x20
092140B0	023B8B5E	BB96607D	0x38	0x20
09214150	32E21FF6	2150C7E2	0x2C0	0x20
092141F0	1A601692	DE73F9AE	0x78	0x20
09214290	CC776D68	1A601692	0x88	0x20
09214330	13BB3B7A	1A601692	0x80	0x20
092143D0	F36EB64A	13BB3B7A	0x90	0x20
09214470	52364243	CC776D68	0x90	0x20
09214510	45690742	1A601692	0x88	0x20
092145B0	69C047DA	45690742	0x90	0x20
09214650	26277FC0	1A601692	0xB0	0x20
092146F0	C5CFC57B	CC776D68	0xC0	0x20
09214790	083B8B8B	4FA57627	0x38	0x20
09214830	BECFD09A	4FA57627	0x40	0x20
092148D0	91D9C561	4FA57627	0x30	0x20
09214970	9B582B14	4FA57627	0x1B0	0x20
09214A10	AE8FE9EF	4FA57627	0x50	0x20
09214AB0	926D0DEB	4FA57627	0x80	0x20
09214B50	90573C87	4FA57627	0x58	0x20
09214BF0	0CEFC76A	4FA57627	0x68	0x20
09214C90	C7C92FA7	4FA57627	0x68	0x20
09214D30	EF3871DD	4FA57627	0x50	0x20
09214DD0	D3BCADF7	4FA57627	0x38	0x20
09214E70	B83E9CEF	4FA57627	0x70	0x20
09214F10	CB2FC343	4FA57627	0x40	0x20
09214FB0	FADFCBEB	4FA57627	0x38	0x20
09215050	5ADC189B	4FA57627	0xE0	0x20
092150F0	5291BA46	7265AE97	0x138	0x20
09215190	5A169469	4FA57627	0x40	0x20
09215230	5A51CD61	4FA57627	0xB8	0x20
092152D0	C9B25446	4FA57627	0x3F0	0x20
09215370	3B7DD9DD	AD6A937A	0x68	0x30
09215410	396EDABA	00000001	0x18	0x30
092154B0	F4057B75	CE4B0173	0x20	0x20
09215550	ECA9E46E	CE4B0173	0x38	0x20
092155F0	48AB2B55	ECA9E46E	0x40	0x20
09215690	573C74F7	CE4B0173	0x18	0x20
09215730	97A88ADB	CE4B0173	0x30	0x20
092157D0	93F485A8	00000002	0x18	0x20
09215870	948DACA3	CE4B0173	0x20	0x20
09215910	CF2F3345	CE4B0173	0x28	0x20
092159B0	05439996	1EF06440	0x30	0x20
09215A50	68AAA259	CF2F3345	0x30	0x20
09215AF0	38E5AE31	4FA57627	0x30	0x20
09215B90	B7B0EDE2	4FA57627	0x48	0x20
09215C30	56E90524	4FA57627	0x200	0x20
09215CD0	AA8902D7	4FA57627	0x30	0x20
09215D70	73EA0416	00000001	0x18	0x30
09215E10	3950BC5A	00000001	0x10	0x30
09215EB0	40A09CDB	00000002	0x28	0x30
09215F50	436B9713	AD6A937A	0x48	0x30
09215FF0	CB819E7B	C3F22D27	0x410	0x20
09216090	89551F71	BB96607D	0xA8	0x20
09216130	052E6E66	C3F22D27	0x4F0	0x20
092161D0	E4A46466	AD6A937A	0x50	0x30
09216270	3D9D52AB	DDE14D92	0x70	0x20
09216310	FD4C66DE	437A601A	0x28	0x20
092163B0	C1DB545F	DDE14D92	0x70	0x20
09216450	AC235DF9	760869AD	0x28	0x30
092164F0	658B5492	AD6A937A	0x68	0x30
09216590	F14CCA6D	DDE14D92	0x70	0x20
09216630	F40E44E7	DDE14D92	0x70	0x20
092166D0	760869AD	00000002	0x20	0x30
09216770	03BA4D45	AD6A937A	0x50	0x30
09216810	7607E896	FA6F25A3	0x28	0x20
092168B0	C0EA1AE0	DDE14D92	0x70	0x20
09216950	ABFBF026	DDE14D92	0x70	0x20
092169F0	258435AB	DDE14D92	0x70	0x20
09216A90	FC25CCF8	DDE14D92	0x88	0x20
09216B30	121CBE2B	DDE14D92	0x70	0x20
09216BD0	5F34045A	AF11CFA1	0x40	0x20
09216C70	9E923BE3	CF7623E2	0x318	0x20
09216D10	71A3D76C	CF7623E2	0x30	0x20
09216DB0	602BDBD6	00000001	0xD	0x20
09216E50	34392035	FA6F25A3	0x38	0x20
09216EF0	651F1E2E	BB96607D	0x48	0x20
09216F90	101FA7DA	6915F913	0x80	0x20
09217030	4DBBDEFA	00000001	0xC	0x20
092170D0	E28B705D	00000002	0x20	0x20
09217170	54AC4DD5	00000002	0x30	0x20
09217210	FA76836D	00000002	0x28	0x20
092172B0	645AEB43	00000002	0x28	0x20
09217350	4CBEA232	DBA5C75B	0x60	0x20
09217700	39CA987B	BB96607D	0x50	0x20
092177A0	A5388F27	BB96607D	0x58	0x20
09217840	B51D7715	4CBEA232	0x68	0x20
092178E0	FB8D4847	CF7623E2	0x58	0x20
09217980	B0F8536E	437A601A	0x70	0x20
09217A20	EAF784CF	00000002	0x50	0x20
09217AC0	B0AF688E	00000002	0x28	0x20
09217B60	E853F22C	99300ED3	0x38	0x20
09217C00	302EE38C	BB96607D	0x520	0x20
09217CA0	7C2C7CB5	9E28B666	0xB0	0x20
09217D40	A67C17A9	68E104F2	0x58	0x30
09217DE0	F7CEE6B2	00000002	0x120	0x30
09217E80	53DB8A0E	00000002	0x68	0x30
09217F20	6D0FDB6E	00000002	0xB0	0x20
09217FC0	BF8A501B	00000002	0x28	0x20
09218060	1E4FFB70	FA6F25A3	0x20	0x20
09218100	B11E6AB8	1E4FFB70	0x20	0x20
092181A0	F37E082F	1E4FFB70	0x20	0x20
09218240	5FD2974E	1E4FFB70	0x20	0x20
092182E0	B85BAD93	1E4FFB70	0x20	0x20
09218380	3D452E2C	FA6F25A3	0x20	0x20
09218420	60AA7B98	00000002	0x170	0x20
092184C0	8FA5CB85	AD6A937A	0x58	0x30
09218E60	7EA1F383	C62E24DD	0x33E8	0x20
09219F90	B48CA7C4	84DA08DA	0x10	0x0
0921A030	B36A772A	84DA08DA	0x18	0x0
0921A0D0	54F9227A	84DA08DA	0x10	0x0
0921A170	F478466B	B36A772A	0x18	0x0
0921A210	4FC14FED	B36A772A	0x18	0x0
0921A2B0	B7DE18F9	84DA08DA	0x18	0x0
0921A350	37A95EA2	84DA08DA	0x10	0x0
0921A3F0	1906EB15	84DA08DA	0x18	0x0
0921A490	0490D0DF	87DB1FB6	0x40	0x0
0921A530	536176DF	00000001	0x8	0x0
0921A5D0	0524DD96	0E243544	0x80	0x0
0921A680	59C3E041	FA6F25A3	0x60	0x0
0921A720	07CBF9EE	FA6F25A3	0x20	0x0
0921A7C0	01138CFC	00000002	0x20	0x0
0921A860	AEC28A9E	FA6F25A3	0x48	0x0
0921A900	533B5388	FA6F25A3	0x18	0x0
0921A9A0	C715DE6F	FA6F25A3	0x20	0x0
0921AA40	3A65BF60	FA6F25A3	0x18	0x0
0921AAE0	446B19BA	FA6F25A3	0x28	0x0
0921AB80	2B99B0CA	FA6F25A3	0x20	0x0
0921AC20	BB67B47E	FA6F25A3	0x30	0x0
0921ACC0	AD6A937A	B7806F86	0x38	0x10
0921AD60	827064C9	CB0F23F4	0x20	0x0
0921AE00	EE47A115	DE73F9AE	0x58	0x0
0921AEA0	A3349DD3	2150C7E2	0x2B8	0x0
0921B100	BFFB806D	C2C3B4DA	0x40	0x0
0921B1A0	61DF8BC3	C2C3B4DA	0x28	0x0
0921B2F0	DE73F9AE	BFFB806D	0x58	0x0
0921B390	E8386BFA	00000001	0xC	0x0
0921B430	D9269FCB	18154E88	0x128	0x10
0921B4D0	0B930037	D9269FCB	0x128	0x0
0921B570	527356A7	D9269FCB	0x128	0x0
0921B610	69DFF4A5	D9269FCB	0x128	0x0
0921B790	C391C66C	BFFB806D	0x60	0x0
0921B830	18154E88	423C7BFE	0x128	0x10
0921B8D0	8BF0A55A	C62E24DD	0x520	0x0
0921B970	A32719AC	2150C7E2	0x2B8	0x0
0921BD60	6703A764	2150C7E2	0x2E8	0x0
0921BE00	91137C0A	2150C7E2	0x2B8	0x0
0921C4C0	5F6A7B6C	FC668456	0x2B8	0x0
0921C560	0E76951C	5F6A7B6C	0x2B8	0x0
0921C600	2150C7E2	5F6A7B6C	0x2B8	0x0
0921C780	7B85A894	00000001	0x28	0x0
0921C820	19B627D2	2150C7E2	0x2C8	0x0
0921C8C0	4F17B427	DE73F9AE	0x58	0x0
0921C960	8C5BEF63	DE73F9AE	0x60	0x0
0921CA00	15E34679	DE73F9AE	0x58	0x0
0921CAA0	8B5FB38B	DE73F9AE	0x68	0x0
0921CB40	DA1A19A7	00000002	0x10	0x0
0921CBE0	200A4896	00000002	0x10	0x0
0921CC80	8F7AD435	00000002	0x10	0x0
092200D0	8439D281	BB96607D	0x38	0x20
092201E0	A6C8E3C8	8439D281	0x48	0x20
09220280	412229A4	9B637C0D	0x40	0x20
09220320	EF1A4F7B	9B637C0D	0x40	0x20
092203C0	BE49CD09	437A601A	0x7A0	0x20
09220460	0020A8AC	BB96607D	0x30	0x20
09220500	BD0A1208	BB96607D	0x88	0x20
092205A0	BDDDFCFA	BD0A1208	0x90	0x20
09220640	96EB1135	437A601A	0x1A8	0x20
092206E0	F9C11F53	00000001	0x8	0x20
09220780	55E42EC3	5722A3BA	0x28	0x20
09220820	11D19828	2BC49864	0x48	0x20
092208C0	E018E779	2BC49864	0x30	0x20
09220960	DBC88E28	2BC49864	0x30	0x20
09220A00	9FDC65CC	2BC49864	0x48	0x20
09220AA0	6748EB4A	2BC49864	0x30	0x20
09220B40	FFA3B525	2BC49864	0x30	0x20
09220BE0	D610AB44	2BC49864	0x78	0x20
09220C80	9B637C0D	8439D281	0x38	0x20
09220D20	2C79E12E	C62E24DD	0x30	0x20
09220DC0	B481B674	2BC49864	0x48	0x20
09220E60	5D9FE1B9	2BC49864	0x38	0x20
09220F00	5722A3BA	BB96607D	0x28	0x20
092223B0	7DA61331	00000001	0x18	0x0
09222450	ED9ED673	00000001	0x20	0x0
092224F0	3F3EE58E	BB96607D	0x20	0x0
09222590	2F5D389C	00000002	0x8	0x0
09222630	196D1D7C	00000001	0x18	0x0
092226D0	DFAF6D53	00000001	0x10	0x0
09222770	BC31EF66	BB96607D	0x40	0x0
09222810	5593F90A	BB96607D	0x20	0x0
092228B0	5FD7C428	00000001	0x10	0x0
09222A00	9A063F77	00000001	0x28	0x0
09222AA0	219424C4	00000001	0x1	0x0
09222B40	931181BF	BB96607D	0x20	0x0
09222BE0	9BF4C2A9	BB96607D	0x40	0x0
09222C80	2524CC3B	00000001	0x1C	0x0
09222D20	02E097F8	00000001	0xC	0x0
09222DC0	DCEC095B	00000001	0x8	0x0
09222E60	7B92AC08	00000001	0x8	0x0
09222F00	833D4D59	00000001	0x18	0x0
09223080	33DBC8A5	9832F85D	0x38	0x0
09223200	45421DEE	431F8D59	0x30	0x0
092232A0	952777D5	00000001	0x1	0x0
09223340	EBEFAF99	00000002	0x30	0x0
092233E0	DB9C73D8	BB96607D	0x58	0x0
092234F0	21011BE5	00000001	0x10	0x0
09223800	3A250224	BB96607D	0x70	0x0
092238A0	66AE3B5D	BB96607D	0x20	0x0
09223940	DBA5C75B	BB96607D	0x10	0x0
092239E0	A85DEF18	00000002	0x10	0x0
09223A80	C5D471B3	39239256	0x30	0x0
09223B20	B01B990F	3AE012B2	0x20	0x0
09223BC0	360BFE0D	C5D471B3	0x40	0x0
09223C60	85CB866D	3AE012B2	0x20	0x0
092253C0	E7BF34AD	CB0F23F4	0x58	0x20
09225460	6F443A20	CB0F23F4	0x60	0x20
092255A0	EA81AE20	C7C045E7	0x78	0x20
0922B8C0	C88FAF6E	D6AC811C	0x1310	0x20
0922B960	8AEF130D	A0A59829	0x38	0x20
0922BA00	3A6ED57F	BB96607D	0x30	0x20
0922BAA0	A0A59829	3A6ED57F	0x30	0x20
0922BB40	6437A0B7	3A6ED57F	0x30	0x20
0922BBE0	03559826	6437A0B7	0x38	0x20
0922BC80	D7E0FE45	6437A0B7	0x40	0x20
0922BD20	BA12DFE8	D7E0FE45	0x48	0x20
0922BDC0	FB01E95C	A0A59829	0x50	0x20
0922BE60	911A8266	A0A59829	0x48	0x20
0922BF00	2DFA56AF	A0A59829	0x50	0x20
0922BFA0	6EAEFA36	A0A59829	0x40	0x20
0922C050	435B940E	A0A59829	0x50	0x20
0922C0F0	0C1C8C28	A0A59829	0x48	0x20
0922C960	D34CA5F7	FE135918	0x48	0x20
0922CA00	411647DB	064B67A6	0x20	0x20
0922CAA0	E05D09EF	FE135918	0x30	0x20
0922CB40	CC318F17	00000001	0x10	0x20
0922CBE0	064B67A6	00000002	0x18	0x20
0922CC80	6EE12939	064B67A6	0x20	0x20
09234FF0	08C9B2F3	266C265D	0x1320	0x20
09235090	5B20E7BA	00000001	0x18	0x20
09235130	0ADD1385	00000002	0x28	0x20
092351D0	2AB00E78	00000002	0x40	0x20
09235270	3E6878D0	00000002	0x20	0x20
09235310	1C8D5C58	CF7623E2	0x40	0x20
092353B0	5F45B862	8B372A86	0x390	0x20
09235450	53002457	BB96607D	0x28	0x20
092354F0	AED8130E	BB96607D	0x20	0x20
09235590	A3716325	BB96607D	0x18	0x20
09235630	ED0E9A24	00000002	0x10	0x20
092356D0	F16F3B6F	CB0F23F4	0x170	0x20
09235770	76D28427	C62E24DD	0x30	0x20
09235810	1EF06440	00000002	0x20	0x20
092358B0	CE4B0173	00000002	0x18	0x20
09235950	5B9FB912	BB96607D	0x118	0x20
092359F0	E93750FC	BB96607D	0x348	0x20
09235A90	40EB0A0A	EED18A51	0x220	0x20
09235C50	133D90DC	BB96607D	0x70	0x20
0923A5E0	79210545	BB96607D	0xC8	0x0
0923AD80	60B663FB	BB96607D	0x98	0x0
0923AE20	CC7179DA	00000001	0x8	0x0
0923AEC0	973530D4	FA6F25A3	0x20	0x0
0923AF60	90CEB731	FA6F25A3	0x20	0x0
0923B000	DD28B05B	BB96607D	0x68	0x0
0923B0A0	9169B785	00000002	0x10	0x0
0923B140	9DB0AF15	9169B785	0x18	0x0
0923B2C0	022F146B	BB96607D	0x30	0x0
0923B360	0286EAC2	00000002	0x8	0x0
0923B400	73EF3E50	6210B979	0xA8	0x0
0923B4A0	F75BD632	5C21AFD3	0x20	0x0
0923B620	E3511E9E	2B32338D	0x48	0x0
0923B7A0	2B32338D	6210B979	0x30	0x1
0923B920	BC399355	2B32338D	0x38	0x0
0923BA30	71FC0B5D	BC399355	0x40	0x0
0923BAD0	5C21AFD3	6210B979	0x20	0x0
0923BC50	91565C39	6210B979	0x28	0x1
0923BCF0	4836F507	FA6F25A3	0x18	0x0
0923BD90	B59BE2B6	4836F507	0x28	0x0
0923BE30	85D7C27C	91565C39	0x30	0x0
0923BED0	1C1D5EEA	6210B979	0x20	0x0
0923BFE0	6210B979	00000002	0x10	0x1
0923C080	6D90A8D7	6210B979	0x18	0x0
0923C120	BB05BE2D	5C21AFD3	0x20	0x0
0923C1C0	1BD169E0	5C21AFD3	0x28	0x0
0923C2D0	480DBED6	6210B979	0x20	0x0
0923C610	086873C8	6210B979	0x50	0x0
0923C6B0	614A11C3	6210B979	0x10	0x0
0923C750	1A7B2F89	BB96607D	0x20	0x0
0923C7F0	5A3BC3A9	BB96607D	0x10	0x0
0923C890	CC00B08B	1A7B2F89	0x28	0x0
0923C930	F5528193	1A7B2F89	0x50	0x0
0923CA40	51C1A370	1A7B2F89	0x28	0x0
0923CAE0	287E5ABE	BB96607D	0x20	0x0
0923CB80	E2950037	00000001	0x20	0x0
0923CC20	6F65F2ED	00000001	0x10	0x0
0923CCC0	74C08007	BB96607D	0x20	0x0
0923CD60	26DA75EF	1A7B2F89	0x28	0x0
0923CE00	972AE99D	00000001	0x10	0x0
0923CEA0	09C4884A	BB96607D	0x20	0x0
0923CF40	198F3BA4	00000001	0x10	0x0
0923CFE0	6D0C47CC	BB96607D	0x20	0x0
0923D080	321E790B	00000001	0x10	0x10
0923D120	5713CE96	00000001	0xC	0x10
0923D1C0	C46DAB41	BB96607D	0x28	0x0
0923D3B0	F14235AE	BB96607D	0x68	0x0
0923D450	C19335C0	EED18A51	0x48	0x0
0923D4F0	0AC71715	BB96607D	0x10	0x0
0923D590	DB3596AB	F193915C	0x170	0x0
0923D630	8F4EC70D	FA6F25A3	0x30	0x0
0923D900	05CC7D96	00000001	0x50	0x0
0923D9A0	797669DA	BB96607D	0x20	0x0
0923DAB0	5C8505C2	CB0F23F4	0x48	0x0
0923DB50	7608E2D9	BB96607D	0x10	0x0
0923DBF0	4579B822	00000001	0x20	0x0
0923DDE0	C2B1A31C	00000001	0x28	0x0
0923DF60	62A02667	00000002	0x10	0x0
0923E000	D0982421	62A02667	0x18	0x0
0923E180	E71F810D	00000002	0x28	0x0
0923E220	A8B494A9	E71F810D	0x28	0x0
0923E2C0	CEA54CB8	62A02667	0x20	0x0
0923E360	F2FE1532	A8B494A9	0x30	0x0
0923E400	6E46192C	BB96607D	0x10	0x4000
0923E4A0	85FC184D	BB96607D	0x10	0x0
0923E540	201314A3	BB96607D	0x7A0	0x0
0923E7A0	33E86CF3	9CEFC2A0	0x130	0x0
0923E840	9CEFC2A0	B4F0AF42	0x20	0x0
0923E8E0	F32DE955	BB96607D	0x20	0x0
0923E980	58ADF508	8F4EC70D	0x38	0x0
0923EA20	BA78663D	8F4EC70D	0x50	0x0
0923EAC0	2F38CBCE	8F4EC70D	0x38	0x0
0923EB60	0A582FB0	8F4EC70D	0x38	0x0
0923EC00	016BAE37	8F4EC70D	0x40	0x0
0923ECA0	5DC81B4E	8F4EC70D	0x38	0x0
0923ED40	AF617972	8F4EC70D	0x38	0x0
0923EE50	14D174F7	00000002	0x1C0	0x0
0923EEF0	E00AE315	00000002	0x10	0x0
0923EF90	C77192EC	00000002	0x28	0x0
0923F030	1C2A363F	BB96607D	0x10	0x0
0923F0D0	2C1F68F9	00000002	0x10	0x0
0923F170	26DCA97E	BB96607D	0x18	0x0
0923F210	F193915C	33E86CF3	0x170	0x0
0923F2B0	47F3FD8A	F32DE955	0x30	0x0
0923F350	9290EFFC	00000002	0x10	0x0
0923F3F0	CA3975A9	A02405B7	0xE0	0x0
0923F490	01C0DE20	A02405B7	0x58	0x0
0923F530	30533CDC	A02405B7	0x68	0x0
0923F5D0	17ACCC81	A02405B7	0x58	0x0
0923F670	6C29CC1A	A02405B7	0x58	0x0
0923F710	69A8DFE7	A02405B7	0x70	0x0
0923F7B0	81A6274E	A02405B7	0x50	0x0
0923F850	CF08A02C	A02405B7	0x60	0x0
0923FA10	C16F14EF	A02405B7	0x70	0x0
0923FC70	02987FF1	308388EA	0x90	0x0
0923FDF0	354A551D	A02405B7	0x60	0x0
0923FE90	A02405B7	BB96607D	0x48	0x0
0923FFE0	0358C1E9	00000002	0x18	0x0
092400F0	308388EA	A02405B7	0x58	0x0
09240190	96BC079B	00000002	0x58	0x0
09240230	5C3D2481	A02405B7	0x58	0x0
092402D0	A9FFB279	A02405B7	0x60	0x0
09240370	6B489BD4	A02405B7	0x90	0x0
09240410	F950075E	308388EA	0x60	0x0
092404B0	7E3FC4F3	A02405B7	0x58	0x0
09246770	0E8C4100	D0E305D1	0x190	0x0
09246810	A17B7994	00000002	0x60	0x10
092468B0	D0E305D1	BB96607D	0x40	0x0
09246950	ADA55E0B	00000001	0x8	0x0
09246C90	3EB1853F	C7C045E7	0x90	0x0
09246E10	EB8569C9	707BD39E	0x98	0x0
09246EB0	C7C045E7	2E8B5553	0x68	0x0
09246F50	BA89FF94	00000002	0x70	0x0
09247060	707BD39E	C7C045E7	0x78	0x0
09247100	0FD2611A	C7C045E7	0x78	0x0
092471A0	C7C33A0D	C7C045E7	0x68	0x0
09247240	C52E26DF	C7C045E7	0xB8	0x0
09247390	F7FF5AAB	C7C045E7	0x80	0x0
092474A0	D9343A00	C7C045E7	0xA8	0x0
09247540	D2A921DA	C7C045E7	0x1D0	0x0
092475E0	7A9DF512	C7C045E7	0x70	0x0
09247680	35C3A455	C7C045E7	0xB0	0x0
09247720	53E62540	C7C045E7	0x70	0x0
092477C0	EF9E47CF	C7C045E7	0x78	0x0
09247860	BFDCB843	C7C045E7	0x88	0x0
09247900	0551791C	C7C045E7	0xA0	0x0
092479A0	01444AF2	C7C045E7	0x70	0x0
09247A40	6EC958FC	C7C045E7	0x70	0x0
09247DC0	8A2588E8	C7C045E7	0xE8	0x0
09248100	2C49B73D	00000002	0x150	0x0
092481A0	D4F37221	BB96607D	0x18	0x0
09248240	4AA21909	D4F37221	0x20	0x0
092482E0	FA7D8863	D4F37221	0x30	0x0
09248380	BB56F5B2	FA7D8863	0x30	0x0
09248420	1037C44D	FA7D8863	0x30	0x0
092484C0	33E2E78F	D4F37221	0x28	0x0
09248560	DF17C03E	33E2E78F	0x38	0x0
09248600	8E343DFD	D4F37221	0x18	0x0
092486A0	62DFA109	8E343DFD	0x18	0x0
09248740	A1DF3794	8E343DFD	0x20	0x0
092487E0	CF068A84	00000001	0x38	0x0
09248880	3FA6BD83	8E343DFD	0x68	0x0
09248920	EC3198C4	00000002	0x8	0x0
092489C0	B3D80277	00000002	0x20	0x0
09248AD0	FFA526A0	00000002	0x18	0x0
09248BE0	F7E4E52D	C0530E1B	0xE0	0x0
09248C80	7C2089BA	00000002	0x18	0x0
09248D20	4CC1ED78	3A4FAB15	0x100	0x0
09248F10	304B0C85	B426FFA7	0x160	0x0
09248FB0	AF7A8A87	3A4FAB15	0xF8	0x0
09249170	0254638C	B426FFA7	0x158	0x0
09249210	FB2B990E	3A4FAB15	0x168	0x0
09249550	43C37EEC	B426FFA7	0x198	0x0
092497F0	5EFDB48C	DB4C01AA	0x3E0	0x0
09249A20	04F6A096	3A4FAB15	0xD0	0x0
09249B70	09193D67	0EC6C309	0x80	0x0
09249C10	B426FFA7	0EC6C309	0x58	0x0
09249CB0	BE711F06	140DD1E0	0x470	0x0
09249E00	A8A6C8EC	00000001	0x18	0x0
09249F80	0EB438C2	00000001	0x20	0x10
0924A020	622311A5	FFA6D96A	0x190	0x0
0924A0C0	24141EB7	FC668456	0x130	0x0
0924A160	08921CF7	3A4FAB15	0xC0	0x0
0924A200	4EE048FD	0EC6C309	0xB0	0x0
0924A2A0	90305111	84CCCD3D	0x188	0x0
0924A340	A7538D97	87181AE1	0xC8	0x0
0924A3E0	D77AB0E0	3A4FAB15	0x168	0x0
0924A480	D387357E	0EC6C309	0x68	0x0
0924A520	2B6604DB	3A4FAB15	0x168	0x0
0924A5C0	6486FF78	0EC6C309	0x80	0x0
0924A740	734BB3F8	3A4FAB15	0xD0	0x0
0924A7E0	26422CA7	00000001	0x10	0x10
0924A880	538A9414	0EC6C309	0x90	0x0
0924A9D0	C5E20B58	3A4FAB15	0xC8	0x0
0924AA70	2CD2F661	00000001	0x10	0x10
0924AB10	886B33A0	0EC6C309	0x98	0x0
0924ABB0	6E3A1AB6	3A4FAB15	0xC0	0x0
0924AC50	512F4089	A02405B7	0xC8	0x0
0924ACF0	3BD69FDC	E9B071F0	0x110	0x0
0924B2C0	43986147	63CDD027	0x110	0x0
0924B360	58730A7E	63CDD027	0xB0	0x0
0924B400	4ADEB61F	C90FE3E6	0xA8	0x0
0924B4A0	C90FE3E6	63CDD027	0xA8	0x0
0924B540	39A73BBF	C90FE3E6	0xA8	0x0
0924B5E0	AA2DB0CE	C90FE3E6	0xA8	0x0
0924B680	8F121D69	43986147	0x118	0x0
0924B720	8090F14D	63CDD027	0xA8	0x0
0924B7C0	47C0C658	4ADEB61F	0xA8	0x0
0924B860	8F94BD8E	47C0C658	0xA8	0x0
0924B900	1E168B54	63CDD027	0xA8	0x0
0924B9A0	34B94BF8	39A73BBF	0xA8	0x0
0924BA40	4510152E	AA2DB0CE	0xA8	0x0
0924BAE0	06A717F0	4510152E	0xB8	0x0
0924BB80	47386BBF	4510152E	0xA8	0x0
0924BC20	6559BBBF	00000002	0x8	0x0
0924BCC0	2CC26564	43986147	0x110	0x0
0924BD60	5DFC26D6	4ADEB61F	0xA8	0x0
0924BE00	2E85AB76	39A73BBF	0xA8	0x0
0924BEA0	401A58AF	AA2DB0CE	0xA8	0x0
0924C3A0	185FE1D5	BB96607D	0x508	0x0
0924C5D0	A656EF1E	00000002	0x40	0x0
0924C670	22E11589	BA7843F9	0x138	0x0
0924C710	BA7843F9	C62E24DD	0x108	0x0
0924C7B0	4FB33274	E2CB024F	0x18	0x0
0924C9A0	C56CD57F	00000001	0x30	0x10
0924CA40	497A4DB6	00000002	0x8	0x0
0924CAE0	F743A3AC	497A4DB6	0x10	0x0
0924CB80	04C8290C	0358C1E9	0x20	0x0
0924CD00	E1CD8BC3	00000002	0x38	0x0
0924CDA0	4EE8AA95	96BC079B	0x70	0x0
0924CEB0	943C3BB6	0358C1E9	0x30	0x0
0924CF50	9D0B8B2A	96BC079B	0x80	0x0
0924D060	D4451318	DD4B9F35	0x128	0x0
0924D170	1D566A63	CB0F23F4	0x100	0x0
0924D2F0	06F87223	00000001	0x20	0x10
0924D390	E00EFFAB	00000002	0x10	0x0
0924D4E0	3733D4D5	EED18A51	0x130	0x0
0924D5F0	EC7E0424	D4451318	0x128	0x0
0924D700	A7033693	CB0F23F4	0x38	0x0
0924D7A0	F4F14A62	00000001	0x30	0x0
0924D920	9E46914F	BA89FF94	0xC0	0x0
0924DAA0	E88B747E	C7C045E7	0x80	0x0
0924DC20	30DF52C0	9E46914F	0xE8	0x0
0924DCC0	89D47200	00000002	0x10	0x0
0924DD60	9C381A0E	89D47200	0x20	0x0
09256DB0	9948BA2D	2E8B5553	0x80	0x0
09257010	93D9BD33	00000002	0x110	0x0
092570B0	6730F0C2	BB96607D	0x58	0x0
092571C0	6318B06C	BB96607D	0x30	0x0
09257260	2ADB8BEF	6318B06C	0x30	0x0
09257370	AB060C26	6318B06C	0x60	0x0
09257410	850D27B0	FA6F25A3	0x20	0x0
092574B0	50181C18	850D27B0	0x40	0x0
09257550	7F937D3B	850D27B0	0x30	0x0
092575F0	B9FC74BC	850D27B0	0x20	0x0
09257690	0810C9C3	850D27B0	0x30	0x0
09257730	DA126A16	850D27B0	0x38	0x0
092577D0	227F3D62	850D27B0	0x40	0x0
09257870	376A7E54	850D27B0	0x38	0x0
09257910	CEEEC763	FA6F25A3	0x18	0x0
092579B0	3BC71238	850D27B0	0x20	0x0
09257A50	861D736D	850D27B0	0x28	0x0
09257AF0	1CE64005	FA6F25A3	0x28	0x0
09257B90	DF55BF09	63CDD027	0x150	0x0
09257C30	7FE3107E	63CDD027	0xC8	0x0
09257CD0	33C18F07	7FE3107E	0xC8	0x0
09257D70	16F14526	63CDD027	0xD0	0x0
09257E10	215B94A4	63CDD027	0xC0	0x0
09257EB0	A39EE438	FA6F25A3	0x28	0x0
09257F50	74F3484E	63CDD027	0xD0	0x0
09257FF0	84103F00	FA6F25A3	0x28	0x0
09258090	1AEF8104	FA6F25A3	0x28	0x0
09258130	871C19ED	FA6F25A3	0x28	0x0
092581D0	9D62480D	FA6F25A3	0x28	0x0
09258270	D8BFBBAC	00000002	0x30	0x0
09258310	BEDE93EC	FA6F25A3	0x50	0x0
092583B0	8DAF8FDB	FA6F25A3	0x58	0x0
09258450	EA305F35	63CDD027	0xA8	0x0
092584F0	96311600	63CDD027	0x108	0x0
09258590	C8AEE147	BB96607D	0xA8	0x0
09258630	0EDB5C6F	63CDD027	0xB0	0x0
092588D0	D9AA11B9	AD520018	0xC8	0x0
092595B0	5FDACBA0	BB96607D	0x1A8	0x4000
09259650	52132F54	00000002	0x20	0x0
092597D0	414FF9F7	BB96607D	0x38	0x0
092599C0	9B2AEAF3	AD520018	0xA8	0x0
09259CD0	C0576C2D	BB96607D	0x78	0x0
0925A080	59365930	EED18A51	0x418	0x0
0925A190	E6545731	BB96607D	0x50	0x0
0925A230	AD520018	BB96607D	0x60	0x4000
0925A4D0	E9B071F0	BB96607D	0x48	0x0
0925A690	6D948A6B	E9B071F0	0x100	0x0
0925A730	0B7078D5	E9B071F0	0xA8	0x0
0925A7D0	4CBDDCAD	E9B071F0	0xA0	0x0
0925A870	23F113BE	E9B071F0	0xE0	0x0
0925A910	82FA9381	E9B071F0	0xA0	0x0
0925A9B0	6502A15B	E9B071F0	0xA8	0x0
0925AA50	F0645C83	E9B071F0	0xB0	0x0
0925AAF0	DF63DD80	E9B071F0	0x110	0x0
0925AB90	73457961	E9B071F0	0x108	0x0
0925AC30	9D292B4C	E9B071F0	0xA0	0x0
0925ACD0	D6D9EC58	E9B071F0	0xB8	0x0
0925AD70	686E4159	E9B071F0	0x98	0x0
0925AE10	10CF1842	E9B071F0	0x108	0x0
0925AEB0	D779E328	0E243544	0x100	0x0
0925AF50	99323DFC	0E243544	0x130	0x0
0925AFF0	7BE68131	0E243544	0x70	0x0
0925B090	0E243544	400075EF	0x70	0x0
0925B280	400075EF	00000002	0x70	0x0
0925B320	D26AEF58	0E243544	0x78	0x0
0925B470	67405E69	0E243544	0x98	0x0
0925B510	5A517A74	00000002	0x18	0x0
0925B5B0	991107F5	5A517A74	0x18	0x0
0925B650	C6FA819C	5A517A74	0x18	0x0
0925B6F0	61E29CC8	5A517A74	0x20	0x0
0925B790	F5BC70FF	400075EF	0x80	0x0
0925B8E0	A8D51E5D	F5BC70FF	0xA8	0x0
0925B980	C5C66E28	F5BC70FF	0x110	0x0
0925BA20	7A5F1560	F5BC70FF	0x138	0x0
0925BAC0	27DCFB7A	F5BC70FF	0x138	0x0
0925BB60	939F04C0	0E243544	0x80	0x0
0925BC00	E4EDA52A	0E243544	0x80	0x0
0925BCA0	391FFA15	0E243544	0xE0	0x0
0925BE20	3F96A250	F5BC70FF	0x98	0x0
0925C080	33C5BA97	F5BC70FF	0xD8	0x0
0925C120	0A8439B5	0E243544	0x80	0x0
0925C1C0	62EB294A	0E243544	0x110	0x0
0925C2D0	19D26865	F5BC70FF	0xC0	0x0
0925C370	C097DE6B	0E243544	0x78	0x0
0925C410	1DE8F7EE	F5BC70FF	0x168	0x0
0925C4B0	E9B03D18	0E243544	0x70	0x0
0925CA60	A79DE9EC	BB96607D	0xA0	0x0
0925CB00	9215A481	A79DE9EC	0xA8	0x0
0925CBA0	DD7C49DA	BB96607D	0x40	0x0
0925CD60	2AA56049	00000002	0xA0	0x0
0925CE00	4303B3DB	00000002	0x8	0x0
0925CEA0	AFB8EAFE	00000002	0x8	0x0
0925F1A0	9639224F	FA6F25A3	0x20	0x0
0925F240	F3E193D3	9639224F	0x28	0x0
0925F2E0	16701666	9639224F	0x30	0x0
0925F380	E298511F	9639224F	0x28	0x0
0925F420	CCBE9F9A	9639224F	0x20	0x0
0925F4C0	F18109F3	9639224F	0x28	0x0
0925F560	51CD2A81	9639224F	0x20	0x0
0925F600	9997DCD3	9639224F	0x20	0x0
0925F6A0	807DFAEF	9639224F	0x20	0x0
0925F740	31E367EA	9639224F	0x20	0x0
0925F7E0	01F0CF74	00000002	0x18	0x0
0925F880	8DA67054	FA6F25A3	0x28	0x0
0925F920	28A79569	00000002	0x18	0x0
0925F9C0	E2CB024F	BB96607D	0x10	0x0
0925FB80	BC11BD33	AD520018	0xB8	0x0
0925FFA0	B3195056	BB96607D	0x78	0x4000
092600F0	0EC2C8A2	AD520018	0x80	0x0
09260200	51467FA0	00000002	0x20	0x0
092603F0	E26735FC	32EC84B2	0x138	0x0
09260490	D31AFFD2	B3195056	0xA8	0x0
092606C0	9E9D90A9	32EC84B2	0x140	0x0
09260760	32EC84B2	B3195056	0xB8	0x0
09260800	C233697A	32EC84B2	0x240	0x0
092609F0	0C403B8C	B3195056	0x98	0x0
09260A90	4A884387	00000002	0x10	0x0
09260B30	DF182DA6	4A884387	0x10	0x0
09260BD0	80F3ABCF	4A884387	0x10	0x0
09260C70	2BCF1D80	4A884387	0x18	0x0
09260D10	B433FBF2	4A884387	0x10	0x0
09260DB0	EE8F2182	B3195056	0xF0	0x0
09260E50	FEBB1D47	00000002	0x30	0x0
09260F60	299F8BE6	FEBB1D47	0x40	0x0
09261000	0F3CCC46	FEBB1D47	0x38	0x0
092610A0	B376A68E	FEBB1D47	0x38	0x0
09261220	13F6CFA3	00000002	0xA0	0x0
09261330	EA3333CB	00000001	0x18	0x10
092613D0	135E6036	00000002	0x18	0x0
09261470	AFEA564A	00000001	0x18	0x0
092617F0	92ADA771	BB96607D	0x70	0x0
09261890	CABB419D	FA6F25A3	0x20	0x0
09261930	18AA2BF2	FA6F25A3	0x20	0x0
092619D0	25454394	7502B30C	0x20	0x0
09261A70	839A86A1	7502B30C	0x20	0x0
09261B10	2F9C0949	FA6F25A3	0x40	0x0
09261BB0	6D16144D	FA6F25A3	0x20	0x0
09261D70	09B9C3F3	87DB1FB6	0x1B0	0x0
09261E80	EB1C5938	C62E24DD	0x20	0x0
09261F20	6C01C512	00000002	0x60	0x0
092621F0	67A92385	A02405B7	0x68	0x0
09262290	6F281A57	EFD4BE98	0xA8	0x0
09262330	3BBECB2B	EFD4BE98	0xA8	0x0
09262640	EFD4BE98	CB0F23F4	0xA8	0x0
092626E0	C8C23780	00000001	0x10	0x0
09262780	39D9FB97	00000002	0x8	0x0
09262820	8BBDE943	00000001	0x10	0x0
09262A80	0929FB05	BB96607D	0xF0	0x0
09262B20	2711410E	00000002	0x68	0x0
09262BC0	0B09F1B8	6730F0C2	0x68	0x0
09262CD0	688FC2F9	CB0F23F4	0x30	0x0
09262D70	5305F969	00000002	0x58	0x0
09262E80	181DE22E	00000001	0xC	0x0
09263150	DCA8DFA2	00000001	0x38	0x0
092631F0	339C8660	CB0F23F4	0x30	0x0
09263290	5D46D3C5	00000001	0x8	0x0
092634F0	6A9047E0	00000001	0x40	0x0
09263590	140FDB5E	00000001	0xC	0x0
09263630	316E4710	CB0F23F4	0x40	0x0
092636D0	0D415038	00000001	0x8	0x0
09263770	D9A2CB2C	724868C5	0x70	0x0
09263810	724868C5	00000002	0x50	0x0
092638B0	D32793B0	BB96607D	0x10	0x0
09263BF0	3A97C41D	00000001	0x68	0x0
09263C90	EC89D5D9	00000001	0xC	0x0
09263DA0	F7C02FD3	00000001	0x8	0x0
09263E50	EB271970	DD4B9F35	0x30	0x0
09263EF0	90D36A9C	AB0AECD7	0x230	0x0
09263F90	CE0CBA85	FA6F25A3	0x20	0x0
09264030	2692D14C	3AE012B2	0x28	0x0
092640D0	458D412C	00000001	0x8	0x0
09264170	365F154B	00000001	0x2	0x0
09264210	ADE51EC0	00000002	0x10	0x0
09264320	74E813A3	ADE51EC0	0x20	0x0
09266350	D8388CF0	CB0F23F4	0x38	0x0
092663F0	2DDEC276	A02405B7	0x58	0x0
09266490	024F4AF4	E9B071F0	0xA0	0x0
09266530	8BB8F119	00000001	0x10	0x0
092665D0	3B3B364D	00000001	0x4	0x0
09266670	03FE7D6B	00000001	0x58	0x0
09266710	F7C80B75	00000001	0x8	0x0
092667B0	73AEDD45	00000001	0x4	0x0
09266850	91F1173D	00000001	0x18	0x0
09266DC0	5C7B52BE	00000001	0x1A0	0x0
09266E60	B5702186	00000001	0x8	0x0
09266F00	EA79D9DA	CB0F23F4	0x20	0x0
092671F0	0B4CE0E0	00000022	0xE0	0x0
09267290	A0C63E86	00000002	0x18	0x0
09267330	ACC4041A	00000001	0x19	0x0
092673D0	4EB0A4E0	00000001	0x18	0x0
09267470	82769D9C	00000001	0x4	0x0
09267510	663F702D	00000001	0x20	0x0
092675B0	ACB83C67	00000001	0x8	0x0
09267730	CDD1EC12	00000001	0x8	0x0
092677D0	2FFEC764	FA6F25A3	0x30	0x0
09267870	E628D476	FA6F25A3	0x30	0x0
09267910	154F2CB8	FA6F25A3	0x20	0x0
092679B0	3A98F27D	DD4B9F35	0x78	0x0
09267A50	529E6835	00000002	0x48	0x0
09267AF0	ED146E66	529E6835	0x80	0x0
09267EA0	F2598F0B	BB96607D	0x48	0x0
09267F40	2A00168F	529E6835	0x2D0	0x0
09267FE0	3D716364	00000001	0x20	0x0
09268080	D1549FFD	00000001	0x10	0x0
09268120	982F9E7F	00000001	0x18	0x0
092682E0	C045C906	CB0F23F4	0x90	0x0
09268380	829D3D08	00000001	0x24	0x0
09268420	CE259F16	C62E24DD	0x2E0	0x0
09268610	40BBE118	87DB1FB6	0x6B0	0x0
092686B0	E79FC32D	00000001	0x40	0x0
0926C120	12A9BE40	CB0F23F4	0x48	0x0
0926C1C0	5FA4BBF4	00000001	0x20	0x0
0926C770	91D6420B	00000001	0xC4	0x0
0926C810	EAD893E0	00000001	0x1C	0x0
0926CB90	614D18F2	00000001	0x30	0x0
0926CC30	0515AA77	00000001	0x1	0x0
0926CCD0	3367AA1A	00000002	0x8	0x0
0926CD70	C1A331E3	00000001	0x4C	0x0
0926CE10	BC141D4C	00000001	0xE	0x0
0926CEB0	9F08D18A	CB0F23F4	0x30	0x0
0926CF50	71DA883B	00000001	0x1	0x0
0926D0A0	2707BA49	CB0F23F4	0x30	0x0
0926D140	014F5C88	00000001	0xC	0x0
0926D1E0	C86093C7	00000001	0x20	0x0
0926D2F0	93F57CF9	CB0F23F4	0xA0	0x0
0926D390	F71E2FD0	00000001	0x10	0x0
0926D430	47441C86	00000001	0x38	0x0
0926D4D0	A3E5E6C3	00000001	0x160	0x0
0926D570	8C616EB5	00000001	0xC	0x0
0926D610	4051F972	87DB1FB6	0x60	0x0
0926D6B0	5322CB24	BB96607D	0x78	0x0
0926D750	C0AA6CA3	E6034F05	0x30	0x0
0926D7F0	C086D14C	00000001	0x50	0x0
0926D890	80901B3A	00000001	0x20	0x0
0926D930	0F0EF8B8	00000001	0x70	0x0
0926DA40	31CD6959	CB0F23F4	0x38	0x0
0926DC00	58468788	CB0F23F4	0x40	0x0
0926DCA0	4A483D04	CB0F23F4	0x20	0x0
0926DD40	BB231482	8486CA8E	0x10	0x0
0926DDE0	AAB93489	00000001	0x4	0x10
0926DF30	D3F7FFC8	00000002	0x30	0x0
0926DFD0	DEC6FCE6	BB96607D	0x68	0x0
0926E070	8486CA8E	00000002	0x10	0x10
0926E110	33F7104B	00000002	0x8	0x0
0926E1B0	9E1CD34A	FFA6D96A	0x188	0x0
0926E250	EF3FB2C1	A6465849	0x88	0x0
0926E410	FFA6D96A	DEC6FCE6	0x188	0x0
0926E4B0	15B54F91	EF3FB2C1	0x90	0x0
0926E710	A6465849	00000002	0x88	0x0
0926E860	B906E397	9CC95FE9	0x50	0x0
0926E900	52F96969	B906E397	0x130	0x0
0926E9A0	423C7BFE	B8AAA369	0x120	0x10
0926EA40	18C1D351	BB96607D	0x20	0x0
0926EAE0	A32DB4FF	B8AAA369	0x18	0x0
0926EB80	E48A3D92	C62E24DD	0x78	0x0
0926EC20	09B1942A	BB96607D	0x10	0x0
0926ECC0	C0530E1B	A6465849	0x88	0x0
0926ED60	82CAFF23	87DB1FB6	0x98	0x0
0926F0E0	FC668456	DEC6FCE6	0x128	0x0
0926F180	97003095	CB0F23F4	0x30	0x0
0926F220	B8AAA369	8486CA8E	0x10	0x10
0926F4F0	05A88480	B8AAA369	0xD0	0x0
0926F590	3DC5EFD6	05A88480	0xD0	0x0
0926F630	39277DCA	3DC5EFD6	0xD0	0x0
0926F940	F7010C1C	87DB1FB6	0x50	0x0
0926F9E0	9CC95FE9	B8AAA369	0x10	0x0
0926FA80	15511ECC	00000001	0x40	0x0
0926FB20	2DAE7F7A	05A88480	0xF0	0x0
0926FDF0	4562DCCC	00000001	0x50	0x0
0926FE90	2B32D36A	00000002	0x28	0x0
0926FFE0	11F767CB	0358C1E9	0x68	0x0
09270130	EA751237	96BC079B	0xD0	0x0
09270360	32018E95	2E8B5553	0x2B8	0x0
09270400	D7284586	FA6F25A3	0x28	0x0
092704A0	E2791E7F	CB0F23F4	0x2E0	0x0
09270540	CB9B3D2F	FA6F25A3	0x18	0x0
092705E0	A045E114	CB9B3D2F	0x30	0x0
09270680	0828393D	CB0F23F4	0x58	0x0
09270720	4FA4F690	FA6F25A3	0x18	0x0
092707C0	37598D41	4FA4F690	0x20	0x0
09270860	6C0257A3	63CDD027	0xD8	0x0
09270900	5CAA9A35	00000001	0x48	0x0
092709A0	1C8D0BC4	00000002	0x58	0x0
09270A40	E48AEBC0	CB0F23F4	0x20	0x0
09270AE0	8B372A86	CB0F23F4	0x28	0x0
09270B80	FBB6E2F8	00000001	0x1	0x0
09270C20	F764BE00	BB96607D	0x10	0x0
09275100	11708E71	BB96607D	0x128	0x0
092751A0	B6DBE50F	00000002	0x10	0x0
09275240	C192EF5A	00000002	0x50	0x0
092752E0	FBE9D016	00000002	0x30	0x0
09275380	A9E466AF	11708E71	0x138	0x0
09275420	9A93A2BB	E37C138A	0x18	0x0
092754C0	46E3D8E8	1A3B188A	0x38	0x0
09275720	308358A4	CB0F23F4	0xC0	0x0
09275830	0CD0830A	CB0F23F4	0x38	0x0
092758D0	C4AB71B0	C7C045E7	0x98	0x0
09275970	D3C79BE3	00000001	0x140	0x0
09275A10	37D3B554	00000002	0x28	0x0
09275C00	4404F7CC	00000002	0x40	0x0
09275D80	7A983CEC	00000001	0x30	0x0
09275E20	78887331	00000001	0x18	0x0
09275EC0	AC5A47F1	00000002	0x8	0x0
09275F60	626621C3	00000002	0x10	0x0
09276070	3621488A	626621C3	0x20	0x0
09276180	2C37957A	00000002	0x18	0x0
09276220	3E7CFA88	2C37957A	0x18	0x0
092762C0	5B6E37FC	2C37957A	0x30	0x0
09276360	4601ADF1	DD4B9F35	0xF8	0x0
09276400	E37C138A	BB96607D	0x18	0x0
092764A0	46005A69	00000002	0x18	0x0
09276540	41F941CA	BB96607D	0x10	0x0
09276A40	4B398318	41F941CA	0x58	0x0
09276CA0	7AAB07A6	C62E24DD	0x70	0x0
09276E60	36F0BBA4	00000002	0x80	0x0
09276F00	01A0D270	D536E933	0x70	0x0
09277010	FB34B937	00000002	0x28	0x0
092772E0	D536E933	BB96607D	0x60	0x0
09277380	0546E13D	00000002	0x8	0x0
09277420	BFB5D585	00000002	0xA8	0x0
09277570	97C24C46	00000002	0x10	0x8
09277840	024D6283	00000002	0x98	0x0
092778E0	A6A19BC3	00000002	0x20	0x0
09277980	3A0268C7	00000001	0x8	0x0
09277B40	8C5AD508	ADF1D5E6	0x270	0x0
09277BE0	91EDEB42	8142E66C	0x4D0	0x0
09277C80	D0B7CC2E	D536E933	0x78	0x0
09277D90	CF9A0350	8142E66C	0x4D0	0x0
09277E30	4F625EDB	D536E933	0x60	0x0
09277ED0	8C71983C	AB0AECD7	0x1F0	0x0
09277F70	A84495CC	917C611D	0xC0	0x0
09278010	D6AC811C	CB0F23F4	0x1B0	0x0
092780B0	118E0FED	E77D052B	0x98	0x0
09278150	817558AC	00000002	0x20	0x0
092781F0	1B12A59D	00000002	0x28	0x0
09278290	A3594036	00000002	0x28	0x0
09278330	570EDF86	00000002	0x18	0x0
09278800	A5396FF0	BB96607D	0x240	0x0
092788A0	9FED000A	A5396FF0	0x240	0x0
09278940	EC05EB6E	A5396FF0	0x250	0x0
092789E0	51C46EA2	CB0F23F4	0x28	0x0
09278A80	AE8C0691	00000002	0x20	0x0
09278B20	1A9A18CF	E77D052B	0xC0	0x0
09278BC0	61256CE2	BB96607D	0x40	0x0
09278C60	99D6A958	C8842AD8	0x108	0x0
09278D70	3CEDBC28	00000002	0x20	0x0
09278E10	F181E474	00000002	0x30	0x0
09278EB0	26375B2A	BB96607D	0x38	0x0
09278F50	E3E1653A	00000002	0x1F0	0x0
09278FF0	EF7BFBA9	00000002	0x20	0x0
09279090	1AE89D54	BB96607D	0x18	0x0
09279130	2998D35B	AB0AECD7	0x2C0	0x0
09279240	BA00422E	917C611D	0xE0	0x0
092792E0	7D3BB0A2	BB96607D	0x40	0x0
09279380	A3C2E9E1	00000002	0x8	0x0
09279420	1AA0F69D	A3C2E9E1	0x8	0x0
092794C0	92C80A6E	00000002	0x30	0x0
09279560	4BDD6F93	CDBA6146	0x320	0x0
09279600	3CDA5F05	A5396FF0	0x310	0x0
092796A0	108C638A	A5396FF0	0x2B0	0x0
09279740	81E8245F	A5396FF0	0x8E0	0x0
092797E0	CDBA6146	A5396FF0	0x320	0x0
09279880	237EC0C7	A5396FF0	0x320	0x0
09279920	D8196FAE	237EC0C7	0x320	0x0
092799C0	D77D71B9	00000002	0x8	0x0
09279B10	1ACF70EF	D77D71B9	0x20	0x0
09279BB0	2F01F1A1	1ACF70EF	0x48	0x0
09279C50	0772E5F2	1ACF70EF	0x30	0x0
09279CF0	D824A5C1	0772E5F2	0x38	0x0
09279D90	175ECE5C	D77D71B9	0x18	0x0
09279E30	FA76C079	175ECE5C	0x18	0x0
09279ED0	1120EFDE	175ECE5C	0x18	0x0
09279F70	426075E2	D77D71B9	0x18	0x0
0927A010	F379397E	D77D71B9	0x20	0x0
0927A0B0	62B6E6DA	1ACF70EF	0x28	0x0
0927A150	64762F98	A5396FF0	0x320	0x0
0927A1F0	5B7FC715	81E8245F	0xD30	0x0
0927A290	D555BD2A	A5396FF0	0x320	0x0
0927A330	C5E5F61C	A5396FF0	0x2D0	0x0
0927A3D0	1BE0C83E	A5396FF0	0x250	0x0
0927A470	C3EEE422	A5396FF0	0x2F0	0x0
0927A510	8E88ADC4	E77D052B	0x118	0x0
0927A5B0	DCBDF3EB	A5396FF0	0x2C0	0x0
0927FBA0	DD5AE4F8	A5396FF0	0x2F0	0x0
0927FC40	C6B720CB	00000001	0xC	0x0
0927FCE0	B565C650	00000002	0x140	0x0
0927FD80	B590DB06	00000002	0x8	0x0
0927FE20	3A8F2AE8	00000002	0x18	0x0
0927FFA0	3A55F274	B590DB06	0x68	0x0
092800F0	9B1BAEBD	B590DB06	0x50	0x0
09282A40	8142E66C	00000002	0x4D0	0x0
09282AE0	D676F939	00000002	0x20	0x0
09282E20	9197459D	00000002	0xB0	0x0
09282EC0	9064D3F7	00000002	0xD0	0x0
09282FD0	FE5056BA	00000002	0x18	0x0
09283070	742B0B14	00000002	0x40	0x0
09283110	9808EF23	00000002	0x18	0x0
092831B0	53BAF393	00000002	0x10	0x0
09283250	8618198E	00000002	0x60	0x0
09283560	0F8B8432	BDCC348A	0x68	0x0
09283670	98150038	00000001	0x10	0x0
09283710	BDCC348A	00000002	0x10	0x0
092837B0	DF44779B	E77D052B	0xC0	0x0
09283850	3EFC2D0E	BDCC348A	0x50	0x0
092838F0	8FC26521	BDCC348A	0x18	0x0
09283990	A9B98199	BDCC348A	0x178	0x0
09283A30	BF7D8DCD	BDCC348A	0x58	0x0
09283AD0	E49B9E09	BDCC348A	0x88	0x0
09283B70	13567874	BDCC348A	0x30	0x0
09283C10	D35A12DB	BDCC348A	0x18	0x0
09283D20	18A77624	00000002	0x18	0x0
09283DC0	D5292827	26375B2A	0x170	0x0
09283E60	DAF35D61	26375B2A	0x88	0x0
09283F00	D6FE1362	26375B2A	0x180	0x0
09283FA0	FC598BA9	26375B2A	0x78	0x0
09284120	28C36BC8	00000002	0x18	0x0
092842A0	E415D4E9	28C36BC8	0x30	0x0
092843F0	81F38C78	28C36BC8	0x50	0x0
09284570	EF8925D5	00000002	0x88	0x0
09284610	9383929C	00000002	0x40	0x0
092846B0	4E19C6BC	00000002	0x20	0x0
09284750	C00E13C9	00000002	0x2A8	0x0
092847F0	0FA93F76	FA6F25A3	0x20	0x0
09284890	E8F43ADF	26375B2A	0x1D0	0x0
09284C80	79CC93B4	26375B2A	0x100	0x0
09284D20	93618328	26375B2A	0x48	0x0
09284DC0	1BA1D1DB	26375B2A	0x90	0x0
09285560	9781D684	26375B2A	0x2C0	0x0
09285790	47C26CA3	26375B2A	0xF8	0x0
09285830	E50A61A8	26375B2A	0x100	0x0
092858D0	869C6F49	26375B2A	0x128	0x0
09285970	42EAA044	8C86BA80	0x600	0x0
09285A10	5012F910	26375B2A	0x38	0x0
09285AB0	8D114D4A	26375B2A	0x150	0x0
09285B50	8D313D22	26375B2A	0x270	0x0
09285BF0	70A32E1C	26375B2A	0x3E0	0x0
09285C90	08386BBE	00000002	0x50	0x0
09285D30	95684B29	00000002	0x20	0x0
092860B0	C54DA4EE	26375B2A	0x120	0x0
092864D0	DAF42254	26375B2A	0x370	0x0
09286570	5332E1A9	00000002	0x8	0x0
09286FB0	8C86BA80	26375B2A	0x5B0	0x0
092873D0	E85D8507	26375B2A	0x750	0x0
09287470	254A9C37	AB0AECD7	0x2E0	0x0
09287510	524B74F9	26375B2A	0x40	0x0
09287740	070D3E5B	917C611D	0x1C0	0x0
092877E0	B7860459	00000001	0x60	0x0
09287880	86E15494	26375B2A	0x210	0x0
09287DF0	6350F02C	26375B2A	0x1C0	0x0
09288330	2EDE928E	26375B2A	0x200	0x0
092883D0	EC2E08DD	00000002	0x8	0x0
09288470	F0C7D826	EC2E08DD	0xA0	0x0
092885C0	0A6FB7FB	EC2E08DD	0x18	0x0
092887F0	298D8D2C	EC2E08DD	0x38	0x0
09288890	22E111D0	EC2E08DD	0x10	0x0
0928C4E0	F9B7C9F7	26375B2A	0xE0	0x0
0928C580	B37232D7	26375B2A	0x68	0x0
0928C9A0	4DDED612	26375B2A	0x168	0x0
0928CA40	B4070739	26375B2A	0x140	0x0
0928CAE0	74F8F798	26375B2A	0x1A0	0x0
0928D280	2B192B0C	26375B2A	0x270	0x0
0928D470	3C7D852C	26375B2A	0xD0	0x0
0928D510	699FF698	BB96607D	0x10	0x0
0928D5B0	3573F547	699FF698	0x20	0x0
0928D650	F7E2905B	699FF698	0x18	0x0
0928D760	E7A514A2	7BC21754	0x40	0x0
0928D800	7BC21754	00000002	0x28	0x0
0928D8A0	0DF47C87	7BC21754	0x60	0x0
0928DA20	56B1474B	7BC21754	0x80	0x0
0928DAC0	AAB594C7	7BC21754	0x50	0x0
0928DB60	8E6962C7	11B96F01	0x130	0x0
0928DC00	431EF57C	11B96F01	0x120	0x0
0928DF80	11B96F01	BB96607D	0x120	0x0
0928E020	FEBCEEA4	11B96F01	0x120	0x0
0928E0C0	7AAD0D58	07894C47	0x120	0x0
0928E160	07894C47	11B96F01	0x120	0x0
0928E270	75C5FB3A	00000002	0x18	0x0
0928E460	52C68A9B	11B96F01	0x170	0x0
0928E500	849648F4	11B96F01	0x150	0x0
0928E5A0	F1AD71A5	11B96F01	0x140	0x0
0928E6B0	72ED1616	EA713F35	0x40	0x0
0928E8A0	28AECF39	8300E0FB	0x400	0x0
0928E940	8300E0FB	237EC0C7	0x380	0x0
0928E9E0	F042235F	8300E0FB	0x3A0	0x0
0928ED60	4AEC3476	00000001	0x28	0x0
0928EE00	2B0C493F	00000001	0x14	0x0
0928EEA0	9846A3B5	00000002	0x78	0x0
0928EF40	813D7084	00000001	0x90	0x0
0928F170	2135D428	00000001	0x220	0x0
0928F520	509C4552	00000001	0x14	0x0
0928F5C0	EA436A52	FA6F25A3	0x20	0x0
0928F660	6C590196	EA436A52	0x20	0x0
0928F700	D0A682D2	00000002	0x70	0x0
0928F7A0	742302D6	8EDC23F4	0x20	0x0
0928F840	33866234	00000001	0x8	0x0
0928F8E0	5A09040E	00000002	0x20	0x0
0928FBF0	2CB38410	00000002	0x60	0x0
0928FF70	6342EB33	00000001	0xA0	0x0
09290010	6F98E723	00000002	0xE0	0x0
092900B0	479A4B0D	00000001	0x20	0x0
09290150	ADC333C2	00000001	0x38	0x0
092901F0	F33A882F	00000002	0x18	0x0
092903E0	1B27A34D	00000001	0xC0	0x0
09290720	344FA659	00000001	0xC	0x0
092907C0	97916D86	040B7DC3	0x18	0x0
09290860	62A0A6BC	040B7DC3	0x18	0x0
09290900	040B7DC3	00000002	0x8	0x0
092909A0	AD333D18	040B7DC3	0x60	0x0
09290A40	58CD7A31	00000001	0x10	0x0
09290AE0	55AF1C3E	EB482613	0x68	0x0
09290C60	79D2CBD7	EB482613	0xC0	0x0
09290D00	8F397327	EB482613	0x90	0x0
09290DA0	EB482613	CB0F23F4	0x58	0x0
09290E40	1637EAFB	EB482613	0x80	0x0
09290EE0	4AF26DC9	EB482613	0x90	0x0
09290F80	B775F71D	BB96607D	0x20	0x0
09291020	59076046	00000002	0x18	0x0
092910C0	84828FA4	00000002	0x10	0x0
09291160	4EF5DB67	84828FA4	0x38	0x0
09291200	0943F45E	00000002	0x58	0x0
092912A0	098DABDF	00000002	0x20	0x0
09291340	7D383B47	00000001	0x10	0x0
092913E0	575420E0	00000002	0x20	0x0
09291680	B5ABC167	00000002	0xD0	0x0
09291720	2AF50E8A	575420E0	0x30	0x0
092918A0	A90EC8C6	00000001	0x60	0x0
09291940	BE13EB35	575420E0	0x30	0x0
092919E0	CA0BFACB	575420E0	0x30	0x0
09291C40	BE5231A4	00000001	0xD0	0x0
09291E00	A5C13BC2	00000002	0x60	0x0
09291EA0	721E514F	A5C13BC2	0x80	0x0
09291F40	962AC98F	A5C13BC2	0x90	0x0
09291FE0	A6225373	CB0F23F4	0x30	0x0
09292080	93C5857E	00000001	0x40	0x0
09292120	66670255	00000001	0x40	0x0
092921C0	DC40DE44	00000002	0x18	0x0
09292260	352BA619	DC40DE44	0x110	0x0
09293530	F86E6A43	DC40DE44	0x19E0	0x0
092935D0	9A36F01B	00000001	0x60	0x0
09293670	C17A08FC	A5C13BC2	0x70	0x0
09293710	F7907244	A5C13BC2	0x70	0x0
092937B0	C9C64371	A5C13BC2	0x70	0x0
09296F50	4661AAEF	00000002	0x40	0x0
09297220	5374195C	00000001	0xC	0x0
092972C0	D231B95C	B6F1472B	0x18	0x0
09297440	FB33E0F7	00000001	0xE	0x0
092974E0	88ADE73C	00000001	0x10	0x0
09297820	19CED91F	00000001	0xA0	0x0
092978C0	0C99A7BB	00000001	0x6	0x0
09297960	BFD416EC	BB96607D	0x130	0x0
09297A00	5B6350E0	00000001	0x18	0x0
09297AA0	B6F1472B	BB96607D	0x10	0x0
09297B40	3970BD2D	B6F1472B	0x18	0x0
09297BE0	8F18A95C	00000002	0x8	0x0
09297C80	44F7C7A6	B6F1472B	0x10	0x0
09297FC0	F2BB7836	B6F1472B	0x68	0x0
09298060	9A630A13	B6F1472B	0x20	0x0
09298100	B8CFAF01	B6F1472B	0x48	0x0
092981A0	0D2B7C67	00000001	0x10	0x0
09298240	7FBAAD9E	BB96607D	0x18	0x0
092982E0	17FB5AA8	BB96607D	0x70	0x200
09298380	EF745EA8	00000001	0x20	0x0
09298420	F3F80267	00000002	0x20	0x0
09298530	1EE2A4D7	00000002	0x98	0x0
092985D0	ABF74DF0	BB96607D	0x10	0x0
09298670	8BE3B6B5	AC9581F2	0x28	0x0
09298710	97840CBF	7C88766F	0x28	0x0
092987B0	993AB038	3AE012B2	0x20	0x0
09298850	915CB4FF	2E8B5553	0xA0	0x0
092988F0	54A4C59C	00000001	0x68	0x0
09298990	9AA8699D	00000002	0x20	0x0
09298A30	11337755	9AA8699D	0x28	0x0
09298AD0	D6CB8DB8	9AA8699D	0x28	0x0
09298B70	E1CBF60F	00000001	0x10	0x0
09298C10	5A03895E	BB96607D	0x20	0x0
09298D90	60121A9E	00000001	0x4	0x0
09299F10	52534498	BB96607D	0x3E0	0x0
0929A090	050A3620	00000001	0x58	0x0
0929A130	3255221E	BB96607D	0x30	0x0
0929A1D0	4A0ED026	00000001	0x58	0x0
0929A270	802800F3	00000002	0x88	0x0
0929A310	629A7EDA	802800F3	0x90	0x0
0929A3B0	7B5D208E	802800F3	0x90	0x0
0929A450	94F97133	802800F3	0x90	0x0
0929A4F0	C6D199D4	802800F3	0x90	0x0
0929A590	F0C85018	3255221E	0x30	0x0
0929A630	887004DC	3255221E	0x30	0x0
0929A6D0	BC116237	3255221E	0x30	0x0
0929A770	5768183B	C62E24DD	0x50	0x0
0929A810	437A601A	BB96607D	0x18	0x200
0929A8B0	C2C3B4DA	437A601A	0x18	0x0
0929A950	CF7623E2	C2C3B4DA	0x18	0x0
0929A9F0	B6DD76A2	CB0F23F4	0x28	0x0
0929AA90	C51CAFA2	00000002	0x70	0x10
0929AB30	16898661	C62E24DD	0x20	0x0
0929ABD0	35955C41	CB0F23F4	0x28	0x0
0929AC70	8672B517	00000001	0xC	0x0
0929AD10	40D05488	35955C41	0x40	0x0
0929ADB0	479166C4	00000001	0x14	0x0
0929AE50	CDFF57E6	00000002	0x40	0x0
0929AEF0	AE34FA63	EED18A51	0x10	0x0
0929AF90	B98B6142	DD4B9F35	0x20	0x0
0929B030	1F838AD4	9832F85D	0x40	0x0
0929B0D0	3421B1EE	9832F85D	0x28	0x0
0929B170	3DAB2922	00000001	0x18	0x0
0929B210	42FF31DE	00000001	0x20	0x0
0929B2B0	5839E495	00000001	0x20	0x0
0929B350	412A7CB4	00000001	0x10	0x0
0929B3F0	7209CF09	9832F85D	0x48	0x0
0929B490	C080642F	00000001	0x18	0x0
0929B530	0E122045	9832F85D	0x28	0x0
0929B5D0	BE747F14	9832F85D	0x28	0x0
0929B670	2B3FCCB5	9832F85D	0x30	0x0
0929B710	EB6185CC	00000001	0x10	0x0
0929B7B0	E32474AB	00000001	0x18	0x0
0929B850	700B4C00	9832F85D	0x28	0x0
0929B8F0	D0ACB241	9832F85D	0x20	0x0
0929B990	A8F89437	9832F85D	0x40	0x0
0929BA30	B05A1078	9832F85D	0x20	0x0
0929F600	C0548BC4	9832F85D	0x18	0x0
0929F6A0	8B6AC193	9832F85D	0x30	0x0
0929F740	01FFF6FB	9832F85D	0x30	0x0
0929F7E0	CEAC32B7	9832F85D	0x70	0x0
0929F880	14D5F13F	00000001	0x68	0x0
0929F920	7FB1BBF5	9832F85D	0x38	0x0
0929F9C0	8451621E	00000001	0x10	0x0
0929FA60	4BF75A6F	9832F85D	0x48	0x0
0929FB00	C793359E	9832F85D	0x30	0x0
0929FBA0	24015012	9832F85D	0x18	0x0
0929FC40	5F30B3C9	BB96607D	0x20	0x0
0929FCE0	3C0E343D	BB96607D	0x20	0x0
0929FD80	8B330496	BB96607D	0x20	0x0
0929FE20	D4117ED7	9832F85D	0x48	0x0
0929FEC0	28AFF154	9832F85D	0x30	0x0
0929FF60	5FA61968	9832F85D	0x18	0x0
092A0000	D21119F5	9832F85D	0x30	0x0
092A00A0	D4A3275C	9832F85D	0x38	0x0
092A0140	19E4C196	BB96607D	0x78	0x0
092A01E0	B52AC9FF	9832F85D	0x40	0x0
092A0280	A5CC0910	9832F85D	0x40	0x0
092A0320	9832F85D	BB96607D	0x18	0x0
092A03C0	B072B45C	BB96607D	0x38	0x0
092A0460	FE135918	9832F85D	0x18	0x0
092A0500	21617D6D	9832F85D	0x18	0x0
092A05A0	B8660531	00000001	0x8	0x0
092A0650	69F8F3D2	BB96607D	0x1E0	0x0
092A06F0	4DB4B1FE	BB96607D	0x48	0x0
092A0790	140DD1E0	CB0F23F4	0x20	0x0
092A0830	A10A6372	84DA08DA	0x10	0x0
092A08D0	BBC48ABD	84DA08DA	0x10	0x0
092A09E0	FE6EF902	84DA08DA	0x18	0x0
092A0A80	5429C35C	00000001	0x4	0x0
092A0C00	AF213910	3A4FAB15	0xB0	0x0
092A0CA0	13B0738E	00000001	0x2	0x0
092A0D40	BC947E47	0EC6C309	0x78	0x0
092A0DE0	5CB44FB1	00000002	0x10	0x10
092A0E80	9E6466BF	00000002	0x8	0x0
092A0F20	24C219B4	9E6466BF	0x18	0x0
092A0FC0	9B45CC21	24C219B4	0x18	0x0
092A1060	EDAEAB78	24C219B4	0x18	0x0
092A1100	C4AFB3C9	9E6466BF	0x10	0x0
092A11A0	900FF919	11CEFFB1	0x48	0x0
092A1390	946D8B7E	11CEFFB1	0x50	0x0
092A1430	73A79707	00000002	0x18	0x0
092A14D0	F779F348	00000002	0x18	0x0
092A1570	FB309D3F	00000002	0x18	0x0
092A1610	A1605A29	00000002	0x10	0x0
092A16B0	C4344DEC	00000002	0x8	0x0
092A1830	23C0342E	BB96607D	0x20	0x0
092A18D0	71A8BA24	00000002	0x18	0x10
092A1970	295E9B7D	71A8BA24	0x68	0x10
092A1A10	11CEFFB1	23C0342E	0x30	0x0
092A1AB0	51140196	FA6F25A3	0x20	0x0
092A1B50	EE343E0C	00000001	0x48	0x0
092A1BF0	09DF9932	00000001	0x188	0x0
092A1C90	ABAB9139	00000002	0x308	0x0
092A1D30	1EA877BB	00000001	0x28	0x0
092A1DD0	C721C87A	00000001	0x28	0x0
092A1E70	12D7F6D7	00000002	0x18	0x0
092A1F10	48FD530D	00000002	0x18	0x0
092A1FB0	712C3CEB	00000001	0x28	0x0
092A2050	10CA3A09	00000002	0x18	0x0
092A20F0	B54D005F	00000001	0x18	0x0
092A2190	E07C9017	00000002	0x18	0x0
092A2230	491C28B5	00000001	0x30	0x0
092A22D0	697D2E45	00000002	0x18	0x0
092A2370	617B9746	00000002	0x8	0x0
092A2410	429E9178	00000002	0x8	0x0
092A24B0	04394495	3A4FAB15	0xF8	0x0
092A2710	3A4FAB15	23C0342E	0x50	0x0
092A2900	0EC6C309	71A8BA24	0x58	0x10
092A2AF0	49BA9EDD	23C0342E	0x38	0x0
092A2C40	64910974	3A4FAB15	0x68	0x0
092A2CE0	F36D978E	900FF919	0x48	0x0
092A2DF0	C4C84E03	0EC6C309	0x68	0x0
092A2F00	58B71726	00000002	0x18	0x0
092A3010	DCB6CC1F	00000002	0x18	0x0
092A30B0	050AD3A0	00000002	0x18	0x0
092A34D0	DB4C01AA	BB96607D	0xA0	0x0
092A3570	EE14E8BE	00000002	0x20	0x0
092A3610	B031840C	00000002	0x10	0x0
092A36B0	2403F973	FA6F25A3	0x28	0x0
092A3750	13E24B02	00000001	0x24	0x0
092A3980	8B24FEAA	23C0342E	0x70	0x0
092A3A20	A4E5BED2	00000002	0x10	0x0
092A3AC0	32C09458	00000002	0x8	0x0
092A3BD0	E802B9DA	8B24FEAA	0x70	0x0
092A3D90	5C7F6565	BB96607D	0x160	0x0
092A3E30	C34A227C	00000001	0x10	0x10
092A3ED0	B153D726	00000001	0x28	0x10
092A3F70	2A6F142C	BB96607D	0x70	0x10
092A4010	353E67C4	BB96607D	0x18	0x10
092A40B0	040BD4F1	00000001	0x8	0x10
092A4150	F2BE0FE4	00000001	0x10	0x10
092A41F0	741C247A	64910974	0x68	0x0
092A4290	87181AE1	C4C84E03	0x78	0x0
092A4330	563DF12D	741C247A	0x70	0x0
092A43D0	037F8E26	87181AE1	0x78	0x0
092A4470	84DA08DA	00000002	0x10	0x0
092A4510	21A48B19	11CEFFB1	0x38	0x0
092A4690	5F1BC3E6	23C0342E	0xA8	0x0
092A4730	98F9ABBA	00000002	0x38	0x0
092A47D0	3B443BC1	00000001	0x10	0x0
092A49C0	BFCD52AE	3A4FAB15	0x138	0x0
092A4A60	EAC7CFAB	0EC6C309	0x68	0x0
092A4B00	6DEF4F44	3A4FAB15	0xC0	0x0
092A4C80	4D09CC1A	3A4FAB15	0xD0	0x0
092A4D20	5A2E2556	3A4FAB15	0xF8	0x0
092A4DC0	5D9839EE	0EC6C309	0x68	0x0
092A4FB0	977F5384	3A4FAB15	0x100	0x8
092A5050	C7CC8E06	0EC6C309	0x68	0x0
092A50F0	68EFB7ED	3A4FAB15	0xC8	0x0
092A5190	734A2B64	0EC6C309	0xA0	0x0
092A5230	C72910DE	3A4FAB15	0xF8	0x0
092A52D0	962AF97F	0EC6C309	0x78	0x0
092A5370	C0E38EB1	3A4FAB15	0x100	0x0
092A5410	AD9321B7	0EC6C309	0x60	0x0
092A54B0	D6C8A712	3A4FAB15	0x110	0x0
092A5550	AC3DA352	0EC6C309	0x60	0x0
092ACC70	3307C315	3A4FAB15	0x330	0x0
092AD090	097E2438	0EC6C309	0xC0	0x0
092AD130	10A53B1D	3A4FAB15	0xC0	0x0
092AD400	494B81A6	0EC6C309	0xB8	0x0
092AD4A0	0E3C2900	3A4FAB15	0x100	0x0
092AD540	AE1675CA	0EC6C309	0x70	0x0
092AD5E0	ED0A0A59	30A8A521	0x100	0x0
092AD680	9207EFEC	8AFB0DC0	0x80	0x0
092AD720	5DBAC2C5	30A8A521	0x100	0x0
092AD7C0	F18632F0	3A4FAB15	0x130	0x0
092AD940	0B2B8643	0EC6C309	0x78	0x0
092AD9E0	8569D0E0	30A8A521	0x100	0x0
092ADA80	7FDA8F14	8AFB0DC0	0x80	0x0
092ADB20	8AFB0DC0	0EC6C309	0x80	0x0
092ADBC0	8046EC58	900FF919	0x48	0x0
092ADE20	30A8A521	3A4FAB15	0x100	0x0
092ADEC0	D404312F	00000001	0x14	0x0
092ADF60	55337793	30A8A521	0x100	0x0
092AE000	1CE0AC89	8AFB0DC0	0x80	0x0
092AE0A0	DBA04ED8	30A8A521	0x100	0x0
092AE140	2B23DA54	8AFB0DC0	0x80	0x0
092AE1E0	B23DC6E6	30A8A521	0x100	0x0
092AE280	24703255	8AFB0DC0	0x80	0x0
092AE320	81DE13C4	30A8A521	0x100	0x0
092AE3C0	2EF56556	81DE13C4	0x100	0x0
092AE540	500BA672	3A4FAB15	0xE0	0x0
092AE5E0	999D9DA7	0EC6C309	0x60	0x0
092AE680	C78AE450	4A593612	0x18	0x0
092AE720	C8AB8C3B	4A593612	0x18	0x0
092AE7C0	A1AF9F83	4A593612	0x18	0x0
092AE860	FDFAE544	4A593612	0x18	0x0
092AE900	861C0BD6	4A593612	0x18	0x0
092AE9A0	EB099264	4A593612	0x18	0x0
092AEA40	25602DFD	4A593612	0x18	0x0
092AEB90	17CC3538	00000002	0x18	0x0
092AEC30	BFB162AD	00000001	0x20	0x0
092AED40	4A593612	00000002	0x18	0x0
092AEDE0	ABBCFC5A	4A593612	0x18	0x0
092AEE80	BF55AEB2	4A593612	0x18	0x0
092AEF20	551EF2D0	4A593612	0x18	0x0
092AF030	A19DB885	551EF2D0	0x28	0x0
092AF140	0C409DE8	551EF2D0	0x28	0x0
092AF1E0	352979DC	551EF2D0	0x20	0x0
092AF280	984D740B	4A593612	0x20	0x0
092AF320	FEA8F4CA	4A593612	0x28	0x0
092AF3C0	51C0C2F7	4A593612	0x18	0x0
092AF460	0628D109	4A593612	0x18	0x0
092AF500	25B6F4D1	3A4FAB15	0xC0	0x0
092AF5A0	D87F84D4	0EC6C309	0x60	0x0
092AF640	B5F0227D	3A4FAB15	0xC0	0x0
092AF6E0	00EA102C	0EC6C309	0x70	0x0
092AF780	5C83ABCF	3A4FAB15	0xC8	0x0
092AF820	84B1C6DB	0EC6C309	0xA0	0x0
092AFAC0	F9DEC204	3A4FAB15	0xD0	0x0
092AFB60	CB522B0D	0EC6C309	0x100	0x0
092AFC00	8F3D693F	04394495	0x130	0x0
092AFCA0	F560920A	0EC6C309	0xC8	0x0
092AFD40	CA83DBF7	3A4FAB15	0xC0	0x0
092AFDE0	FCB348B4	0EC6C309	0x78	0x0
092AFE80	3D6A870C	00000002	0x10	0x0
092AFF20	6B86CA00	3A4FAB15	0xC0	0x0
092B0110	750C4527	3A4FAB15	0x138	0x0
092B0340	CAAF4E4E	0EC6C309	0x168	0x0
092B05A0	70A764E2	3A4FAB15	0x148	0x0
092B0760	8F2AED00	0EC6C309	0x90	0x0
092B0870	B9D2AD15	30A8A521	0x108	0x0
092B0910	3D528DB2	BFCD52AE	0x138	0x0
092B09B0	83B22158	EAC7CFAB	0x68	0x0
092B0B30	E0246101	3A4FAB15	0xD0	0x0
092B0BD0	AD8A99F1	0EC6C309	0x58	0x0
092B0C70	A67A30D6	3A4FAB15	0x1D0	0x0
092B0E60	3E31D9D6	00000001	0x28	0x0
092B0F00	C0FD0C6A	00000002	0xD8	0x0
092B0FA0	C0F0C829	0EC6C309	0x60	0x0
092B1040	A6DD2631	3A4FAB15	0xC0	0x0
092B10E0	72B54444	0EC6C309	0xF0	0x0
092B1180	FAB5C00C	3A4FAB15	0xC0	0x0
092B1220	1262345A	0EC6C309	0xA8	0x0
092B12C0	74040593	3A4FAB15	0xC0	0x0
092B1360	E82A0F8B	3A4FAB15	0xF8	0x0
092B1400	FD7F8C38	0EC6C309	0xB0	0x0
092B1550	A7F301EE	3A4FAB15	0xC8	0x0
092B15F0	4D808454	0EC6C309	0x138	0x0
092B1690	9874C45A	3A4FAB15	0xC8	0x0
092B1730	8A502A83	0EC6C309	0xE8	0x0
092B17D0	84CCCD3D	741C247A	0x178	0x0
092B1870	AAFE9FEF	84CCCD3D	0x180	0x0
092B1910	C9AE743B	87181AE1	0x80	0x0
092B19B0	2E41EFF3	741C247A	0x70	0x0
092B1A50	52CB4061	84CCCD3D	0x180	0x0
092B1AF0	53AA7FA6	87181AE1	0x90	0x0
092B1EE0	8B375225	64910974	0x210	0x0
092B1F80	1F780313	C4C84E03	0x168	0x0
092B2020	73CA77EC	00000001	0x10	0x0
092B20C0	4267918D	3A4FAB15	0xC8	0x0
092B2160	5C4D3DA0	0EC6C309	0x68	0x0
092B2200	DDB1FE2B	3A4FAB15	0xC0	0x0
092B22A0	C0141B28	0EC6C309	0x60	0x0
092B2340	AFAAF455	BFCD52AE	0x138	0x0
092B23E0	515E92DB	EAC7CFAB	0x68	0x0
092B26F0	B1A8A226	3A4FAB15	0x1B0	0x0
092B2790	88DC904A	0EC6C309	0x118	0x0
092B2830	3635DEBB	00000002	0x10	0x10
092B29B0	FC61750F	3A4FAB15	0xC8	0x0
092B2A50	CF750261	0EC6C309	0x178	0x0
092B2AF0	123D8719	BFCD52AE	0x138	0x0
092B2B90	5DFB70BB	EAC7CFAB	0x68	0x0
092B2C30	260A1E9E	3A4FAB15	0x130	0x0
092B2CD0	74A6B93D	3A4FAB15	0x130	0x0
092B2D70	6A3A17F4	0EC6C309	0xF0	0x0
092B4900	B4E69FA1	BB96607D	0x88	0x0
092B4A80	EFA8E28B	CB0F23F4	0x90	0x0
092B4BD0	2996CA50	CB0F23F4	0x80	0x0
092B4E30	EF1C7C37	00000002	0x80	0x0
092B4ED0	F85FBB25	00000002	0x18	0x0
092B5090	BFE8C722	BB96607D	0x80	0x0
092B5280	CB0F23F4	1C5A8E99	0x20	0x2
092B56C0	02F435DD	B4347336	0x1E0	0x0
092B5760	6B7873CA	C62E24DD	0xC8	0x0
092B6750	0984415E	71CA3FC0	0x210	0x4240
092BA830	B46DDE81	00000001	0x18	0x0
092BA8D0	8EDC3E89	00000001	0x8	0x0
092BAA90	3F742D26	0984415E	0x280	0x40
092BAB30	BE667C1B	00000002	0x8	0x0
092BABD0	E7E7EA19	00000001	0x8	0x0
092BAC70	BB190EDE	00000001	0xAA0	0x0
092BAD10	37B5EA4B	00000002	0x18	0x0
092BADB0	A8E5773A	00000002	0x18	0x0
092BB080	BB9E2755	00000002	0x50	0x0
092BB120	CF83A255	CB0F23F4	0x30	0x0
092BB1C0	C69A7F31	BB96607D	0x100	0x0
092BB260	E74772BA	00000001	0x8	0x0
092BB300	2AFD2E35	00000001	0xC	0x0
092BB3A0	9F1FA4CD	CB0F23F4	0x20	0x0
092BB440	600E48C5	CB0F23F4	0x40	0x0
092BB4E0	79B340C9	CB0F23F4	0x30	0x0
092BB580	2CC42429	BB96607D	0x30	0x0
092BB620	9D698485	00000001	0x10	0x0
092BB6C0	88F73E40	BB96607D	0x10	0x0
092BB760	B4F0AF42	CB0F23F4	0x20	0x0
092BB800	7313743E	00000002	0x30	0x0
092BB8A0	54243032	BB96607D	0x50	0x0
092BB940	828AF5EF	00000001	0x10	0x0
092BB9E0	F29157B2	BB96607D	0x28	0x0
092BBA80	53F1AA6F	BB96607D	0x50	0x0
092BBB20	6865AD79	CB0F23F4	0x80	0x0
092BBBC0	1F7CB47F	00000002	0x10	0x0
092BBCD0	701893F0	00000002	0x60	0x0
092BBE90	DE9F7722	BB96607D	0x80	0x0
092BBF30	AB0AECD7	CB0F23F4	0x1D0	0x0
092BC0F0	4CFCFE53	00000002	0x1A0	0x0
092BC400	917C611D	BB96607D	0xC0	0x0
092BC4A0	1756B2BA	BB96607D	0x60	0x0
092BC540	DC648C1F	C62E24DD	0x258	0x0
092BCC10	FBB63E47	B201020F	0xF48	0x8
092BCCB0	703057DC	00000001	0x10	0x0
092BCD50	EE568905	BB96607D	0x20	0x0
092BCDF0	DD4B9F35	BB96607D	0x20	0x2
092BCE90	87DB1FB6	DD4B9F35	0x20	0x2
092BCF30	55AEF793	BB96607D	0x20	0x0
092BD080	6864FDFC	00000001	0xC	0x0
092BD120	2F4222CA	3F742D26	0x280	0x0
092BD1C0	225C4723	BB96607D	0x80	0x0
092BDEE0	F4833172	00000002	0x1730	0x0
092BE370	4B4FAB9A	BB96607D	0x78	0x0
092BE410	03091E55	C62E24DD	0x10	0x0
092BE4B0	34BAD1FB	00000002	0x8	0x0
092BE550	96AD54B8	34BAD1FB	0x10	0x0
092BE860	07FAD9A0	EED18A51	0x268	0x0
092BE900	7AF4480F	BB96607D	0x50	0x0
092BE9A0	5A1A485C	BB96607D	0x18	0x0
092BEA40	F108E3C3	BB96607D	0x18	0x0
092BEB90	7C00F6AF	F108E3C3	0x20	0x200
092BED50	36839608	00000001	0x58	0x0
092BEF80	613164D4	00000001	0xF0	0x0
092BF020	116F4A3B	C62E24DD	0x20	0x0
092BF1E0	348B28D6	00000001	0x48	0x0
092BF280	22ECBE63	BB96607D	0x100	0x0
092BF390	8E716439	00000001	0x10	0x0
092BF660	F5BD7B8A	00000001	0xB0	0x0
092BF700	F8C05D2F	BB96607D	0x40	0x0
092BF7A0	562EEA32	00000001	0x28	0x0
092BF960	A31AA51D	00000001	0xC	0x0
092BFA00	11BD5345	00000001	0xC	0x10
092BFAA0	569068DB	00000001	0x14	0x0
092BFBB0	B332698E	00000001	0x8	0x10
092BFC50	971A842E	22ECBE63	0x120	0x0
092C4CA0	B37C1E71	EED18A51	0x20	0x0
092C4D40	2A749F1C	DD4B9F35	0x30	0x0
092C4DE0	60C146B7	A02405B7	0xC0	0x0
092C4E80	0196529F	BB96607D	0x20	0x8
092C4F20	FFC5A970	BB96607D	0x38	0x0
092C4FC0	A99078EF	00000002	0x8	0x0
092C5060	F8114A9A	00000001	0x18	0x0
092C5100	39B875BA	00000001	0x18	0x0
092C52C0	12E57155	00000001	0x20	0x0
092C5360	02071BC3	BB96607D	0x48	0x0
092C5400	D76D0E66	00000001	0x1A0	0x0
092C54A0	16D1D21E	B6F1472B	0x70	0x0
092C5540	3165DAA7	8F18A95C	0x8	0x0
092C55E0	8EDC23F4	CB0F23F4	0x20	0x0
092C58A0	CEFFEF0F	FA6F25A3	0x40	0x4
092C5940	F190D936	3AE012B2	0x28	0x0
092C5D60	4C9AF0FE	87DB1FB6	0x120	0x0
092C6500	7C710786	DD4B9F35	0x1A0	0x0
092C6920	5766A70C	BB96607D	0x58	0x0
092C69C0	EE1E3AC8	00000001	0x40	0x0
092C6EC0	A4DD63BE	BB96607D	0xE8	0x0
092C6F60	C945D933	A4DD63BE	0x108	0x0
092C7000	36B30C70	00000001	0x38	0x0
092C70A0	5683951F	FA6F25A3	0x20	0x0
092C7300	DAE744C7	B6F1472B	0x110	0x0
092C73A0	5CABE636	87DB1FB6	0x70	0x0
092C7440	99F1D255	CB0F23F4	0x140	0x0
092C74E0	C4D9D1C9	00000002	0x30	0x0
092C76D0	D50DF93F	CB0F23F4	0x50	0x0
092C7770	8F3D5BB6	BB96607D	0xA0	0x0
092C79A0	9D6286BA	BB96607D	0x38	0x0
092C7A40	FAE4045F	00000002	0x10	0x0
092C7AE0	5AC01EA6	DD4B9F35	0x90	0x0
092C7B80	8A863D33	CB0F23F4	0x30	0x0
092C7D00	502CC335	CB0F23F4	0x78	0x0
092C80B0	7270FC9D	BB96607D	0x68	0x0
092C81C0	B8C1681D	CB0F23F4	0x38	0x0
092C86C0	0DA0E9C9	BB96607D	0xB0	0x8
092C8760	77FFB40E	87DB1FB6	0x68	0x0
092C8950	AAA36030	00000001	0x20	0x0
092C8D00	F7485E9F	BB96607D	0x280	0x0
092C8DA0	CC49E610	BB96607D	0x18	0x0
092C8E40	0A7B8703	BB96607D	0x18	0x0
092C8EE0	E1E55DF8	BB96607D	0x18	0x0
092C8F80	9D5EE15D	00000001	0x8	0x0
092C9020	5210E608	FA6F25A3	0x20	0x0
092C90C0	9B4AB630	FA6F25A3	0x20	0x0
092C9160	471AAE33	FA6F25A3	0x20	0x0
092C94E0	D1510422	EFE9A518	0x1F0	0x0
092C9630	ACBB26D4	00000002	0x20	0x0
092C96D0	1ABC4EEB	00000001	0x30	0x0
092C9770	0DBA88AB	00000002	0xB0	0x0
092C9810	306BDF55	DD4B9F35	0xA8	0x0
092C9C70	EFE9A518	4C9AF0FE	0x170	0x0
092C9D10	01A1EA0B	00000002	0x20	0x0
092C9DB0	6E47497A	00000002	0x20	0x0
092C9E50	EAF383A3	00000002	0x18	0x0
092CA040	1BCF03A2	CB0F23F4	0xB8	0x0
092CA0E0	36366014	00000002	0x10	0x0
092CA540	DD3987DC	DD4B9F35	0xD0	0x0
092CA5E0	FC6F1A4E	00000002	0x30	0x0
092CA680	741870AA	00000002	0x20	0x0
092CA720	9B51AA4F	00000002	0x58	0x0
092CA7C0	B0011C8A	FA6F25A3	0x38	0x0
092CA860	A117C2BE	7519B348	0x30	0x0
092CA900	F9BFCB7C	FA6F25A3	0x18	0x0
092CA9A0	FF9AD272	3AE012B2	0x20	0x0
092CAA40	10F46988	FA6F25A3	0x20	0x0
092CAAE0	2AA179AB	CB0F23F4	0x50	0x0
092CAB80	6CE04D52	00000001	0xC	0x0
092CAC20	3AE012B2	00000002	0x20	0x0
092CACC0	7519B348	3AE012B2	0x30	0x0
092CAD60	31E53393	3AE012B2	0x28	0x0
092CAE00	531170C7	3AE012B2	0x30	0x0
092CAEA0	AF7C835E	7C88766F	0x30	0x0
092CAF40	E9F719F3	3AE012B2	0x20	0x0
092CAFE0	143E5904	2E8B5553	0xD8	0x0
092CB080	86D03D69	FA6F25A3	0x38	0x0
092CB120	63A2A7A1	FA6F25A3	0x30	0x0
092CB1C0	3658D1F7	FA6F25A3	0x20	0x0
092CB260	620CE2AF	FA6F25A3	0x40	0x0
092CB300	440CEF8A	FA6F25A3	0x20	0x0
092CB3A0	0E0E0FF6	FA6F25A3	0x20	0x0
092CB440	0EEF0DA1	FA6F25A3	0x28	0x0
092CB4E0	F49D977D	FA6F25A3	0x40	0x0
092CB580	80988BA5	FA6F25A3	0x28	0x0
092CB620	40445E58	FA6F25A3	0x20	0x0
092CB6C0	7502B30C	FA6F25A3	0x20	0x0
092CB760	C650220C	7502B30C	0x28	0x0
092CB800	511A8DED	FA6F25A3	0x20	0x0
092CB8A0	850CC6B7	7519B348	0x30	0x0
092CB940	6C7F80FA	FA6F25A3	0x28	0x0
092CB9E0	38B76675	FA6F25A3	0x28	0x0
092CBA80	73E2C961	FA6F25A3	0x18	0x0
092CBB20	3D83A082	0B0095AA	0x18	0x0
092CBBC0	0B0095AA	FA6F25A3	0x18	0x0
092CBC60	35D7E61F	FA6F25A3	0x50	0x0
092CBD00	A7F106A7	FA6F25A3	0x20	0x0
092CBDA0	20C2FDD4	FA6F25A3	0x20	0x0
092CBFD0	F60E530C	BB96607D	0x1C0	0x0
092CC070	ADF1D5E6	CB0F23F4	0x250	0x0
092CC110	E5B47BEC	00000001	0x38	0x0
092CC1B0	633C2DA6	00000001	0x10	0x0
092CC250	7754F346	FA6F25A3	0x18	0x0
092CC2F0	D997BA8E	FA6F25A3	0x18	0x0
092CC390	5C1EE4A0	3AE012B2	0x28	0x0
092CC430	FDFEFA9F	5C1EE4A0	0x28	0x0
092CC4D0	E0F5805B	5C1EE4A0	0x28	0x0
092CC880	3939DC9A	00000002	0x1B0	0x0
092CC920	DB883EE3	CB0F23F4	0x1D0	0x0
092CCE90	CF153BBA	00000002	0x130	0x0
092CCF30	C9480717	FA6F25A3	0x20	0x0
092CCFD0	89737A1E	FA6F25A3	0x18	0x0
092CD070	7CBF6788	FA6F25A3	0x18	0x0
092CD110	8B5B3200	FA6F25A3	0x18	0x0
092CD1B0	434AB187	FA6F25A3	0x18	0x0
092D3A30	4BED1C90	FA6F25A3	0x18	0x0
092D3BB0	56F6A62D	4BED1C90	0x38	0x0
092D3C50	5E7A07C8	2E8B5553	0x50	0x0
092D3CF0	ABF6A8F3	3AE012B2	0x20	0x0
092D3D90	65B73293	DED33E8B	0x38	0x0
092D3E30	CC48AB84	BB96607D	0x50	0x0
092D4020	E63E194E	7AB22DED	0x80	0x0
092D47C0	824A23BA	BB96607D	0x1D8	0x0
092D48D0	084BEC13	11E77257	0x50	0x0
092D4A90	B6050D28	00000001	0x18	0x0
092D4B30	A8BF43DC	00000002	0x18	0x0
092D4BD0	34DCAAC8	00000002	0x20	0x0
092D4C70	1798F943	DED33E8B	0x20	0x0
092D4D10	5BD1A06F	7AB22DED	0x38	0x0
092D4ED0	11598A66	00000002	0x38	0x0
092D50C0	D2BF93A6	CB0F23F4	0x78	0x0
092D5160	8E7D3EC4	00000001	0x8	0x0
092D5200	6523E9B6	00000002	0x38	0x0
092D52A0	ED0D60C9	00000002	0x30	0x0
092D5340	9CCF0026	00000001	0x4	0x0
092D53E0	7791D754	00000002	0x38	0x0
092D5480	9986EA46	00000002	0x30	0x0
092D5520	1DF9B292	DED33E8B	0x30	0x0
092D55C0	5E723330	7AB22DED	0x38	0x0
092D6700	EB773098	BB96607D	0x10	0x0
092D6850	DED33E8B	00000002	0x20	0x0
092D68F0	EF243BB2	00000001	0x30	0x0
092D6990	7AB22DED	2ED0C5D7	0x38	0x0
092D6A30	C42C0DCB	DED33E8B	0x20	0x0
092D6B80	1E68ECB2	00000001	0x1	0x0
092D6C20	95F6E970	BB96607D	0x18	0x0
092D6CC0	04307420	7AB22DED	0x38	0x0
092D6D60	6627C719	7C88766F	0x58	0x4
092D6E00	2350A2E0	7519B348	0x30	0x0
092D6FC0	99E1E5CB	E77D052B	0x100	0x0
092D7680	67C0F01E	BB96607D	0x258	0x0
092D7720	F8E38DE4	2ED0C5D7	0x28	0x0
092D77C0	9094C86C	00000001	0x28	0x0
092D7860	40CB7001	00000002	0x18	0x0
092D7900	B858B503	00000002	0x20	0x0
092D79A0	71E31236	DED33E8B	0x78	0x0
092D7A40	C951B299	7AB22DED	0x38	0x0
092D7B50	65B7450B	2E8B5553	0x61D8	0x0
092D7BF0	8F4A6B92	00000001	0x8	0x0
092D7C90	71704EA6	BB96607D	0x20	0x0
092D7D30	0EAD6C40	00000001	0x18	0x0
092D7DD0	5FBD0E5D	BB96607D	0x20	0x0
092D7E70	C9822089	DED33E8B	0x78	0x0
092D7F10	1A645DC3	7AB22DED	0x38	0x0
092D7FB0	5D4DF41D	2ED0C5D7	0x28	0x0
092D8050	FB2B32FD	2ED0C5D7	0x10	0x0
092D80F0	21B24420	FB2B32FD	0x70	0x0
092D8190	3EDFE09B	FB2B32FD	0x70	0x0
092D8230	A08D1842	FB2B32FD	0x70	0x0
092D82D0	23A5CE37	FB2B32FD	0x70	0x0
092D8450	D3785D86	2ED0C5D7	0x40	0x0
092D84F0	28F542F6	D3785D86	0x58	0x0
092D8590	89E1EB18	D3785D86	0x58	0x0
092D8630	7A1A429A	D3785D86	0x58	0x0
092D86D0	AAA9D298	D3785D86	0x58	0x0
092D8770	8A687BDB	2ED0C5D7	0x90	0x0
092D8810	68BEF262	2ED0C5D7	0x90	0x0
092D88B0	EBA09895	2ED0C5D7	0x30	0x0
092D8950	46823E71	2ED0C5D7	0x70	0x0
092D89F0	C7A60D3C	2ED0C5D7	0xE8	0x0
092D8A90	7BC95402	2ED0C5D7	0xC0	0x0
092D8B30	6DEE34D7	2ED0C5D7	0xA8	0x0
092D8BD0	D0127344	2ED0C5D7	0xA0	0x0
092D8C70	90DAD64A	2ED0C5D7	0xA0	0x0
092D8D10	D763A448	2ED0C5D7	0xA0	0x0
092D8DB0	0DA64DB2	2ED0C5D7	0xA0	0x0
092D8E50	5584D240	2ED0C5D7	0xA0	0x0
092D8EF0	89655A06	2ED0C5D7	0xA0	0x0
092D8F90	DE7DE739	2ED0C5D7	0xA0	0x0
092D9030	6D6FF24A	2ED0C5D7	0xA0	0x0
092D90D0	A48B8C67	2ED0C5D7	0x48	0x0
092D9170	F96300D1	2ED0C5D7	0x90	0x0
092D9210	48D3B4CC	00000001	0x4	0x0
092D92B0	A38D63BE	00000002	0x38	0x0
092D9350	57CDA325	00000002	0x30	0x0
092D93F0	4F015EAD	2ED0C5D7	0x18	0x0
092D9490	802BE890	4F015EAD	0x38	0x0
092D9530	36C346F9	4F015EAD	0x38	0x0
092D95D0	5F950330	4F015EAD	0x50	0x0
092D9670	5DF99D65	4F015EAD	0x50	0x0
092D9710	8BD71CED	DED33E8B	0x20	0x0
092D97B0	5F76AEC9	7AB22DED	0x38	0x0
092D9AF0	AE025D1E	00000001	0x48	0x0
092D9B90	12AAF81A	00000001	0x128	0x0
092D9C30	AADB5CF0	00000001	0x8	0x0
092D9CD0	A7D79858	00000001	0x28	0x0
092D9FE0	05434DDB	BB96607D	0x90	0x0
092DA360	6FB687B5	00000002	0x40	0x0
092DA6A0	77487BBA	DED33E8B	0x50	0x0
092DA740	2F703FB7	7AB22DED	0xC8	0x0
092DA9A0	F5500873	DED33E8B	0xD0	0x0
092DAAB0	B3BACA19	7AB22DED	0x38	0x0
092DAB50	67BA0AC5	DED33E8B	0x20	0x0
092DABF0	28A54884	7AB22DED	0x38	0x0
092DAC90	44C579F5	DED33E8B	0x20	0x0
092DAD30	0CFD3B8F	7AB22DED	0x38	0x0
092DADD0	67FEDCFD	DED33E8B	0x20	0x0
092DAE70	22577E49	7AB22DED	0x38	0x0
092DAF10	942DBA58	2ED0C5D7	0x20	0x0
092DAFB0	5770C1C8	942DBA58	0xA0	0x0
092DB050	0E2AB08D	942DBA58	0x190	0x0
092DB0F0	0AC8987E	942DBA58	0x190	0x0
092DB240	6DEA166E	2ED0C5D7	0x18	0x0
092DB2E0	309CB409	6DEA166E	0x50	0x0
092DB380	2F32F062	6DEA166E	0x50	0x0
092DB420	3851B84A	6DEA166E	0x70	0x0
092DB4C0	EC302ADD	6DEA166E	0x70	0x0
092DB560	FB62CB87	2ED0C5D7	0x38	0x0
092DB600	5D5B1CCB	FB62CB87	0x70	0x0
092DB6A0	9729CAEA	FB62CB87	0x90	0x0
092DB740	57A1C261	FB62CB87	0x90	0x0
092DB7E0	A30FFD5D	2ED0C5D7	0x60	0x0
092DB880	E6E56F93	FB62CB87	0x70	0x0
092DB920	35AA9812	942DBA58	0xA0	0x0
092DB9C0	8F932EFE	2ED0C5D7	0x20	0x0
092DBA60	FCC3C58D	8F932EFE	0xE8	0x0
092DBB00	BFC94CF8	8F932EFE	0xE8	0x0
092DBBA0	0837B696	8F932EFE	0x270	0x0
092DBC40	9F52FD7B	8F932EFE	0x270	0x0
092DBCE0	DAF17466	2ED0C5D7	0xB0	0x0
092DBD80	3FC9BFD7	2ED0C5D7	0xE0	0x0
092DBE20	C3B6B4B0	CB0F23F4	0x280	0x0
092DBEC0	6DB03CA3	DED33E8B	0x28	0x0
092DBF60	1EB94A17	7AB22DED	0x38	0x0
092DC000	1E097B8F	00000001	0x10	0x0
092DC0A0	49E534A3	00000001	0x58	0x0
092DC140	98015D41	00000002	0xA8	0x0
092DC290	5DB51127	C62E24DD	0x68	0x0
092DC330	B6DAC181	FA6F25A3	0x20	0x0
092DC3D0	7BC39594	B6DAC181	0x20	0x0
092DC470	DD9C92EE	B6DAC181	0x20	0x0
092DC510	7C202125	B6DAC181	0x20	0x0
092DC5B0	43669A26	B6DAC181	0x20	0x0
092DC650	F9D2CF8E	FA6F25A3	0x20	0x0
092DC6F0	116FE2C2	F9D2CF8E	0x28	0x0
092DC790	E13D4CC1	F9D2CF8E	0x30	0x0
092DC830	54ACB6A4	5693636B	0x88	0x0
092DC8D0	BAED6D88	54ACB6A4	0x88	0x0
092DC970	5693636B	BB96607D	0x20	0x0
092DCA10	980D2999	5693636B	0x20	0x0
092DCAB0	4A82ADFE	5693636B	0x20	0x0
092DCB50	FDABFB10	5693636B	0x120	0x0
092DCBF0	690CD281	E7F43628	0xA0	0x0
092DCC90	E7CC697D	E7F43628	0xA0	0x0
092DCD30	B333EE01	E7F43628	0xA0	0x0
092DCDD0	E7F43628	5693636B	0xA0	0x0
092DCE70	A3E5BDCE	5693636B	0x30	0x0
092DCF10	5EE8AEC3	E7F43628	0xA0	0x0
092DF200	6D8397B0	5F45D02D	0x38	0x0
092DF2A0	AF80E214	E77D052B	0x340	0x0
092DF340	E487F4CC	4A77CEFE	0x58	0x0
092DF3E0	F73B28B0	E77D052B	0xA8	0x0
092DF480	C8842AD8	BB96607D	0x70	0x1
092DF520	B7EA6DA8	C8842AD8	0x70	0x0
092DF5C0	FC1DA7EC	EED18A51	0x40	0x0
092DF660	4A77CEFE	9DAC16CD	0x50	0x0
092DF700	E66A2C80	BB96607D	0x10	0x0
092DF7A0	D74A1B74	E66A2C80	0x18	0x1
092DF840	4F614733	9DAC16CD	0x38	0x0
092DF8E0	E77D052B	00000002	0x98	0x0
092DF980	67A2C4C1	00000002	0x10	0x0
092DFA20	71033E8A	BB96607D	0x20	0x0
092DFD30	9DAC16CD	BB96607D	0x38	0x1
092DFDD0	5F45D02D	00000002	0x10	0x0
092DFE70	57770704	00000002	0x18	0x0
092DFF80	9B1EC562	F73B28B0	0xC8	0x0
092E0020	D65BA7E1	5F45D02D	0x18	0x0
092E00C0	B133A7EA	FF08DB57	0x28	0x0
092E0160	0294E135	FF08DB57	0x38	0x0
092E0200	FF08DB57	5F45D02D	0x20	0x0
092E02A0	11FBFEB3	5F45D02D	0x50	0x0
092E0340	AA165F33	5F45D02D	0x28	0x0
092E03E0	EA713F35	5F45D02D	0x20	0x0
092E0480	2D2240BC	5F45D02D	0x40	0x0
092E06E0	D57A1B06	5F45D02D	0x78	0x0
092E0860	B1ED8D17	EA713F35	0x48	0x0
092E0A50	AD7466F6	EA713F35	0x68	0x0
092E0BA0	095553B7	EA713F35	0x48	0x0
092E0C40	C16C05E5	FF08DB57	0x58	0x0
092E0D90	5B6AB63F	5F45D02D	0x50	0x0
092E0E30	F0E41576	67A2C4C1	0x30	0x0
092E0ED0	46DE5F80	67A2C4C1	0x18	0x0
092E0F70	5D45E7C6	67A2C4C1	0x20	0x0
092E1010	C280CDB3	67A2C4C1	0x30	0x0
092E10B0	ABC90F63	67A2C4C1	0x28	0x0
092E1150	701D1811	67A2C4C1	0x10	0x0
092E11F0	51D791DE	67A2C4C1	0x20	0x0
092E13E0	8FE285C9	00000001	0x40	0x0
092E1480	3EF457EC	00000001	0x1	0x0
092E1520	4148CD56	5B413085	0xF0	0x0
092E15C0	C2911BF8	6865AD79	0x80	0x0
092E1660	8C257029	DE9F7722	0x90	0x0
092E1700	01FE5A56	AB0AECD7	0x1D0	0x0
092E17A0	C3C66616	917C611D	0xD0	0x0
092E1840	D2A24E98	00000001	0x20	0x0
092E18E0	DE918850	00000001	0x1	0x0
092E1980	B67486C5	CB0F23F4	0x20	0x0
092E1A20	A7FDBC85	6865AD79	0x90	0x0
092E1AC0	049CD84D	DE9F7722	0x90	0x0
092E1BD0	E2A7BF2E	87DB1FB6	0x38	0x0
092E1C70	DCB2779D	00000001	0x50	0x0
092E1D10	E01AE0A5	00000001	0x1	0x0
092E1DB0	D2358CC7	305A3A55	0x88	0x0
092E1E50	8DCB576D	6865AD79	0x90	0x0
092E1EF0	52CBC760	DE9F7722	0x90	0x0
092E1F90	C7E31A67	00000002	0x8	0x0
092E2030	AD76169B	00000001	0x1	0x0
092E20D0	82CAA0EE	CB0F23F4	0x20	0x0
092E2170	5D261D18	00000001	0x1	0x0
092E2210	17949D35	2BC49864	0x10	0x0
092E22B0	A708A3B1	00000001	0x20	0x0
092E2350	479AA0DB	00000001	0x1	0x0
092E23F0	919B051F	CB0F23F4	0x20	0x0
092E2490	4CC7E090	00000001	0x20	0x0
092E2530	F36A2FB9	CB0F23F4	0x28	0x0
092E25D0	7D3662F5	BB96607D	0x28	0x0
092E2670	63548D25	BB96607D	0x28	0x0
092E2710	D752EE9A	00000001	0x10	0x0
092E27B0	9F6D3EBA	FA6F25A3	0x18	0x0
092E2850	9C2C3C1A	9F6D3EBA	0x28	0x0
092E28F0	D52F38C6	9F6D3EBA	0x20	0x0
092E2990	2A395CB8	9F6D3EBA	0x18	0x0
092E2A30	08CCE5C7	00000002	0x8	0x0
092E2AD0	2DEEF102	00000001	0x10	0x0
092E2B70	64ADD2E3	00000002	0x8	0x0
092E2C10	BC707954	00000001	0x1	0x0
092E2CB0	89DF8F2A	00000001	0x1C	0x0
092E2D50	8E064CAF	00000001	0xC	0x0
092E2DF0	5FF74C6E	00000001	0x20	0x0
092E2E90	37162BDD	00000001	0x1	0x0
092E2F30	22FB87E0	00000001	0xC	0x0
092EA120	6700C88C	CB0F23F4	0x30	0x0
092EA1C0	F9CD3DF9	00000002	0x8	0x0
092EA260	FED66051	00000002	0x8	0x0
092EA300	18771732	00000001	0x1	0x0
092EA3A0	A35D3ECC	715ECAF8	0x20	0x0
092EA440	4D61CC31	715ECAF8	0x20	0x0
092EA4E0	5FC24602	715ECAF8	0x20	0x0
092EA580	03C5758A	715ECAF8	0x20	0x0
092EA620	5B7069C6	715ECAF8	0x20	0x0
092EA6C0	60F86A15	715ECAF8	0x20	0x0
092EA840	715ECAF8	00000002	0x20	0x0
092EA8E0	7180F3E9	715ECAF8	0x20	0x0
092EA980	6AC9C22C	BB96607D	0x10	0x0
092EAA20	ADAF4ED2	2ED0C5D7	0x88	0x0
092EAAC0	6E909BEA	2ED0C5D7	0x88	0x0
092EAB60	88E15F23	2ED0C5D7	0x40	0x0
092EAC00	E74A9CC1	2ED0C5D7	0x40	0x0
092EACA0	E61CD6C2	2ED0C5D7	0x40	0x0
092EAD40	1EA75879	2ED0C5D7	0x70	0x0
092EADE0	0B4B88D4	2ED0C5D7	0x70	0x0
092EAE80	3610E0C0	2ED0C5D7	0x58	0x0
092EAF20	C1199C46	2ED0C5D7	0x58	0x0
092EAFC0	3060F4B3	2ED0C5D7	0x58	0x0
092EB060	9C83EAB4	2ED0C5D7	0x58	0x0
092EB100	F3D396B0	2ED0C5D7	0x58	0x0
092EB1A0	445BF3D6	2ED0C5D7	0x40	0x0
092EB240	73B7CFB3	00000001	0x4	0x0
092EB2E0	40A1F8CE	00000001	0x10	0x0
092EB380	9E4C26C5	00000001	0x58	0x0
092EB420	E57B17DF	00000002	0x8	0x0
092EB4C0	E9CDC116	E57B17DF	0x18	0x0
092EB560	63AD2CDD	E9CDC116	0x18	0x0
092EB600	2C74BF29	E9CDC116	0x18	0x0
092EB6A0	1603ED4D	E9CDC116	0x18	0x0
092EB740	A42F1A65	E57B17DF	0x10	0x0
092EB7E0	A10B3D7E	A42F1A65	0x18	0x0
092EB880	A76A9BDD	A42F1A65	0x18	0x0
092EB920	656931BC	A42F1A65	0x18	0x0
092EB9C0	556DC878	E9CDC116	0x18	0x0
092EBA60	62A56ED4	A42F1A65	0x18	0x0
092EBB00	61A0FD1C	2ED0C5D7	0x58	0x0
092EBBA0	C4B80C27	2ED0C5D7	0x58	0x0
092EBC40	36E93FDF	2ED0C5D7	0x58	0x0
092EBCE0	78FB1B01	2ED0C5D7	0x58	0x0
092EBD80	BB4F485D	2ED0C5D7	0x58	0x0
092EBE20	1E57B966	2ED0C5D7	0x58	0x0
092EBEC0	EF571A1B	2ED0C5D7	0x58	0x0
092EBF60	F196A810	2ED0C5D7	0x40	0x0
092EC000	D8ECC03F	2ED0C5D7	0x40	0x0
092EC0A0	3C00349D	2ED0C5D7	0x40	0x0
092EC140	40EB69A1	2ED0C5D7	0x58	0x0
092EC1E0	F4D3248A	2ED0C5D7	0x40	0x0
092EC280	FB9385B3	2ED0C5D7	0x58	0x0
092EC320	6A1ABA5C	2ED0C5D7	0x58	0x0
092EC3C0	8547EC07	2ED0C5D7	0x58	0x0
092EC460	1BD6BAB4	2ED0C5D7	0x58	0x0
092EC500	B429DF5D	2ED0C5D7	0x40	0x0
092EC5A0	6EC66A1C	2ED0C5D7	0x40	0x0
092EC640	5D4B7D11	2ED0C5D7	0x70	0x0
092EC6E0	0F229EB9	2ED0C5D7	0x70	0x0
092EC780	3DC1932B	2ED0C5D7	0x58	0x0
092EC820	E72E266A	2ED0C5D7	0x58	0x0
092EC8C0	01CCAC72	2ED0C5D7	0x58	0x0
092EC960	DB231933	2ED0C5D7	0x58	0x0
092ECA00	3C9802CB	2ED0C5D7	0x40	0x0
092ECAA0	7CA403C6	2ED0C5D7	0x40	0x0
092ECB40	A4FB41FF	2ED0C5D7	0x40	0x0
092ECBE0	1D685F04	2ED0C5D7	0x40	0x0
092ECC80	C5371D3D	2ED0C5D7	0x40	0x0
092ECD20	EFD14B23	2ED0C5D7	0x70	0x0
092ECDC0	52089548	2ED0C5D7	0x70	0x0
092ECE60	98E64348	2ED0C5D7	0x40	0x0
092ECF00	E940B7BD	2ED0C5D7	0x58	0x0
092ECFA0	58E739B3	2ED0C5D7	0x40	0x0
092ED040	F5AB6D54	2ED0C5D7	0x70	0x0
092ED0E0	306CA167	2ED0C5D7	0xA0	0x0
092ED180	32069666	2ED0C5D7	0x40	0x0
092ED220	92258332	2ED0C5D7	0x40	0x0
092ED2C0	AB0FC44C	2ED0C5D7	0x40	0x0
092ED360	E206C788	2ED0C5D7	0x40	0x0
092ED400	7843871B	2ED0C5D7	0x40	0x0
092ED4A0	E0E22F96	2ED0C5D7	0x40	0x0
092ED540	824E5E90	2ED0C5D7	0x40	0x0
092ED5E0	8873E1B7	2ED0C5D7	0x58	0x0
092ED680	1C564647	2ED0C5D7	0x40	0x0
092ED720	736608BB	2ED0C5D7	0x40	0x0
092ED7C0	F777C0E3	2ED0C5D7	0x40	0x0
092ED860	A2364ECC	2ED0C5D7	0x40	0x0
092ED900	049E4AE0	2ED0C5D7	0x40	0x0
092ED9A0	3BCCF6FC	2ED0C5D7	0x40	0x0
092EDA40	4D631CD8	2ED0C5D7	0x58	0x0
092EDAE0	1387B334	2ED0C5D7	0x58	0x0
092EDB80	FBC55F83	2ED0C5D7	0x40	0x0
092EDC20	EF889D0B	2ED0C5D7	0x40	0x0
092EDCC0	F3335CD4	2ED0C5D7	0x58	0x0
092EDD60	CE4FDF00	2ED0C5D7	0x58	0x0
092EDE00	00AC21F6	2ED0C5D7	0x58	0x0
092EDEA0	6514BC72	2ED0C5D7	0x58	0x0
092EDF40	9A04DCE0	2ED0C5D7	0x58	0x0
092EDFE0	841CA5CB	2ED0C5D7	0x40	0x0
092EE080	455FBB05	2ED0C5D7	0x88	0x0
092EE120	ACD630BA	2ED0C5D7	0x70	0x0
092EE1C0	124AD092	2ED0C5D7	0x40	0x0
092EE260	7FFE196D	2ED0C5D7	0x58	0x0
092EE300	2ED0C5D7	BB96607D	0x10	0x0
092EE3A0	0BD2E0B0	2ED0C5D7	0x20	0x0
092EE440	ECC2609D	00000001	0x8	0x0
092EE4E0	3153E6F5	BB96607D	0x30	0x0
092EE580	90A535BF	2ED0C5D7	0x30	0x0
092EE620	B71BDBC8	00000002	0x18	0x0
092EE6C0	7C231113	00000002	0x50	0x0
092EE760	D01DA6C7	BB96607D	0x68	0x0
092EE800	B3C72369	2ED0C5D7	0x40	0x0
092EE8A0	865B7AA1	BB96607D	0x38	0x0
092EE940	05474047	BB96607D	0x20	0x0
092EE9E0	965C77E0	D01DA6C7	0x68	0x0
092EEA80	6B5B24CB	00000002	0x10	0x0
092EEB20	A508C9CB	00000002	0x8	0x0
092EEBC0	342FB3E9	00000002	0x18	0x0
092EEC60	BFA1CF63	00000002	0x8	0x0
092EED00	1181BD58	B3C72369	0x90	0x0
092EEDA0	09D2E782	B3C72369	0x88	0x0
092EEE40	A5954599	B3C72369	0x48	0x0
092EEEE0	0683A5C7	B3C72369	0x50	0x0
092EEF80	109BBBBD	B3C72369	0x48	0x0
092EF020	7D1974B2	B3C72369	0x88	0x0
092EF0C0	AA890185	2ED0C5D7	0x18	0x0
092EF160	A4755364	AA890185	0x38	0x0
092EF200	A026AFF2	AA890185	0x38	0x0
092EF2A0	649730E3	AA890185	0x50	0x0
092EF340	9FC95AD5	AA890185	0x50	0x0
092EF3E0	3203D42D	AA890185	0x78	0x0
092EF5D0	92F13269	2ED0C5D7	0x40	0x0
092EF6E0	E6B2ABE6	92F13269	0x58	0x0
092EF7F0	1AF56DD2	92F13269	0x58	0x0
092EF900	67631517	92F13269	0x58	0x0
092EFA10	41922A2D	92F13269	0x58	0x0
092EFAB0	DC53E7D5	2ED0C5D7	0x18	0x0
092EFB50	9609ECDD	DC53E7D5	0x50	0x0
092EFBF0	CEFF2662	DC53E7D5	0x50	0x0
092EFC90	D6184774	DC53E7D5	0x60	0x0
092EFD30	7794AB39	DC53E7D5	0x60	0x0
092EFDD0	C5F413A4	2ED0C5D7	0x40	0x0
092EFE70	9E29C8B1	C5F413A4	0x78	0x0
092EFF10	D1F05B45	C5F413A4	0x78	0x0
092EFFB0	EB870921	C5F413A4	0x80	0x0
092F0050	A8E92C14	C5F413A4	0x80	0x0
092F00F0	6B3A6B17	2ED0C5D7	0x18	0x0
092F0190	4D8EDD82	6B3A6B17	0x50	0x0
092F0230	5458741C	6B3A6B17	0x50	0x0
092F02D0	D0ACD010	6B3A6B17	0x60	0x0
092F0370	3999858F	6B3A6B17	0x60	0x0
092F05A0	A9993151	2ED0C5D7	0x20	0x0
092F0640	2C5703CC	A9993151	0x48	0x0
092F06E0	8ADDC9B8	A9993151	0x70	0x0
092F0780	60062CA8	A9993151	0x48	0x0
092F0820	8844E937	A9993151	0x50	0x0
092F08C0	C5CF88C1	2ED0C5D7	0x58	0x0
092F0960	CE288DF1	C5CF88C1	0xD0	0x0
092F0A00	E006229E	C5CF88C1	0xC0	0x0
092F0AA0	A1A81821	C5CF88C1	0xC0	0x0
092F0B40	2FDF7E4C	2ED0C5D7	0x90	0x0
092F0BE0	212E7824	2ED0C5D7	0x50	0x0
092F0C80	D8317475	2ED0C5D7	0x28	0x0
092F0D20	FE20EBBB	2ED0C5D7	0x58	0x0
092F0DC0	1BFEC321	2ED0C5D7	0x48	0x0
092F0E60	F432B60D	2ED0C5D7	0x88	0x0
092F0FB0	338CDC20	C62E24DD	0xA0	0x0
092F1050	ECEF6DDB	BB96607D	0x128	0x0
092F10F0	03BE8B48	00000001	0x20	0x0
092F1190	951B683E	00000001	0x20	0x0
092F1230	96455092	00000001	0x28	0x0
092F1340	9F1640AF	00000001	0x10	0x10
092F13E0	E6051A9E	BB96607D	0x28	0x0
092F4E20	0E2F4444	7456EEC9	0xA0	0x0
092F4EC0	3435AD40	00000001	0x18	0x0
092F4F60	AC2BBF68	BB96607D	0x60	0x0
092F5120	64D206A2	C62E24DD	0x30	0x0
092F51C0	8FAB8072	FA6F25A3	0x18	0x0
092F5260	53DDEA6D	8FAB8072	0x18	0x0
092F5300	A5C210C2	8FAB8072	0x18	0x0
092F53A0	866CF871	8FAB8072	0x18	0x0
092F5440	4F2559FF	C62E24DD	0x68	0x0
092F54E0	460666C7	C62E24DD	0x18	0x0
092F5580	11E77257	00000002	0x38	0x0
092F5620	084850E3	B6F1472B	0x18	0x0
092F56C0	023A9678	CB0F23F4	0x38	0x0
092F5760	BDD97252	00000002	0x110	0x0
092F5800	F973DA5A	00000002	0x8	0x0
092F58A0	C29B9B49	F973DA5A	0x8	0x0
092F5940	F4DA3930	F973DA5A	0x10	0x0
092F59E0	D28389B5	00000001	0x10	0x0
092F5A80	F2C5A822	00000002	0x8	0x0
092F5DF0	4A70DE43	C62E24DD	0x98	0x0
092F5E90	6E3C9C6F	BB96607D	0x38	0x0
092F5F30	D5DA5A30	00000001	0x8	0x0
092F5FD0	C66CFE99	BB96607D	0x20	0x0
092F62A0	DF503E1F	00000001	0x80	0x4
092F6340	D5B62D20	00000001	0x8	0x0
092F63E0	07CCDB3E	00000001	0x4	0x0
092F6480	16217E31	BB96607D	0x28	0x0
092F6520	69A90F1E	00000001	0x8	0x0
092F65C0	26F64625	BB96607D	0x20	0x0
092F66D0	B11FC381	00000001	0xC	0x0
092F6770	EDED0AA9	00000001	0x10	0x0
092F6810	18BBA40C	00000001	0x30	0x0
092F68B0	D813F2A8	00000001	0x28	0x0
092F6950	5FC9CE4D	00000001	0x10	0x0
092F69F0	13B6C2C4	00000002	0x10	0x0
092F6A90	1C4B22AA	00000001	0x1	0x0
092F6B30	0C5B8DC3	00000002	0x10	0x10
092F6BD0	D39D9B7C	00000002	0x10	0x10
092F6C70	4816006B	00000002	0x8	0x10
092F6D10	A935DF36	00000002	0x18	0x10
092F6DB0	A88FD0A0	2C45F19D	0x38	0x0
092F6E50	B3C90BF3	8197B53D	0x18	0x0
092F6EF0	5C0B505A	B3C90BF3	0x18	0x0
092F6F90	4E74F517	B3C90BF3	0x18	0x0
092F7030	3214A094	B3C90BF3	0x18	0x0
092F70D0	2C45F19D	FA6F25A3	0x20	0x0
092F7170	8197B53D	FA6F25A3	0x18	0x0
092F7210	78676C05	8197B53D	0x28	0x0
092F72B0	5D2FF0C4	00000001	0x10	0x0
092F7350	CF57A245	63CDD027	0xD8	0x0
092F73F0	D3631B95	00000002	0x68	0x0
092F7490	EE5B78D4	00000002	0x8	0x0
092F7530	73C97C37	00000001	0x10	0x0
092F75D0	E33AEDE3	00000001	0x20	0x0
092F7670	C74CC56F	00000001	0x20	0x0
092F7710	7FDBCCD9	00000002	0x18	0x0
092F77C0	2B6F5F22	C62E24DD	0x70	0x0
092F7860	90816934	FA6F25A3	0x28	0x0
092F7900	0E6DE92F	7519B348	0x30	0x0
092F79A0	B059D7AB	C7C045E7	0x90	0x0
092F7A40	24F9E32A	00000002	0x78	0x0
092F7AE0	DAAB6A8E	00000002	0x30	0x0
092F7B80	872E6CCD	CB0F23F4	0x50	0x0
092F7D40	82D35AA0	00000001	0x40	0x0
092F7DE0	3F4409D3	00000002	0x68	0x0
092F8120	101CA2ED	00000001	0x2	0x0
092F81C0	62136054	00000002	0x10	0x0
092F83B0	266C265D	EFE71078	0x1310	0x0
092F8450	032F4C94	BB96607D	0x100	0x0
092F8680	22225754	00000001	0x70	0x0
092F8720	891043D5	BB96607D	0x28	0x0
092F89C0	7D3D21D4	00000001	0x40	0x0
092F8A60	3F78146C	00000002	0x58	0x0
092F8B00	8F885568	00000001	0x2	0x0
092F8BA0	13E073F6	00000001	0x2	0x0
092F8C40	1B6E5B70	00000001	0x20	0x0
092F8D90	6CEC3B52	CB0F23F4	0x58	0x0
092F8E30	63D89F3C	00000002	0x8	0x0
092F8ED0	8651990E	00000002	0x2F0	0x0
092FD050	5B4C4323	00000001	0x10	0x0
092FD0F0	A9D3724D	00000001	0x10	0x0
092FD200	C8B70D11	00000001	0x20	0x0
092FD2A0	4A8E7BD9	00000001	0x40	0x0
092FD340	E33044BA	4B54C698	0x30	0x48
092FD3E0	4EA3953B	00000001	0x8	0x0
092FD480	52E5AA85	BB96607D	0x28	0x0
092FD520	8321699E	B48EBA69	0x340	0x0
092FD5C0	273AF22F	50D2F5C4	0x138	0x0
092FD660	FA94BA7D	823777D3	0x1E0	0x0
092FD700	8C655B8E	C8429835	0xE0	0x0
092FD7A0	7D6B679F	A83A3056	0x38	0x0
092FD840	6086DC59	65DA7C07	0x68	0x0
092FD8E0	3E80062B	8321699E	0x340	0x0
092FD980	3BA75BDF	273AF22F	0x138	0x0
092FDA20	295583EF	FA94BA7D	0x1E0	0x0
092FDAC0	C8DAC01B	8C655B8E	0xE0	0x0
092FDB60	6119D4CE	7D6B679F	0x38	0x0
092FDC00	0B6DAC75	6086DC59	0x68	0x0
092FDCA0	9895FF0A	4B54C698	0x30	0x48
092FDD40	87D129CC	B48EBA69	0x310	0x0
092FDDE0	146D6E51	50D2F5C4	0x138	0x0
092FDE80	9E476402	823777D3	0x178	0x0
092FDF20	FAF11FA6	C8429835	0xD0	0x0
092FDFC0	B4A799A6	A83A3056	0x30	0x0
092FE060	4C6A81EE	65DA7C07	0x68	0x0
092FE1E0	4B54C698	BB96607D	0x30	0x48
092FE560	B48EBA69	CB0F23F4	0x310	0x0
092FE600	CF3D67CA	00000001	0x70	0x0
092FE7F0	AD53C62C	00000001	0xD0	0x0
092FE9E0	50D2F5C4	00000002	0x138	0x0
092FF1F0	823777D3	00000002	0x178	0x0
092FF290	62BA80E1	00000001	0x1C	0x0
092FF330	CCC97813	00000001	0x10	0x0
092FF3D0	9A6E3E7D	00000001	0x4	0x0
092FF6A0	C8429835	00000002	0x90	0x0
09300150	F7A7E4DF	BB96607D	0xA0	0x0
093001F0	ADAA2F1C	BB96607D	0x80	0x0
09300290	33BB613E	00000001	0x18	0x0
09300330	8493C4C3	A02405B7	0x110	0x0
093003D0	0FDCBEC2	CAF1AD24	0x230	0x0
09300520	A83A3056	BB96607D	0x30	0x0
093005C0	4B2BFE7C	00000001	0x18	0x0
09300660	65DA7C07	00000002	0x68	0x0
09300700	D5C87E32	00000001	0x34	0x0
093007A0	5CEE8507	00000002	0xA0	0x0
09300990	308DEBF6	BB96607D	0x40	0x0
09300A30	16CF92A5	00000002	0x60	0x0
09300DB0	2F288440	00000002	0x40	0x0
093014E0	17602593	00000002	0xF8	0x0
09301580	4A5A2CA8	00000001	0x30	0x0
09301620	13AF0F8F	00000001	0x30	0x0
093016C0	50C7E9C7	00000001	0x100	0x0
09301760	093BC3D4	BB96607D	0x20	0x0
09301800	2AE7E181	00000001	0xA0	0x0
093018A0	956BACCE	DD4B9F35	0x40	0x0
09301940	8BCF842C	CB0F23F4	0x40	0x0
093019E0	1B37E182	BB96607D	0x20	0x0
09301A80	BD84EE69	00000001	0x20	0x0
09301B20	DBD2E58A	00000002	0x8	0x0
09301BC0	BDBE3B52	BB96607D	0x88	0x10
09301C60	B7806F86	00000002	0x30	0x10
09301D00	99123179	CB0F23F4	0x28	0x0
09301E10	AF8133E7	BB96607D	0x930	0x0
09301EB0	089DDA5B	00000002	0x50	0x10
093050E0	5EBC3A42	2BC49864	0xD0	0x0
09305180	0D7F0C9E	00000001	0x48	0x0
09305220	0A3E93E1	2BC49864	0x20	0x0
093052C0	C29A81B3	D9386B33	0xB0	0x0
09305360	228A89A8	00000002	0x20	0x0
09305400	067221B7	BB96607D	0xC8	0x0
09305580	397BF5DD	00000001	0xC	0x0
09305620	72D950FE	87BCF286	0x2850	0x0
093056C0	0750F4EA	C62E24DD	0xB0	0x0
093058F0	9AB54D77	33C8CE67	0x690	0x0
09305B20	87BCF286	87DB1FB6	0x4C0	0x0
09305CA0	9DB90DC2	00000001	0x18	0x0
09305D40	33C72ED9	00000001	0x20	0x0
09305DE0	63C345DD	BB96607D	0x10	0x0
09305E80	47606082	00000001	0x24	0x0
09305F20	3CFD0BBB	BB96607D	0x58	0x0
09305FC0	FF0012C3	228A89A8	0x38	0x0
093062D0	1B0A28E5	00000001	0xA0	0x0
09306370	9E8396DD	00000001	0x20	0x0
09306410	8280A83D	CB0F23F4	0x28	0x0
093064B0	8DBC08AD	BB96607D	0x70	0x0
09306550	0F731362	BB96607D	0x30	0x0
093065F0	6B268822	00000001	0x20	0x0
09306690	E8CC4E04	BB96607D	0x40	0x0
09306730	32A91BA1	ABF74DF0	0x10	0x0
093067D0	672256EC	4E7C39C3	0x450	0x0
09306950	4E7C39C3	BB96607D	0x440	0x0
09306A30	E8134060	CB0F23F4	0x98	0x0
09306AD0	E3EBAF71	CB0F23F4	0x30	0x0
09306BE0	89288371	4E7C39C3	0x670	0x0
09306C80	33C8CE67	4E7C39C3	0x590	0x0
09306D20	599A86E9	00000001	0x98	0x0
09306DC0	1B478101	00000002	0x58	0x0
09306E60	DAB4219F	CB0F23F4	0xD0	0x0
09306F00	4DA30368	87DB1FB6	0xC8	0x0
09306FA0	49F387B1	BB96607D	0x68	0x0
09307040	0134DC50	00000001	0x10	0x0
093070E0	2021D57D	00000001	0x10	0x0
09307180	B953DDD2	00000001	0x8	0x0
09307220	1368F305	00000002	0x40	0x0
093072C0	9E87577E	00000001	0x8	0x0
09307360	BB8E3EEC	00000001	0xC	0x0
09307C90	0423BD15	00000001	0x410	0x0
09308120	7E42F87F	00000001	0x30	0x10
093082A0	8B89559D	2E8B5553	0x790	0x0
09308340	0207E1A3	00000002	0x10	0x0
093085A0	F2F7C8FD	00000002	0x120	0x0
09308640	82C8C68B	BB96607D	0x30	0x0
09308A30	2DCC1F56	00000001	0x28	0x0
09308C90	3F12DF54	00000001	0x28	0x0
09308D30	4383E9EB	00000001	0xC	0x0
0930A000	D937E964	BB96607D	0x700	0x0
0930A0A0	8DDA228D	BB96607D	0x20	0x0
0930A140	65BFB9E4	00000001	0x18	0x0
0930A1E0	B9BA662A	00000001	0x8	0x0
0930A280	008F242D	00000001	0xC	0x0
0930A320	483CEA1E	00000001	0x18	0x0
0930A3C0	43F19E3B	00000001	0x4	0x0
0930A460	505F05A7	00000001	0x18	0x0
0930A500	1B9851FD	00000001	0xC	0x0
0930A610	83EC6C6D	00000001	0x4	0x10
0930A720	80E3BDB7	00000002	0x10	0x10
0930A7C0	A2622CF6	80E3BDB7	0x20	0x10
0930A860	1BDE971A	80E3BDB7	0x18	0x0
0930A900	6BB82D17	80E3BDB7	0x18	0x0
0930A9A0	B3D827CE	80E3BDB7	0x10	0x0
0930AA40	731CE65C	6BB82D17	0x18	0x0
0930AAE0	3A5FF4AA	6BB82D17	0x18	0x0
0930AB80	0366DE23	00000001	0x8	0x0
0930AC20	4A29A10B	80E3BDB7	0x10	0x0
0930ADA0	6290D74A	80E3BDB7	0x18	0x0
0930AE40	6BC67F79	80E3BDB7	0x10	0x0
0930AEE0	DDDBDAF2	80E3BDB7	0x10	0x0
0930B0A0	82068D4C	00000001	0x10	0x0
0930B1B0	E7E1CB8D	00000001	0x8	0x0
0930B250	CCD5C1EC	00000002	0x18	0x0
0930B2F0	E1B25091	2BC49864	0x20	0x0
0930B390	10C60C1B	00000001	0x40	0x0
0930B430	8A7826F0	00000001	0x8	0x0
0930B4D0	19DAED71	00000001	0x8F0	0x0
09310CB0	9099E5E7	00000001	0x28	0x0
09310E00	8205C3CF	2BC49864	0x28	0x0
09310EA0	5E88843D	EC55DCAD	0x68	0x0
09310F40	1414A980	3A4FAB15	0xC0	0x0
09310FE0	CF872FCC	3A4FAB15	0xC0	0x0
09311080	9DF075EE	3A4FAB15	0xC8	0x0
09311120	864FE88C	3A4FAB15	0xC0	0x0
093111C0	93253A5C	3A4FAB15	0xC0	0x0
09311260	F359CEA9	EC55DCAD	0x80	0x0
09311300	7E85A119	EC55DCAD	0x78	0x0
093113A0	24139E18	0EC6C309	0x70	0x0
09311440	EC55DCAD	0EC6C309	0x60	0x0
093114E0	6999B906	C90A2DC7	0x98	0x0
09311630	50959037	3A4FAB15	0x100	0x0
093116D0	45BD9D50	3A4FAB15	0xC0	0x0
09311770	46A7604E	3A4FAB15	0xC0	0x0
09311810	073C17D2	3A4FAB15	0xC0	0x0
093118B0	ECBAF744	6999B906	0xA0	0x0
09311950	C90A2DC7	EC55DCAD	0x68	0x0
093119F0	04AC4A3D	C90A2DC7	0xA8	0x0
09311A90	914EB85E	50959037	0x108	0x0
09311B30	B7DEE7C7	00000001	0x40	0x0
09311E00	B2AC41ED	2BC49864	0x70	0x0
09311EA0	2541E6E0	00000001	0xD	0x0
09311F40	664C92FF	00000001	0x10	0x0
09311FE0	9DFD97F5	00000001	0x10	0x0
09312080	301AEECC	CB0F23F4	0x98	0x0
09312200	D40E54E8	00000001	0x40	0x0
093122A0	DDB29FCC	2BC49864	0x48	0x0
09312340	AAFB5C69	00000001	0x10	0x0
09312530	C0B8E40D	00000001	0xD8	0x0
09312BF0	725E4B56	2BC49864	0x138	0x0
09312C90	F2DDA32C	00000001	0x8	0x0
09312E80	DF260DA5	7C88766F	0x60	0x4
09312F20	A7A64A34	DF260DA5	0x60	0x4
09312FC0	561E06FC	3AE012B2	0x20	0x0
09313060	0EFFFE90	7C88766F	0x38	0x0
09313100	92332333	3AE012B2	0x20	0x0
093131A0	65BA85CD	FA6F25A3	0x18	0x0
09313240	4B9554C5	65BA85CD	0x18	0x0
093132E0	00260142	65BA85CD	0x18	0x0
09313380	C9C9ED3C	FA6F25A3	0x30	0x4
09313420	07F25EC1	3AE012B2	0x20	0x0
093134C0	0D30A3BD	FA6F25A3	0x20	0x0
09313640	FEBD2C9C	308388EA	0xC8	0x0
093136E0	53D57B33	65BA85CD	0x78	0x0
09313780	DD6AD2E3	65BA85CD	0x18	0x0
09313820	6743A011	FA6F25A3	0x68	0x0
093138C0	DDEAC99F	3AE012B2	0x20	0x0
09313960	48F2551A	FA6F25A3	0x28	0x0
09313A00	39239256	7C88766F	0x20	0x4
09313AA0	6322380D	2BC49864	0x30	0x0
09313B40	D9527EA3	00000001	0x18	0x0
09313BE0	E910DE32	2BC49864	0x20	0x0
09313D60	E91AEEE4	E9B071F0	0x98	0x0
09313E00	C92636E4	E9B071F0	0x60	0x0
09313EA0	D9386B33	B6F1472B	0x10	0x0
09313F40	431F8D59	2BC49864	0x10	0x0
09313FE0	2BC49864	BB96607D	0x10	0x0
09314080	5276105C	2BC49864	0x20	0x0
09314120	EF05E112	00000001	0x38	0x0
09314230	076B71B0	2BC49864	0x50	0x0
093142D0	E4BF5B83	00000001	0x38	0x0
093143E0	F7BCFD39	2BC49864	0x58	0x0
09314480	8572A118	2BC49864	0x150	0x0
09314520	520467CC	00000001	0x18	0x0
093145C0	6AFAEE5D	00000001	0x18	0x0
09314660	A872A94D	00000001	0x8	0x0
09314700	8EC9C75D	00000001	0x18	0x0
093147A0	6040FDB2	00000001	0x18	0x0
09314840	4C374C23	BB96607D	0x20	0x0
093148E0	7B3F8FA4	BB96607D	0x70	0x0
09314AD0	063F7EA6	00000002	0x40	0x0
09314B70	C5327022	00000001	0xC	0x0
09314D60	DEC252F5	2BC49864	0x100	0x0
09315030	7DE8C134	BB96607D	0x28	0x0
093151B0	580613F9	00000002	0x30	0x0
09315250	F558981F	00000001	0x4	0x0
093153A0	A17DF99C	00000001	0x18	0x0
09315560	20728070	00000001	0x4	0x0
09315600	801FDA9D	BB96607D	0x48	0x0
093156A0	92C33D66	801FDA9D	0x78	0x0
09315740	0E934BAE	801FDA9D	0x50	0x0
093157E0	68295EFD	801FDA9D	0x50	0x0
09315880	8FAC0FE7	801FDA9D	0x50	0x0
09315920	BD62EB16	801FDA9D	0x50	0x0
093159C0	7DB00F22	BD62EB16	0x58	0x0
09315C60	9A65E1CF	801FDA9D	0x80	0x0
09315D00	31772B5F	00000001	0x10	0x0
09315F60	53A0488A	801FDA9D	0x78	0x0
09316000	C5179A31	00000001	0x10	0x0
09316180	E3B77002	801FDA9D	0x60	0x0
09316220	6D196D96	CB0F23F4	0x60	0x0
093162C0	965FE028	0EC6C309	0x68	0x0
09316360	4FD009E6	3A4FAB15	0xC0	0x0
09316400	DB6AC680	FA6F25A3	0x28	0x0
093164A0	12DD9880	3AE012B2	0x20	0x0
09316540	52BC385C	FA6F25A3	0x20	0x0
093165E0	82039966	3AE012B2	0x20	0x0
09316680	F10356CA	FA6F25A3	0x30	0x0
09316720	74E38111	3AE012B2	0x20	0x0
093167C0	D72AC6AC	FA6F25A3	0x28	0x0
09316860	01F68B28	3AE012B2	0x20	0x0
09316900	8E2C8047	FA6F25A3	0x20	0x0
093169A0	1D0F30CE	E9B071F0	0x50	0x0
09316A40	F372FEE6	E9B071F0	0x60	0x0
09316AE0	641CAFBC	E9B071F0	0x58	0x0
09316BC0	5EC11F45	0E243544	0x78	0x0
09316C60	EC397FDE	2BC49864	0x3B8	0x0
09316D00	14635FF5	00000002	0x28	0x0
09316DA0	01E1BED5	00000001	0x10	0x0
09316E80	B97152BE	CB0F23F4	0x170	0x0
09316F20	65250D55	BB96607D	0x78	0x0
09316FC0	43A72ADA	14635FF5	0x28	0x0
09317060	E1C952CF	2BC49864	0x50	0x0
09317100	944AA33D	00000001	0x30	0x0
093171A0	2B785C8E	00000001	0x14	0x0
09317470	627EDCD2	BB96607D	0xA8	0x0
09317510	97CA1978	627EDCD2	0xD0	0x0
09317850	0A642100	2BC49864	0x100	0x0
093178F0	A349F6A0	DD4B9F35	0x41D0	0x0
09317AE0	3A0E6B31	00000002	0x38	0x0
09317B80	8F7BA72A	3A0E6B31	0x38	0x0
09317C60	F38A6FB8	3A0E6B31	0x48	0x0
09317D00	7A619DE8	00000002	0x10	0x0
09317DA0	D5A317E7	7A619DE8	0x30	0x0
09317E40	1B21DCBD	7A619DE8	0x30	0x0
09317EE0	40E1CE23	7A619DE8	0x28	0x0
09317F80	E4719F2C	7A619DE8	0x28	0x0
09318020	D18D5F3F	7A619DE8	0x20	0x0
093180C0	FB3EF844	7A619DE8	0x20	0x0
09318160	F6F6B68F	00000002	0x40	0x0
09318200	CFFFB7C4	F6F6B68F	0x88	0x0
09318350	CF879F83	F6F6B68F	0x90	0x0
093183F0	1F7BFBF9	F6F6B68F	0x48	0x0
09318490	CD24D24C	CB0F23F4	0x50	0x0
09318650	221E21E6	00000001	0x20	0x0
0931E050	1E042796	CB0F23F4	0x30	0x0
0931E2B0	A96614A2	00000001	0x80	0x0
0931E350	1B4ECA75	DD4B9F35	0x42F0	0x0
0931E4A0	1C898E8A	2BC49864	0x30	0x0
0931E5B0	14A3A61D	00000001	0x38	0x0
0931E650	BBE3E78F	BB96607D	0x18	0x0
0931E6F0	31256B85	00000001	0x4	0x0
0931E790	2B315BEA	2BC49864	0x1FC0	0x0
0931E830	8D59D3A8	00000001	0x8	0x0
0931E8D0	039A8532	BB96607D	0x30	0x0
0931E970	BE73A606	00000001	0x58	0x0
0931EA10	F4326694	00000001	0x1	0x0
0931F530	FE14E3AE	00000002	0x8	0x0
0931F680	6290E15F	BB96607D	0x20	0x0
0931F800	3D82275C	BB96607D	0x30	0x0
0931F8A0	9935A091	BB96607D	0x20	0x0
0931F940	98DB27AA	BB96607D	0x18	0x0
0931FD60	3A1C0865	00000002	0x30	0x0
0931FE00	A6EA9DFA	00000001	0x20	0x0
0931FEA0	50347799	00000001	0xC	0x0
0931FF40	14C7C07A	CB0F23F4	0xA0	0x0
093201A0	0926B6D2	2BC49864	0x78	0x0
09320240	83C8D5C8	2BC49864	0xE0	0x0
093202E0	2271321D	1F9C5571	0x1E0	0x0
09320380	1471F7A9	1F9C5571	0x2D0	0x0
09320420	FD29593E	CAF1AD24	0x160	0x0
093204C0	7BAE42A0	AACB0B32	0x170	0x0
093205D0	2CD90F8C	CAF1AD24	0x158	0x0
09320670	520505AC	CAF1AD24	0x158	0x0
09320860	15B00ED2	B826012F	0x168	0x0
09320900	A07E94C8	00000002	0x18	0x0
09320A80	F22B50CA	CAF1AD24	0x140	0x0
09320B90	DB4A1DAF	00000002	0x18	0x0
09320CA0	368D34D0	CAF1AD24	0x138	0x0
09320D40	7D03D17A	CAF1AD24	0x128	0x0
09321010	0810FE9D	583D7081	0x1A8	0x0
093210B0	2FD2C5EF	B826012F	0x1D0	0x0
09321150	2BA9254C	CAF1AD24	0x128	0x0
093211F0	E73E490D	2271321D	0x1E0	0x0
09321290	B826012F	CAF1AD24	0x128	0x0
09321330	818CBE37	00000001	0x1	0x0
093214B0	73B9E735	CAF1AD24	0x120	0x0
09321750	EADE6D02	B826012F	0x1B8	0x0
093217F0	DA6A2454	A8FBD095	0x240	0x0
093219E0	86091DCB	583D7081	0x1C0	0x0
09321C40	B667FDFB	00000002	0x30	0x0
09321CE0	A45B7DA8	A8FBD095	0x240	0x0
09321EA0	A8FBD095	583D7081	0x240	0x0
09321F40	750E2244	CAF1AD24	0x138	0x0
09321FE0	90039D88	CAF1AD24	0x120	0x0
09322080	4FBB2B1A	CAF1AD24	0x118	0x0
09322120	B33E5CF2	B826012F	0x140	0x0
093221C0	8BF9C968	CAF1AD24	0x138	0x0
09322260	88859552	B826012F	0x140	0x0
09322300	95070AFB	00000001	0x28	0x0
093223A0	4B7261C5	B826012F	0x158	0x0
09322440	583D7081	B826012F	0x150	0x0
093224E0	04A98D0A	CAF1AD24	0x170	0x0
09322580	20F2FDDC	B33E5CF2	0x140	0x0
09322770	FF9C18D2	4FBB2B1A	0x140	0x0
09322810	50BF2369	CAF1AD24	0x180	0x0
093228B0	1D208BFE	CAF1AD24	0x1F0	0x0
09322950	3CCABC71	CAF1AD24	0x118	0x0
093229F0	8390ACB0	88859552	0x140	0x0
09322A90	679F8F79	CAF1AD24	0x118	0x0
09322B30	4ADE653C	CAF1AD24	0x128	0x0
09322BD0	B32C0A77	CAF1AD24	0x168	0x0
09322C70	B2FBB582	CAF1AD24	0x180	0x0
09322D10	E4EF60D9	CAF1AD24	0x160	0x0
09322ED0	B1B473ED	CAF1AD24	0x128	0x0
09322F70	5AA82944	CAF1AD24	0x140	0x0
09323010	4BE98383	CAF1AD24	0x110	0x0
093230B0	76AE46CA	CAF1AD24	0x160	0x0
093231C0	0D3AD358	C89E795B	0x40	0x0
09323260	BBBFAC68	00000002	0x70	0x0
09323300	F2BA00C8	BB96607D	0x18	0x0
093233A0	9A136714	BB96607D	0x68	0x0
09323440	3F7CBE59	00000001	0x10	0x0
093234E0	8ABAB4BC	BB96607D	0x20	0x0
09323580	558FBA35	BB96607D	0x60	0x0
093237B0	93530DE0	00000001	0x38	0x0
09323850	CC2ECD8E	00000002	0x10	0x0
093238F0	D5A99A4A	00000002	0x20	0x0
09323990	A9080DD8	00000002	0x40	0x0
09323A30	80184F62	BB96607D	0x10	0x0
09323AD0	10E2CCCB	00000001	0x1	0x0
09323B70	58309082	00000002	0x10	0x0
09324200	8C2A387B	BB96607D	0x480	0x0
093242A0	4E150774	00000002	0x10	0x0
09324340	DDA41E01	00000002	0x20	0x0
09324450	08BD5D5C	00000001	0x10	0x0
09326940	ED6E8445	CB0F23F4	0x38	0x1
093269E0	384902D7	699FF698	0x18	0x0
09326AF0	F78BE5F4	11B96F01	0x120	0x0
09326B90	8E11F64D	BB96607D	0x18	0x0
09326CA0	B69975F7	BB96607D	0x68	0x0
09326D40	D007665B	00000002	0x8	0x0
09326DE0	C89E795B	D007665B	0x30	0x0
09326E80	CE4D468C	D007665B	0x18	0x0
09326F20	814DA6A8	D007665B	0x30	0x0
09326FC0	33803D21	39513935	0x1D8	0x0
093270A0	590DBEC2	39513935	0x1D0	0x0
09327530	1AFD1FF6	00000002	0x130	0x0
093275D0	AACB0B32	CAF1AD24	0x118	0x0
09327670	CDE5B6C2	39513935	0x1C8	0x0
09327A20	CAF1AD24	BB96607D	0x108	0x0
09327C10	1F9C5571	AACB0B32	0x1D0	0x0
09327CB0	83292E37	BB96607D	0x30	0x0
09328060	39513935	BB96607D	0x1C8	0x0
09328100	D390817E	83292E37	0x38	0x0
093281A0	477C1515	1B320047	0x68	0x0
09328320	24782E12	80ED635A	0x148	0x0
093283C0	D701B355	83292E37	0x48	0x0
09328460	8D516C76	83292E37	0x38	0x0
09328500	97496EC3	80ED635A	0x40	0x0
093286F0	1B320047	83292E37	0x68	0x8
09328790	80ED635A	83292E37	0x30	0x0
09328830	131BC6DA	58309082	0x18	0x0
093288D0	66BC31A2	CDE5B6C2	0x1D0	0x0
09328970	DAAAC68F	39513935	0x1E8	0x0
09328A10	9AB6F6E0	CDE5B6C2	0x210	0x0
09328AB0	58913387	39513935	0x1C8	0x0
09328B50	EB7C9308	39513935	0x1C8	0x0
09328BF0	A4A771C1	39513935	0x1C8	0x0
09328C90	0E53C243	39513935	0x1C8	0x0
09328D30	5F80D3D9	39513935	0x1F8	0x0
09328DD0	8A404C50	39513935	0x1C8	0x0
09328E70	8280104F	437A601A	0x18	0x0
09328F10	6EFDDD06	FA6F25A3	0x18	0x0
09328FB0	6B86D45A	6EFDDD06	0x28	0x0
09329050	E31E3042	6EFDDD06	0x28	0x0
093290F0	82FC8077	FA6F25A3	0x20	0x0
09329190	A38592C3	C62E24DD	0x38	0x0
09329230	8B2C70A4	00000002	0x20	0x0
093292D0	ACCBA6A7	BB96607D	0x18	0x0
09329370	CFF910B7	ACCBA6A7	0x20	0x0
09329410	C38372B2	ACCBA6A7	0x18	0x0
093294B0	0E7F7BCF	ACCBA6A7	0x18	0x0
09329550	D2A87DCC	00000002	0x20	0x0
093295F0	890EE9ED	BB96607D	0x20	0x0
09329690	198B47F1	61BF5A1B	0x30	0x0
09329730	2E857A7B	00000001	0x18	0x0
093297D0	61BF5A1B	BB96607D	0x18	0x0
09329870	DB7D7B5D	61BF5A1B	0x40	0x0
09329910	E222C7CB	00000001	0x18	0x0
093299B0	87B67D94	BB96607D	0x20	0x0
09329A50	0A36DCAA	00000001	0x18	0x0
09329AF0	DA7E5C49	BB96607D	0x20	0x0
09329B90	7FA4A213	BB96607D	0x20	0x0
09329C30	2FADDD50	00000002	0x70	0x0
09329CD0	5320594C	00000002	0x28	0x0
09329D70	B7BE3A32	BB96607D	0x50	0x0
09329EB0	8A74CF1B	00000002	0x8	0x0
09329F50	3A3FB062	00000001	0x40	0x0
09329FF0	72F1BEAD	00000001	0x50	0x0
0932A090	3E6D7798	00000001	0x10	0x0
0932A130	55F3E4E1	00000001	0x50	0x0
0932A1D0	D83DF243	00000001	0x30	0x0
0932A270	C4F6A9BA	00000001	0x20	0x0
0932A310	1C09D22D	00000002	0x18	0x0
0932A3B0	BF2DFAC5	00000002	0x8	0x0
0932A450	87C7EA8D	BB96607D	0x20	0x0
0932A4F0	DF64A02D	00000002	0x8	0x0
0932A590	EB754AB1	00000002	0x18	0x0
0932A630	81738118	00000001	0x10	0x0
0932DBD0	0884A069	00000002	0x8	0x0
0932DC70	75C605FD	BB96607D	0x28	0x0
0932DD10	7E6AF897	00000002	0x10	0x0
0932DDB0	670DBE51	00000002	0x20	0x0
0932DE50	D36DB4E6	00000002	0x10	0x0
0932DEF0	A3436C5F	00000002	0x10	0x0
0932DF90	EA094166	00000002	0x38	0x0
0932E030	5111BF21	00000001	0x18	0x0
0932E0D0	D797D54C	00000001	0x28	0x0
0932E170	84A84F6D	00000001	0x18	0x0
0932E210	E96D941A	00000002	0x10	0x0
0932E2B0	4F52D99B	00000002	0x30	0x0
0932E350	9E7CC024	00000002	0x18	0x0
0932E3F0	A1A6746E	00000002	0x18	0x0
0932E490	965D24D4	00000002	0x10	0x0
0932E530	206A57C5	00000002	0x20	0x0
0932E5D0	4440C05F	00000002	0x18	0x0
0932E670	90C968DF	00000002	0x10	0x0
0932E710	32789DA4	00000002	0x10	0x0
0932E7B0	6108CCFE	00000002	0x28	0x0
0932EA10	DA385EF0	00000001	0x30	0x0
0932EAB0	9462387E	BB96607D	0x40	0x0
0932EB50	7672624A	00000001	0xC	0x0
0932EBF0	1416499D	6ABA355E	0x18	0x0
0932EC90	9D222D34	6ABA355E	0x28	0x0
0932ED30	9255529B	6ABA355E	0x28	0x0
0932EDD0	318E8936	BB96607D	0x20	0x0
0932EE70	FECB0A9F	CB0F23F4	0x20	0x0
0932EF10	96C3F9B5	00000002	0x58	0x0
0932EFB0	3157DA9B	108E58D3	0x30	0x0
0932F050	AE849E18	BB96607D	0x20	0x0
0932F0F0	108E58D3	BB96607D	0x10	0x0
0932F190	3BA203E4	108E58D3	0x40	0x0
0932F230	8BA16DF9	108E58D3	0x18	0x0
0932F2D0	4F26A75A	108E58D3	0x38	0x0
0932F5E0	DE0C5015	BB96607D	0x338	0x0
0932F7D0	43D73D25	CB0F23F4	0xA0	0x0
0932F870	E36A819A	BB96607D	0x10	0x0
0932F910	8E8337F8	E36A819A	0x20	0x0
0932F9B0	97175472	E36A819A	0x10	0x0
0932FA50	D47DC617	E36A819A	0x18	0x0
0932FAF0	BEFA9B51	E36A819A	0x18	0x0
0932FB90	BA2C298E	E36A819A	0x18	0x0
0932FC30	667122B1	FA6F25A3	0x20	0x0
0932FCD0	EDC098A7	FA6F25A3	0x18	0x0
0932FD70	0822B20F	BB96607D	0x38	0x0
0932FE10	8DBBC2C4	00000001	0x14	0x0
0932FEB0	BC1FAC05	BB96607D	0x20	0x0
0932FF50	CD1472BD	00000001	0x10	0x0
0932FFF0	830A0CA7	C62E24DD	0x1C8	0x0
09330090	2DBEA292	00000001	0xC	0x0
09330130	2BDB2239	00000001	0x50	0x0
093301D0	1A7228FE	00000002	0x18	0x0
09330350	E338E193	00000002	0x28	0x0
09330460	2E772CD8	BB96607D	0x20	0x0
09330500	503C7063	BB96607D	0x20	0x0
093305A0	959671EB	00000002	0x160	0x0
09330640	4F55A7FB	BB96607D	0x48	0x0
09330750	81A7045D	00000001	0x4	0x10
093307F0	EEC2D4C7	DD4B9F35	0x48	0x0
09330890	2A0EA2CC	437A601A	0x18	0x0
09330930	260F57E3	BB96607D	0x18	0x0
093309D0	57713009	00000002	0x18	0x0
09330A70	E454D6A4	BB96607D	0x18	0x0
09330B10	1355D136	F89B9074	0x28	0x0
09330BB0	7E02AFDB	F89B9074	0x30	0x0
09330C50	2339121E	F89B9074	0x20	0x0
09330CF0	ED8697F4	F89B9074	0x18	0x0
09330D90	F89B9074	FA6F25A3	0x18	0x0
09330E30	96B0A802	F89B9074	0x28	0x0
09330ED0	1341E87F	F89B9074	0x30	0x0
09330F70	1F8E6956	F89B9074	0x20	0x0
09331010	9422E51C	F89B9074	0x28	0x0
093310B0	6C2B02DF	F89B9074	0x18	0x0
09331150	099B71AE	F89B9074	0x28	0x0
093311F0	F75BCB1C	3AE012B2	0x20	0x0
09331290	F82BDFAC	F89B9074	0x40	0x0
09331330	EC76AB97	F89B9074	0x28	0x0
093313D0	F4FAD440	F89B9074	0x30	0x0
09331470	2E85C275	F89B9074	0x20	0x0
09331510	AC79A8B6	F89B9074	0x20	0x0
093315B0	9A893BB5	F89B9074	0x20	0x0
09331650	C11A6968	F89B9074	0x20	0x0
093316F0	EC3D81FD	F89B9074	0x20	0x0
09331790	BEC9847B	F89B9074	0x20	0x0
09331830	8C9DE3DE	F89B9074	0x20	0x0
093318D0	C8887AD6	F89B9074	0x18	0x0
09331970	8A24EFE5	F89B9074	0x18	0x0
09331A10	F35673D5	F89B9074	0x20	0x0
09331AB0	D9317F21	F89B9074	0x18	0x0
09331B50	1A4B6990	F89B9074	0x20	0x0
09331BF0	A72B6415	F89B9074	0x30	0x0
09331C90	6213CD91	F89B9074	0x20	0x0
09331D30	A7B56265	F89B9074	0x18	0x0
09331DD0	F0CFB98F	F89B9074	0x20	0x0
09331E70	38AB0F17	F89B9074	0x20	0x0
09331F10	A0E1BE50	F89B9074	0x20	0x0
093332B0	98435A63	BB96607D	0x40	0x0
09333350	EED18A51	BB96607D	0x10	0x0
093333F0	C62E24DD	EED18A51	0x10	0x0
09333490	D23F0ED5	DD4B9F35	0x100	0x0
09333530	3F39AA97	00000002	0x8	0x0
093335D0	92C9931C	44759DE4	0x28	0x0
09333670	EF0C3053	44759DE4	0x28	0x0
09333710	7FC40645	3F39AA97	0x18	0x0
093337B0	CCDE452B	3F39AA97	0x10	0x0
09333850	8963016C	3F39AA97	0x10	0x0
093338F0	976D1B9B	CCDE452B	0x28	0x0
09333990	44759DE4	3F39AA97	0x20	0x0
09333A30	18C84199	8963016C	0x18	0x0
09333AD0	B6257E01	3F39AA97	0x20	0x0
09333B70	2B077393	3F39AA97	0x50	0x0
09333C10	89B4A3E8	E66A2C80	0x40	0x0
09333CB0	AC9581F2	BB96607D	0x28	0x0
09333D50	8B0ACE86	BB96607D	0x18	0x0
09333DF0	AE7A9266	8B0ACE86	0x18	0x0
09333E90	D82FB69A	8B0ACE86	0x18	0x0
09333F30	86508902	2E8B5553	0xA0	0x0
09333FD0	38C20200	BB96607D	0x50	0x0
09334070	463AEDDB	00000002	0x98	0x0
09334570	8139FBC0	CB0F23F4	0xF0	0x0
093346C0	84BA2035	00000001	0x10	0x0
09334760	E7F9A244	00000001	0x18	0x0
09334800	E968EDCD	B6F1472B	0x10	0x0
093348A0	F7559DCF	6ABA355E	0x28	0x0
09334940	57078D67	00000002	0x8	0x0
09334B70	6895736C	BB96607D	0x40	0x0
09334CA0	7995D6BF	BB96607D	0x10	0x0
09334D40	97DD24CB	DD4B9F35	0x48	0x0
09334DE0	49403A52	00000001	0x18	0x0
09335730	69655FFE	260F57E3	0xE8	0x0
093358F0	ADDE68ED	57713009	0x30	0x0
09335B20	DB8D8983	BB96607D	0x58	0x0
09335BC0	FF9F5BF8	00000001	0x4	0x0
09335C60	06171E8B	00000001	0x18	0x0
09335D00	F3B13046	00000001	0x8	0x0
09335DA0	A6EA7232	BB96607D	0x20	0x0
09335E40	B2510F47	C62E24DD	0x20	0x0
09335EE0	31AB3828	BB96607D	0x110	0x0
09339E80	F73AA9DF	CB0F23F4	0x80	0x0
09339F20	92671012	BB96607D	0x110	0x0
09339FC0	61CCA85E	00000002	0x40	0x0
0933A060	5C313282	00000002	0xC0	0x0
0933A100	DEB7BC35	00000002	0x48	0x0
0933A1A0	2B3DBD0B	CB0F23F4	0x70	0x0
0933A240	ED0FC2EE	436D776B	0x18	0x0
0933A2E0	2132CC6E	EC658D29	0xB0	0x0
0933A4A0	A79767ED	00000001	0x10	0x0
0933A540	DDB78147	436D776B	0x20	0x0
0933A5E0	DADADBA4	436D776B	0x18	0x0
09347E70	1C0637AB	00000001	0x910	0x0
09347F10	A6A25173	BB96607D	0x38	0x0
09347FB0	8F07EDFF	BB96607D	0x18	0x0
09348050	56793EE7	8F07EDFF	0x18	0x0
09349E40	436D776B	00000002	0x10	0x0
09349FE0	D6AA5D2F	436D776B	0x18	0x0
0934A080	C4B81854	436D776B	0x18	0x0
0934A120	F0F790A9	436D776B	0x40	0x0
0934A1C0	524A9572	436D776B	0x10	0x0
0934A2D0	97A3B86E	45CABF31	0x10	0x10
0934A370	B1420AD1	BB96607D	0x18	0x0
0934B3A0	7837EDF7	00000001	0x8E0	0x0
0934B440	F01EACE5	45CABF31	0x10	0x10
0934B520	623476CE	45CABF31	0x10	0x0
0934B860	D4DDE96C	DD4B9F35	0x60	0x0
0934BB00	DF5D6C0E	00000001	0x1	0x0
0934BBA0	92B95F74	00000001	0x2	0x10
0934BC40	0549FFC9	CB0F23F4	0x20	0x0
0934BCE0	3C5D92F6	F73AA9DF	0x90	0x0
0934BD80	CA575473	00000001	0x20	0x0
0934BE20	66EB7F81	00000001	0x20	0x0
0934BEC0	17E49CBF	00000001	0x10	0x0
0934BF70	CA27425C	00000002	0x18	0x0
0934C160	D8BD7EC3	00000001	0x48	0x0
0934C2E0	357ECBBE	00000001	0xC	0x0
0934C380	18572048	00000001	0x20	0x0
0934CF50	5ECF04B0	00000001	0x7C0	0x0
0934D450	EC658D29	956B3FBC	0x60	0x0
0934D4F0	956B3FBC	CB0F23F4	0x20	0x0
0934D6E0	7D6C9D90	EC658D29	0xC0	0x0
09350C80	1D6F0AE7	45CABF31	0x10	0x0
09350E00	0CCF4ADB	EC658D29	0x70	0x0
09350FF0	1E5065CA	EC658D29	0xA0	0x0
09351370	52AD4779	EC658D29	0x130	0x0
09351410	BF84AF62	CB0F23F4	0xF0	0x0
093514B0	78B0A1F2	BB96607D	0x10	0x0
09351550	82FA3D58	00000001	0x18	0x0
093515F0	0E12D65E	00000001	0x28	0x0
09351690	6BFB719D	00000001	0x38	0x0
09351730	E2D7120E	BB96607D	0x50	0x0
09351880	63B0A8F8	BB96607D	0x40	0x0
09351920	8B7C9337	BB96607D	0x10	0x0
093519C0	F42F7D2F	00000001	0x80	0x0
09351A60	C7312EE5	00000001	0x8	0x0
09351B70	1A3B188A	0549FFC9	0x38	0x0
09351D30	52ACD622	BB96607D	0x60	0x0
09351E80	2E2AF86D	EC6AC357	0x38	0x0
09351F20	AA9D5238	00000001	0xC	0x0
09352180	4107267C	BB96607D	0x50	0x0
09352220	0AAC1E87	BB96607D	0x60	0x0
093522C0	952EA35D	00000001	0x8	0x0
09352590	0E0DBB0F	BB96607D	0x68	0x0
09352630	8139B83A	85D90806	0x30	0x0
093526D0	B9D92B64	436D776B	0x40	0x0
09352770	80F4872A	00000001	0x24	0x0
09352810	795248E8	00000001	0x50	0x0
093528B0	264139E4	BB96607D	0x220	0x0
09352950	20075207	BB96607D	0x30	0x0
093529F0	96BDB12D	BB96607D	0x40	0x0
09352A90	21795599	EF11B9D3	0xC0	0x0
09352B30	9336FC8B	00000001	0x50	0x0
09352BD0	1FB7CB75	08C908CD	0x90	0x0
09352F80	B144F3A0	B21C8CC8	0x48	0x0
09353170	9F80C8C8	00000002	0x48	0x0
093532C0	F49B6117	00000002	0x30	0x0
09353480	4D1697BA	B21C8CC8	0x28	0x0
09353520	B21C8CC8	BB96607D	0x10	0x0
093535C0	4D9FE996	436D776B	0x38	0x0
09353660	5292D488	00000002	0x18	0x0
09353700	F4D628FA	EC658D29	0x90	0x0
093537A0	5B413085	F4D628FA	0xF0	0x0
09353840	130E9614	F4D628FA	0xE0	0x0
093538E0	2AC04702	5292D488	0x18	0x0
09353980	D74B002E	08C908CD	0xC0	0x0
09353A20	4A483387	D74B002E	0xD0	0x0
09353AC0	B7D8E920	D74B002E	0xC0	0x0
09353B60	657BEA74	00000002	0x18	0x0
093545A0	50563D58	BB96607D	0x78	0x0
09354870	C0EAD804	00000002	0x38	0x0
093549C0	1ADB43B0	00000002	0x28	0x0
09354A60	295F035C	00000001	0x60	0x0
09354B00	461C31EB	657BEA74	0x28	0x0
09354C10	B43FECF1	657BEA74	0x28	0x0
093A8F00	703E1135	00000002	0x10	0x0
093A9050	ED3D229C	703E1135	0x20	0x0
093A9240	10ADF83B	703E1135	0x28	0x0
093A92E0	0EFDBD41	5292D488	0x18	0x0
093A93F0	2E3720DE	00000002	0x10	0x0
093A9490	67A4CFD8	2E3720DE	0x18	0x0
093A9530	9E8AB2EF	BB96607D	0x20	0x0
093A95D0	B3C3604C	00000001	0x70	0x0
093A9670	D4ABF1D9	00000002	0x28	0x0
093A9710	1957306F	00000002	0x10	0x0
093A9890	7E0DCA4C	CB0F23F4	0xB0	0x0
093A9930	10E8261A	00000001	0x10	0x0
093A9BD0	132FE22D	CB0F23F4	0x80	0x0
093A9D20	F82F9659	00000001	0x30	0x0
093AB220	24D32CF8	EC6AC357	0xB80	0x0
093AB2C0	06BD635E	00000001	0x20	0x0
093AB360	C79080E3	BB96607D	0x28	0x0
093AB400	5CDF6DE9	00000001	0x48	0x0
093AB4A0	7EF17E34	00000002	0x18	0x0
093AB540	9AB6D438	CB0F23F4	0x100	0x0
093AB5E0	2F3A7F6D	EC658D29	0x60	0x0
093AB680	19233FE4	00000001	0x40	0x0
093AB720	00EE2E65	BB96607D	0x210	0x0
093AC1D0	BC551CF1	00000002	0xC0	0x0
093AC7F0	258CB89A	00000002	0xC0	0x0
093AC890	D1BA1FBA	436D776B	0x40	0x0
093AC930	DCD621E0	CB0F23F4	0x40	0x0
093AC9D0	F5FA0FB5	00000001	0x10	0x0
093AD1E0	21C2D472	BB96607D	0x1470	0x0
093AD3A0	B357A59B	00000001	0x18	0x0
093AD440	836DEAF2	00000002	0x18	0x0
093AD6A0	48B7A9B1	00000002	0x28	0x0
093AD740	7438EB61	00000002	0x10	0x0
093AD7E0	4D4FEF0B	00000002	0x10	0x0
093AD880	908A1594	00000002	0x18	0x0
093AD920	38D2A5BB	00000002	0x10	0x0
093AD9C0	F549CD6B	CB0F23F4	0xC8	0x0
093ADA60	03B82433	00000002	0x20	0x0
093ADB00	ACF73D89	EC6AC357	0xF0	0x0
093B00B0	5501EBFC	00000001	0x120	0x0
093B0150	3AAC483A	00000001	0x18	0x0
093B01F0	DAF9220E	00000001	0x70	0x0
093B0370	BC300CF6	CB0F23F4	0x50	0x0
093B0410	82BF1CDE	00000002	0x90	0x0
093B04B0	F1D4DE85	BB96607D	0x50	0x0
093B0550	9ED472D4	00000001	0xE0	0x0
093B05F0	4AA4037E	00000001	0x60	0x0
093B0690	32ED41B1	BB96607D	0x80	0x0
093B0730	A8A5BB0A	00000001	0x18	0x0
093B07D0	F7D22B3C	BB96607D	0x38	0x0
093B0870	D4B2A3DD	00000001	0x80	0x0
093B0910	94CCDC09	00000001	0x100	0x0
093B09B0	E7E82C84	436D776B	0x18	0x0
093B0A50	A3F94FEA	00000001	0xC	0x0
093B0AF0	B9B30442	00000001	0x34	0x0
093B0B90	2FE9AF50	00000001	0x50	0x0
093B0C30	4B690AC1	EC658D29	0x80	0x0
093B0CD0	3CC7CD74	00000001	0x18	0x0
093B0D70	2B0668D7	00000001	0x58	0x0
093B0E10	88326C5A	BB96607D	0x48	0x0
093B0EC0	15DA0C49	EC6AC357	0xB8	0x0
093B10B0	59C7CC7F	3A1CD4D3	0x50	0x0
093B1150	685AE1C3	08C908CD	0x158	0x0
093B11F0	156C3E3E	00000001	0x4	0x0
093B1290	F4BBBB9E	EC6AC357	0x40	0x0
093B1410	6E877B3A	3A1CD4D3	0x60	0x0
093B14B0	E29C35D3	00000001	0x10	0x0
093B1550	EC6AC357	BB96607D	0x18	0x0
093B15F0	3A1CD4D3	00000002	0x20	0x0
093B1690	EF11B9D3	3A1CD4D3	0x20	0x0
093B3A00	3CC5CE27	EC6AC357	0x50	0x0
093B3B80	99960845	3A1CD4D3	0x100	0x0
093B3C20	7E6BE629	415D9568	0x90	0x0
093B3DE0	08C908CD	536E963B	0x90	0x0
093B4780	AADB73F3	EC6AC357	0x240	0x4000
093B49E0	80320FB8	AADB73F3	0x270	0x0
093B4D20	344780D6	AADB73F3	0x2E0	0x0
093B4DC0	7E15FD50	AADB73F3	0x240	0x0
093B4E60	5EDC3E04	7E15FD50	0x240	0x0
093B52C0	AA8F96B6	00000002	0xB0	0x0
093B5360	554C614C	3A1CD4D3	0x1E0	0x0
093B54E0	F0861E01	00000002	0x18	0x0
093B5740	607C9B4B	00000002	0x10	0x0
093B57E0	9AEE9CCB	00000002	0x8	0x0
093B5880	B74AAE54	344780D6	0x2F0	0x0
093B5920	1746A25C	BB96607D	0x20	0x0
093B5B50	A360319A	00000001	0x18	0x0
093B5E60	51DC6B80	EC6AC357	0x130	0x0
093B6090	01437462	EF11B9D3	0x68	0x0
093B6130	17F42D56	00000001	0x8	0x0
093B66E0	415D9568	EC6AC357	0x90	0x40
093B6780	9EF0E7A1	00000001	0x50	0x0
093B6BA0	0032EF67	00000002	0x30	0x0
093B6C40	385CA613	00000001	0x10	0x0
093B6FF0	536E963B	3A1CD4D3	0x70	0x0
093B7170	995BFBF5	00000001	0x28	0x0
093B7210	D968D421	EC6AC357	0x18	0x0
093B72B0	75B53684	EC6AC357	0x20	0x0
093B7B70	2186D840	3A1CD4D3	0x160	0x0
093B7C10	0C856379	00000001	0x60	0x0
093B7CB0	C221625B	EC658D29	0xA0	0x0
093B7D50	BDAD8273	00000001	0x30	0x0
093B82C0	5755DE7F	BB96607D	0x140	0x0
093B8440	128A77EC	00000002	0x18	0x0
093B84E0	D5E8A2C9	00000001	0x14	0x0
093B8580	D8DF6F4A	00000001	0x20	0x0
093B8620	26E10FD1	00000001	0x34	0x0
093B86C0	58160C15	00000001	0x8	0x0
093B8760	4677F4A1	00000001	0xA0	0x0
093B8800	68961109	00000001	0xC	0x0
093B88A0	81F5D825	00000001	0x10	0x0
093BB170	ACE286C7	C62E24DD	0x2F0	0x0
093BB210	5B7C8DF7	00000002	0xE0	0x0
093BB2B0	EA95AAB6	5B7C8DF7	0x120	0x0
093BB350	D4135948	00000001	0x28	0x0
093BB3F0	015FFEDD	5B7C8DF7	0xE0	0x0
093BB490	CB28F06D	EC658D29	0x1D0	0x0
093BB530	9222BD89	00000002	0x8	0x0
093BB5D0	090EC02D	00000002	0x8	0x0
093BB670	9C954A88	08C908CD	0xC8	0x0
093BB830	463CC1B8	BB96607D	0x158	0x0
093BBC20	A6FC073D	00000002	0x78	0x0
093BBD00	BDD96F63	00000002	0x20	0x0
093BC320	DDB820C0	00000002	0xA0	0x0
093BC3C0	B848CEF4	B3E5916C	0x1B50	0x0
093BC460	FC7F6931	00000002	0x560	0x0
093BC500	3670F31E	00000001	0xE8	0x0
093BCE60	3BE05B93	00000002	0x100	0x0
093BCF00	13EA4C74	00000002	0x2D0	0x0
093BCFA0	04993E0D	00000001	0x48	0x0
093BD040	AD842579	00000002	0x8	0x0
093BD0E0	509C441B	00000002	0xB8	0x0
093BD180	8FA80D8D	EC658D29	0x70	0x0
093BD220	D4569683	08C908CD	0xA8	0x0
093BD480	B8EDD29E	00000002	0xA0	0x0
093BD520	88311D28	CB0F23F4	0x40	0x0
093BD5C0	8172C70A	00000001	0xC	0x0
093BD660	FF209F63	00000001	0x2C	0x0
093BD700	953161C2	00000001	0x8	0x0
093BD7A0	29925911	EC6AC357	0x20	0x0
093BD840	2165B464	3A1CD4D3	0x28	0x0
093BDAA0	FDCED12B	BB96607D	0xF8	0x8
093BDB40	30C0C6DF	00000001	0x70	0x0
093BDDA0	33A2442C	EC658D29	0x200	0x0
093BE0B0	5AB9F2C3	00000001	0x2C	0x0
093BE150	25D71BF2	00000001	0x10	0x0
093BE1F0	42F3DFE2	00000001	0x50	0x0
093BE290	D7B5D365	00000001	0x30	0x0
093BE8E0	D3FA734E	BB96607D	0x130	0x0
093BE980	558061B4	00000001	0x60	0x0
093C17E0	D6900275	6B8D5851	0x58	0x0
093C18C0	E89EE1BA	6B8D5851	0x30	0x0
093C19D0	B151774F	00000001	0x20	0x0
093C1A70	06968B7D	6B8D5851	0x120	0x0
093C1F70	6F03127C	6B8D5851	0x110	0x0
093C2010	68EF372D	00000001	0x1C	0x0
093C21D0	6B8D5851	00000002	0x20	0x0
093C25F0	D2FFBEC7	6B8D5851	0x110	0x0
093C2770	24EC293A	6B8D5851	0x40	0x0
093C2930	228C6B49	6B8D5851	0x50	0x0
093C29D0	58AA3FDD	00000001	0x20	0x0
093C2A70	6DF69DA0	00000001	0x3C	0x0
093C2B10	559610D3	00000001	0x3C	0x0
093C2BB0	1F2CCA97	00000001	0x30	0x0
093C2C50	F45296D7	6B8D5851	0xDE0	0x0
093C2CF0	69985282	00000001	0x10	0x0
093C2FC0	526B1932	6B8D5851	0x68	0x0
093C3060	C3149610	00000002	0x10	0x0
093C31B0	DDDA32B3	BB96607D	0x28	0x0
093C33A0	BD8991EB	DDDA32B3	0x48	0x0
093C34B0	F2CE4A13	DDDA32B3	0x30	0x0
093C3600	BE5E881D	C3149610	0x20	0x0
093C3710	D371C0AD	C3149610	0x18	0x0
093C3860	DAB5AAA0	C3149610	0x20	0x0
093C3B30	EEBB2443	BB96607D	0x140	0x0
093C3BD0	D3156717	00000001	0x8	0x0
093C3C70	59327905	00000001	0x18	0x0
093C3D10	5F101132	CB0F23F4	0x20	0x0
093C3DB0	D14C5C7E	00000001	0x20	0x0
093C3E50	B9525F6D	00000001	0x1	0x0
093C3EF0	6C7D3277	00000001	0x10	0x0
093C3F90	673A801A	00000001	0x28	0x0
093C4030	10495EBB	00000001	0x20	0x0
093C40D0	4F583F59	00000001	0x40	0x0
093C4170	2404024E	BB96607D	0x10	0x0
093C4210	95E64F01	00000001	0x10	0x0
093C42B0	9EC9AEEE	00000001	0x18	0x0
093C4C80	E87EDC87	DD4B9F35	0x200	0x0
093C4D20	D96FD37C	00000001	0x30	0x0
093C4DC0	A6DC1DD0	BB96607D	0x90	0x0
093C4E60	0851ABA2	00000001	0x18	0x0
093C4F00	CCBF7D14	2ED0C5D7	0x110	0x0
093C4FA0	5C40C017	2ED0C5D7	0x10	0x0
093C5040	F67EAA2B	5C40C017	0x28	0x0
093C50E0	791945CF	5C40C017	0x70	0x0
093C5180	77164BF2	5C40C017	0x28	0x0
093C5220	DDC2F877	5C40C017	0x40	0x0
093C52C0	35A2FE5B	5C40C017	0x40	0x0
093C5360	A90270B6	5C40C017	0x88	0x0
093C5AD0	85C817C3	BB96607D	0xB8	0x0
093C63C0	BCFB3C7A	BB96607D	0xA0	0x0
093C6460	D933DB50	00000001	0x38	0x0
093C6500	DE54F0F3	00000001	0x8	0x0
093C6610	49FCD7BF	00000001	0x18	0x0
093C6760	78A13BF7	CB0F23F4	0x40	0x0
093C6A30	BC5B87AF	45CABF31	0x20	0x10
093CBF00	39B433EE	2ED0C5D7	0x118	0x0
093CBFA0	C52E2125	74A59C1F	0x40	0x0
093CC040	EADF9820	2ED0C5D7	0x80	0x0
093CC0E0	DADE22E4	2ED0C5D7	0x88	0x0
093CC180	324ADE83	2ED0C5D7	0xB8	0x0
093CC220	A760E24D	2ED0C5D7	0x58	0x0
093CC2C0	22242A42	2ED0C5D7	0x70	0x0
093CC360	80748576	2ED0C5D7	0x70	0x0
093CC400	584B953A	2ED0C5D7	0x40	0x0
093CC4A0	5D9618E9	2ED0C5D7	0x40	0x0
093CC540	33C6E8A3	2ED0C5D7	0x40	0x0
093CC5E0	63BD38AD	2ED0C5D7	0x40	0x0
093CC680	82859C8C	2ED0C5D7	0x40	0x0
093CC720	2B203396	2ED0C5D7	0x40	0x0
093CC7C0	D172F62C	2ED0C5D7	0x88	0x0
093CC860	ECE5D96C	74A59C1F	0x30	0x0
093CC900	B829D5C7	2ED0C5D7	0x58	0x0
093CC9A0	5FDB908E	2ED0C5D7	0xA0	0x0
093CCA40	C1BF052D	2ED0C5D7	0xB8	0x0
093CCAE0	F0455141	2ED0C5D7	0x40	0x0
093CCB80	544633D7	2ED0C5D7	0x10	0x0
093CCC20	20B22221	544633D7	0x58	0x0
093CCCC0	7BEFECB5	544633D7	0x58	0x0
093CCD60	EAE4EF43	544633D7	0x58	0x0
093CCE00	96AC5F80	544633D7	0x58	0x0
093CCEA0	2FE908B4	2ED0C5D7	0x70	0x0
093CCF40	61102159	2ED0C5D7	0x58	0x0
093CCFE0	8B9288ED	2ED0C5D7	0x28	0x0
093CD080	CFA99C65	2ED0C5D7	0x40	0x0
093CD120	6DCE95DA	2ED0C5D7	0x40	0x0
093CD1C0	2DB422B0	2ED0C5D7	0x40	0x0
093CD260	0CCBB860	2ED0C5D7	0x40	0x0
093CD300	46A45BC1	2ED0C5D7	0x78	0x0
093CD3A0	26E5071F	2ED0C5D7	0xA8	0x0
093CD440	BEAF6F18	2ED0C5D7	0x10	0x0
093CD4E0	C0A0384C	BEAF6F18	0xA0	0x0
093CD580	F78BAF83	BEAF6F18	0xA0	0x0
093CD620	55AAA2A2	2ED0C5D7	0x40	0x0
093CD6C0	7E87F161	2ED0C5D7	0x58	0x0
093CD760	679CC020	2ED0C5D7	0x70	0x0
093CD8B0	2318CE3E	2ED0C5D7	0xB0	0x0
093CD950	9454B3DC	2318CE3E	0xE0	0x0
093CD9F0	BF79E01F	2318CE3E	0xF8	0x0
093CDA90	A662D15E	2318CE3E	0x110	0x0
093CDB30	BEB1B6D8	BEAF6F18	0x108	0x0
093CDBD0	A9DE3EFA	2ED0C5D7	0xD8	0x0
093CDC70	ED586F9A	2ED0C5D7	0x160	0x0
093CDD10	3A8A5517	E9CDC116	0x18	0x0
093CDDB0	354FE002	A42F1A65	0x18	0x0
093CDE50	5EF9EA65	2ED0C5D7	0x158	0x0
093CDEF0	29E8899B	E9CDC116	0x18	0x0
093CDF90	3B0B3A1A	A42F1A65	0x18	0x0
093CE030	4D9B36E9	2ED0C5D7	0x78	0x0
093CE0D0	BABCE276	2ED0C5D7	0xD0	0x0
093CE170	74A59C1F	00000002	0x8	0x0
093CE210	7FAE5D75	2ED0C5D7	0x58	0x0
093CE2B0	AF63E32A	2ED0C5D7	0x70	0x0
093CE350	3249CC60	2ED0C5D7	0xA0	0x0
093CE3F0	02E05C18	2ED0C5D7	0x90	0x0
093CE490	4B6BFFB3	A42F1A65	0x10	0x0
093CE530	8692F212	E9CDC116	0x18	0x0
093CE5D0	C858ED08	E9CDC116	0x18	0x0
093CE670	85F7B151	A42F1A65	0x18	0x0
093CE710	5C6D1010	2ED0C5D7	0x178	0x0
093CE7B0	91B8BCBB	2ED0C5D7	0x28	0x0
093CE850	AFF9297C	2ED0C5D7	0x28	0x0
093CE8F0	0702E026	2ED0C5D7	0x28	0x0
093CE990	301D571F	2ED0C5D7	0x28	0x0
093CEA30	792A6EB4	2ED0C5D7	0x28	0x0
093CEAD0	0E64B843	2ED0C5D7	0x28	0x0
093CEB70	F1EDEE92	2ED0C5D7	0x28	0x0
093CEC10	2A8456D3	2ED0C5D7	0x40	0x0
093CECB0	818F8014	2ED0C5D7	0x28	0x0
093CED50	FEE8C0BF	2ED0C5D7	0x28	0x0
093CEDF0	22235BC0	2ED0C5D7	0x28	0x0
093CEE90	D6004EC3	2ED0C5D7	0x28	0x0
093CEF30	0687CDE5	2ED0C5D7	0x28	0x0
093CEFD0	B9D4FAFC	2ED0C5D7	0x28	0x0
093CF070	445845BD	2ED0C5D7	0x28	0x0
093CF110	6CBCD602	2ED0C5D7	0x28	0x0
093CF1B0	8EA5A927	2ED0C5D7	0x28	0x0
093CF250	3CB1107B	2ED0C5D7	0x28	0x0
093CF2F0	B98D7DB4	2ED0C5D7	0x28	0x0
093CF390	1E7304F4	2ED0C5D7	0x28	0x0
093CF430	037B09BC	2ED0C5D7	0x28	0x0
093CF4D0	19CE6184	2ED0C5D7	0x28	0x0
093CF570	4E8534C1	2ED0C5D7	0x28	0x0
093CF610	EFD4A9C3	2ED0C5D7	0x28	0x0
093CF6B0	AA894EEA	2ED0C5D7	0x28	0x0
093CF750	FDD57FE0	2ED0C5D7	0x28	0x0
093CF7F0	E23AC8DF	00000002	0x18	0x0
093CF890	4F492B6E	00000001	0x10	0x0
093D1570	A1361ABC	00000002	0x390	0x0
093D1610	6A3F8481	00000001	0x10	0x0
093D1950	FBFC279D	00000001	0xE0	0x0
093D8100	9D497350	00000001	0x90	0x0
093D81A0	702FC377	BB96607D	0xA8	0x0
093D8470	CAAA7EE8	EC6AC357	0x50	0x0
093D8660	212DD44A	3A1CD4D3	0x48	0x0
093D8700	5730D30E	BB96607D	0x50	0x0
093D87A0	A1A359D8	BB96607D	0x10	0x0
093D8D10	A9FB5674	BB96607D	0x70	0x0
093D8E20	E36E3041	00000001	0x10	0x0
093D8EC0	2270DE6A	BB96607D	0xB8	0x0
093D8F60	DC99D93F	E3B2F767	0x38	0x0
093D90B0	661A55D1	E3B2F767	0x40	0x0
093D9150	C80005E1	E3B2F767	0x30	0x0
093D91F0	5AD11B76	00000001	0x20	0x0
093D93B0	3D7BDF26	E3B2F767	0x170	0x0
093D9450	07390684	E3B2F767	0x30	0x0
093D9870	A8820575	E3B2F767	0x60	0x0
093D9910	398D67C8	E3B2F767	0x20	0x0
093D9B00	583F4578	E3B2F767	0x30	0x0
093D9BA0	26E9004F	E3B2F767	0x60	0x0
093D9C40	545D6178	00000001	0x10	0x0
093D9F50	6579DF3E	E3B2F767	0x38	0x0
093DA180	13038B14	E3B2F767	0x30	0x0
093DA220	C16A13E0	E3B2F767	0x30	0x0
093DA2C0	6D860A99	00000002	0x18	0x0
093DA360	3086A3EF	00000002	0x30	0x0
093DA400	CB546772	E3B2F767	0x58	0x0
093DA4A0	7F8BFBCB	E3B2F767	0x88	0x0
093DA540	8C7780E4	E3B2F767	0x18	0x0
093DA5E0	BD49D5F4	00000001	0x20	0x0
093DA680	0E090080	E3B2F767	0x150	0x0
093DA720	BBA09978	E3B2F767	0x70	0x0
093DA7C0	4816342C	00000002	0x18	0x0
093DA860	D80EFA50	E3B2F767	0x30	0x0
093DA900	4FCB0293	E3B2F767	0x20	0x0
093DA9A0	45603FBE	E3B2F767	0xA0	0x0
093DAA40	110D425D	00000001	0x18	0x0
093DADC0	CCFE1F35	E3B2F767	0x60	0x0
093DAE60	01F2EBE4	00000001	0x10	0x0
093DAF00	33B77FEC	E3B2F767	0x1A0	0x0
093DAFA0	5F0F64AB	436D776B	0x18	0x0
093DB040	21C20EB8	00000001	0x1C	0x0
093DB380	DE710B30	00000001	0x48	0x0
093DB420	55E4EF54	E3B2F767	0x180	0x0
093DB4C0	16DE046D	00000002	0x10	0x0
093DB560	5A0DC60C	00000002	0x50	0x0
093DB600	124FFCA7	00000001	0x10	0x0
093DB6A0	09367F8C	00000001	0x60	0x0
093DB740	47D9CD32	E3B2F767	0x30	0x0
093DB7E0	BBAFC1DB	E3B2F767	0x20	0x0
093DB880	864DC837	E3B2F767	0x18	0x0
093DB920	139AF149	E3B2F767	0x20	0x0
093DB9C0	499B80B3	E3B2F767	0x48	0x0
093DBA60	E3B2F767	00000002	0x10	0x0
093DBB00	C83B8907	BB96607D	0x10A0	0x0
093DBBA0	31EBE419	E3B2F767	0x20	0x0
093DBC40	6FB71F68	E3B2F767	0x50	0x0
093DBCE0	A1D6C998	E3B2F767	0x20	0x0
093DBD80	3F0C0673	E3B2F767	0x60	0x0
093DBE20	06D21465	E3B2F767	0x50	0x0
093DBEC0	BE81DF9F	E3B2F767	0x28	0x0
093DBF60	C8FBDA08	E3B2F767	0x18	0x0
093DC000	D82E4804	E3B2F767	0x70	0x0
093DC8F0	A4DC6BC0	E3B2F767	0x90	0x0
093DF840	D52D0013	E3B2F767	0x48	0x0
093DF8E0	705F6692	E3B2F767	0x20	0x0
093DF980	CB20EC87	436D776B	0x18	0x0
093DFCC0	720F4B4E	E3B2F767	0x90	0x0
093DFD60	81A1EE40	00000001	0x10	0x0
093DFE00	675DE60A	00000001	0xC	0x0
093DFEA0	A42F6F03	00000001	0x20	0x0
093DFF40	689B5E1D	00000001	0xC	0x0
093DFFE0	16377390	E3B2F767	0x78	0x0
093E0080	F370AEDF	00000001	0x28	0x0
093E0120	7F083B6F	E3B2F767	0x50	0x0
093E01C0	AAB75137	00000002	0x8	0x0
093E0A80	00E1C5D1	00000002	0x140	0x0
093E0C40	305A3A55	CB0F23F4	0x88	0x0
093E0DC0	32CCDD01	00000001	0x30	0x0
093E0E60	6D5AD517	00000001	0x10	0x0
093E12F0	9B52CA4D	CB0F23F4	0x58	0x0
093E1390	B3E5916C	00000002	0x1B48	0x0
093E1430	33CE8E70	00000001	0x30	0x0
093E14D0	8C4A59B6	00000002	0x5F0	0x0
093E1570	4E2800B4	EC658D29	0x70	0x0
093E1610	E5C66AA6	08C908CD	0xF0	0x0
093E16B0	1CD6AB1B	685AE1C3	0x158	0x0
093E1750	D777A22F	685AE1C3	0x158	0x0
093E17F0	5097A7AC	7D6C9D90	0xC0	0x0
093E1B70	1FC0479F	EC658D29	0x170	0x0
093E1C10	DB4300DA	7D6C9D90	0xC0	0x0
093E2000	45909125	7D6C9D90	0x1E0	0x0
093E27E0	2E97897B	EC658D29	0x250	0x0
093E2880	5C267FF9	00000001	0x40	0x0
093E3220	A2E8D188	EC658D29	0x880	0x0
093E6200	C27A356E	EC658D29	0x120	0x0
093E62A0	ED23C943	685AE1C3	0x160	0x0
093E6340	DAA2FA77	EC6AC357	0x20	0x0
093E63E0	4A4CF98B	3A1CD4D3	0x28	0x0
093E6480	0B1523BD	DD4B9F35	0x38	0x0
093E6520	C3CD0721	25F5D18F	0x30	0x0
093E65C0	7DEDEC1E	00000001	0x10	0x0
093E6660	25F5D18F	00000002	0x20	0x0
093E67E0	0F4C0DEA	00000002	0x30	0x0
093E6880	CEE3045A	96722980	0x68	0x0
093E6920	66278789	00000001	0x14	0x0
093E69C0	5A44CABF	25F5D18F	0x28	0x0
093E6A60	D99B52E8	00000001	0x8	0x0
093E6B00	9B2FA222	96722980	0x68	0x0
093E6BA0	98FCAC6B	00000001	0x10	0x0
093E6D90	1D7F7C65	25F5D18F	0x60	0x0
093E6E30	CD3160DD	00000001	0x20	0x0
093E6ED0	84D208CF	96722980	0x98	0x0
093E7100	1A28B879	00000001	0x34	0x0
093E71A0	B282A8A6	25F5D18F	0x28	0x0
093E7360	D8F14043	25F5D18F	0x90	0x0
093E7400	1C9B7FD9	00000001	0x30	0x0
093E7710	9A6AF5A8	25F5D18F	0xC0	0x0
093E77B0	5A3A4D29	00000001	0x40	0x0
093E7A10	370532BB	25F5D18F	0x70	0x0
093E7AB0	E6CC5C71	00000001	0x20	0x0
093E7B50	CEC2387D	00000001	0x30	0x0
093E7BF0	A16DA617	96722980	0x70	0x0
093E7C90	28E88B1D	00000001	0x10	0x0
093E7D30	498F3C88	00000001	0x28	0x0
093E7DD0	B3D99FEB	00000002	0x30	0x0
093E7E70	FFF38569	B3D99FEB	0x30	0x0
093E7F10	859D7A4F	B3D99FEB	0x30	0x0
093E7FB0	50009315	B3D99FEB	0x30	0x0
093E8050	F29A4AD9	B3D99FEB	0x30	0x0
093E80F0	6FB52727	25F5D18F	0x38	0x0
093E8190	0ACF7C8D	00000001	0x18	0x0
093E8310	A2D7ABBC	6FB52727	0x60	0x0
093E8490	050574BE	6FB52727	0x68	0x0
093E8530	33E13BC7	96722980	0x78	0x0
093E85D0	456FC741	00000001	0x1C	0x0
093E8670	16EA98B5	25F5D18F	0x20	0x0
093E8710	07FB8FDE	16EA98B5	0x98	0x0
093E87B0	9C22D220	00000001	0x48	0x0
093E8A80	04CF7E52	16EA98B5	0x150	0x0
093E8B20	EC16EE36	00000001	0x10	0x0
093E8BC0	73FF28BB	00000001	0x38	0x0
093E8E60	52970CF0	00000001	0xF0	0x0
093E8F00	73284174	25F5D18F	0x58	0x0
093E8FA0	788D17B7	00000001	0x30	0x0
093E9040	00016577	96722980	0x68	0x0
093E90E0	23F30254	00000001	0x14	0x0
093E9490	755ACE14	EC6AC357	0x68	0x0
093E9760	B8B08A89	3A1CD4D3	0x1B0	0x0
093E9800	C948440A	00000001	0xC	0x0
093E9980	DAC65704	00000001	0x20	0x0
093E9A20	6C62A47E	00000002	0x30	0x0
093E9AC0	5D994812	00000001	0x20	0x0
093E9B60	505EE268	00000001	0x18	0x0
093E9C00	D418879B	00000001	0xC	0x0
093E9CA0	58B541B5	00000001	0x430	0x0
093E9D40	D7469395	25F5D18F	0x60	0x0
093E9DE0	90984516	45CABF31	0x10	0x0
093E9E80	7763BCDA	25F5D18F	0x30	0x0
093E9F20	DB355F1F	00000001	0x10	0x0
093EA0E0	136C190C	25F5D18F	0xA0	0x0
093EA180	ADF8D54F	00000001	0x40	0x0
093EA3B0	AB9CAB2E	00000001	0x1C	0x0
093EA450	B108E5F7	25F5D18F	0xB0	0x0
093EA4F0	8D43A08B	00000001	0x8C	0x0
093EA800	917AE4AB	25F5D18F	0x58	0x0
093EAA60	C3CABB9D	25F5D18F	0xC0	0x0
093EAB00	FA31EEAC	00000001	0x60	0x0
093EADA0	0806E7D8	25F5D18F	0x110	0x0
093EAE40	5B42E82E	00000001	0x80	0x0
093EDC00	6F81A9D5	96722980	0x68	0x0
093EDCA0	16DFF3F4	00000001	0x10	0x0
093EDD40	310CF437	25F5D18F	0x30	0x0
093EDDE0	B079483D	00000001	0x4	0x0
093EDF60	4FB56D75	25F5D18F	0x180	0x0
093EE0B0	404D9900	00000001	0x140	0x0
093EE150	EB663CAA	25F5D18F	0xA0	0x0
093EE380	14810E16	00000001	0x60	0x0
093EE500	807B237C	25F5D18F	0x60	0x0
093EE5A0	88B94169	00000001	0x4	0x0
093EE640	7395C376	96722980	0x68	0x0
093EE6E0	889B5724	00000001	0x10	0x0
093EE780	F12FD15C	96722980	0x58	0x0
093EE820	38867E9A	00000001	0x4	0x0
093EE9E0	47D310A7	BB96607D	0x30	0x0
093EED20	FC3E08BF	00000001	0xF8	0x0
093EEDC0	ABDFBA7D	00000001	0x8	0x0
093EEE60	245672E1	00000001	0x80	0x0
093EEF00	B5C1F7E5	00000001	0x10	0x0
093EEFA0	4EA71F4E	00000002	0x50	0x0
093EF040	10143E2E	00000001	0x10	0x0
093EF0E0	D40FBB1C	CB0F23F4	0xC0	0x0
093EF180	B34C7790	00000001	0x1	0x0
093EF220	DD8DF6AD	00000001	0x1	0x0
093EF3E0	455CC8CB	00000001	0x10	0x0
093EF480	96722980	25F5D18F	0x50	0x0
093EF520	05FBF5D6	25F5D18F	0x40	0x0
093EF5C0	16D05795	00000001	0x18	0x0
093EF940	D99A4EDE	25F5D18F	0x78	0x0
093EF9E0	884BFECB	00000001	0x8	0x0
093EFBD0	668B3ABC	00000001	0x10	0x0
093EFDC0	6202917E	00000001	0x30	0x0
093EFFB0	80DE8A07	00000001	0x40	0x0
093F0050	6F060372	25F5D18F	0x40	0x0
093F00F0	12744416	00000001	0x4	0x0
093F0190	8E0A57EC	25F5D18F	0x90	0x0
093F0230	0B46EE26	00000002	0x8	0x0
093F02D0	185231C9	BB96607D	0x18	0x0
093F0370	40169CCA	BB96607D	0x50	0x0
093F0920	5A39EACD	436D776B	0x48	0x0
093F09C0	5CB9E99D	00000001	0x10	0x0
093F0A60	6D7648FB	00000002	0x28	0x0
093F0B00	DA3BFC92	00000001	0x8	0x0
093F11C0	01724188	BB96607D	0xD0	0x0
093F1260	4BE94285	BB96607D	0x30	0x0
093F1300	E02F375B	F4BBBB9E	0x58	0x0
093F13A0	00E0D7F8	6E877B3A	0x60	0x0
093F1440	4323218D	BB96607D	0xA8	0x0
093F14E0	F1D39D4C	00000002	0x80	0x0
093F1580	2F45393E	BB96607D	0x20	0x0
093F1620	65C3C7D0	BB96607D	0x20	0x0
093F1B90	77346E9B	00000001	0x68	0x0
093F2090	988994D8	00000002	0x60	0x0
093F2130	4B2A4F79	00000002	0x8	0x0
093F2AD0	6E155158	EC658D29	0x200	0x0
093F4D50	201429AB	1FE50BE1	0x28	0x0
093F4DF0	E9DF284A	00000001	0x28	0x0
093F4E90	8DEEB8AD	00000022	0x28	0x0
093F4F30	4EDF1D68	AC9581F2	0x28	0x0
093F4FD0	9BF3E54D	53CEC390	0x40	0x0
093F5070	92133B18	00000001	0x1	0x0
093F5110	C2D4BEA0	00000001	0x1	0x0
093F51B0	02A50C8D	00000001	0x1	0x0
093F5250	1FE50BE1	BB96607D	0x10	0x0
093F52F0	4CBBD775	00000001	0x18	0x0
093F5400	72A206E3	BB96607D	0x20	0x0
093F55C0	53CEC390	BB96607D	0x40	0x0
093F5660	245F5CA5	A2B7E917	0x90	0x0
093F5AC0	A2B7E917	1FE50BE1	0x90	0x0
093F5B60	1D4B87A3	BB96607D	0x38	0x0
093F5C00	E2695268	E6034F05	0x38	0x0
093F5DF0	2F0194FA	00000001	0x28	0x0
093F64B0	989DC6B2	1FE50BE1	0x100	0x0
093F6550	65D8A3E0	00000002	0x8	0x0
093F67F0	7D08460D	1FE50BE1	0x48	0x0
093F6940	D70E6670	BB96607D	0xB0	0x0
093F69E0	EF800BB4	FA6F25A3	0x20	0x0
093F6A80	24344980	FA6F25A3	0x18	0x0
093F6B20	24541872	00000002	0x90	0x0
0944CBC0	915CA1DD	CB0F23F4	0x90	0x0
0944CF70	C246BB01	00000001	0x58	0x0
0944D040	51B06EFA	436D776B	0x20	0x0
0944D0E0	8A205520	00000002	0x88	0x0
0944D180	46D6346D	00000001	0x3C	0x0
0944D220	FD08F4A8	00000001	0x3C	0x0
094EA1D0	2A9593EB	BB96607D	0x20	0x0
094EA270	0A441D48	BB96607D	0x20	0x0
094EA310	2D4140A0	BB96607D	0x20	0x0
094EA780	BF29E834	BB96607D	0x20	0x0
094EA820	5BB2BB07	BB96607D	0x20	0x0
094EA8C0	7B99511B	436D776B	0x10	0x0
094EA960	19235BC2	EC6AC357	0x18	0x0
094EAA00	4EDFACE4	3A1CD4D3	0x30	0x0
094EAAA0	0279DBA4	436D776B	0x18	0x0
094EAB40	B1FA8263	00000002	0x18	0x0
094EAEC0	A94A167C	CB0F23F4	0x70	0x0
094EAF60	AE92B739	87DB1FB6	0x60	0x0
094ED1F0	92D220DD	00000001	0x10	0x0
094ED290	7C7AC9C7	00000001	0x28	0x0
094ED330	9467F2BB	00000001	0x20	0x0
094ED3D0	3B9B7477	85D90806	0xC0	0x0
094ED470	E1E3F082	00000001	0x28	0x10
094ED510	67268EBC	00000002	0x20	0x10
094ED5B0	84DB82B7	00000001	0xE	0x0
094ED650	FC9E1595	85D90806	0x88	0x0
094ED6F0	AE8E9B78	00000001	0x30	0x0
094ED790	0645ABB5	00000001	0x40	0x0
094ED830	0B1D34C1	00000001	0x110	0x0
094ED8D0	A57387EF	00000001	0x14	0x0
094ED970	C351EE43	00000001	0x78	0x0
094EDA10	4368101B	85D90806	0x38	0x0
094EDAB0	72FA3285	00000001	0x18	0x0
094EDB50	85D90806	00000002	0x8	0x0
094EDBF0	13237FE9	85D90806	0x58	0x0
094EDE70	64984EDF	00000001	0x38	0x0
094EE7E0	BBDDD224	BB96607D	0x28	0x0
094EE8C0	65319A30	00000002	0x8	0x0
094EE960	46712B71	00000001	0x18	0x0
094EEA00	F7FF758E	00000001	0x8	0x0
094EEAA0	D142B42C	00000001	0x8	0x0
094EEB40	4D250E08	00000001	0x1828	0x0
094EEBE0	A4F5DC6F	00000001	0xC	0x0
094EEDD0	BEC2B163	00000001	0x20	0x0
094F06C0	B1E87A2A	00000002	0x48	0x30
094F0760	45D662EF	00000002	0x20	0x30
094F37C0	D9E1063F	BB96607D	0x20	0x0
094F3870	0F525AA8	00000001	0x28	0x0
094F3910	65946620	00000001	0x48	0x0
094F39B0	F6238BD5	00000002	0x8	0x0
094F3A50	45BCD63B	00000002	0x8	0x0
094F3AF0	9EE6BE26	00000001	0x50	0x0
094F3BB0	F0E56B5C	00000001	0x60	0x0
094F3C50	08136B85	00000001	0x38	0x0
094F3CF0	4F8C0C72	00000001	0x30	0x0
094F3DE0	157E9EA2	BB96607D	0x18	0x0
094F3ED0	2975D243	00000002	0x18	0x0
094F3F70	44588E8A	00000001	0x20	0x0
094F4010	3361C1B5	00000001	0x40	0x0
094F40B0	0DD5D3B1	00000002	0x40	0x0
094F4150	25D7F39A	BB96607D	0x28	0x0
094F41F0	7B73B3D2	00000001	0x10	0x0
094F4290	2F60F420	00000001	0x18	0x0
094F4330	28CA1C0C	00000002	0x30	0x0
094F43D0	91D698D0	00000001	0x30	0x0
094F4480	A33702A7	00000002	0x10	0x0
094F4520	14BD3184	00000002	0x38	0x0
094F45D0	1F0ED915	00000002	0x18	0x0
094F71C0	DE0FD299	00000002	0x18	0x10
094F7260	0E533B8F	00000002	0x10	0x10
094F7300	A5C40805	BB96607D	0x9B0	0x0
094F73A0	14B7EAAA	BB96607D	0x10B0	0x0
094F74B0	38B9CD7C	00000002	0x38	0x0
094F7550	BAED2E95	00000002	0x8	0x0
094F75F0	D5F44933	BAED2E95	0x8	0x0
094F7690	3A535733	BAED2E95	0x8	0x0
094F7730	1C594AFA	D5F44933	0x8	0x0
094F77D0	B3F11367	BAED2E95	0x28	0x0
094F7A00	23DFDE6E	00000002	0x28	0x0
094F7AA0	0165AE97	BB96607D	0x30	0x0
094F7B40	EFF1719C	00000001	0x20	0x0
094F7BE0	363EAC42	6ABA355E	0x10	0x0
094F7C80	762BF26F	6ABA355E	0x10	0x0
094F7D60	F8E88D1B	6ABA355E	0x10	0x0
094F7E00	F7F223A0	6ABA355E	0x18	0x0
094F7EA0	6ABA355E	00000002	0x8	0x0
094F7F40	74FFF3B5	6ABA355E	0x10	0x0
094F8000	00000022	BB96607D	0x18	0x0
094F80A0	7DF2A021	BB96607D	0x30	0x0
094F8140	41813744	BB96607D	0x18	0x0
094F8250	651B5AA3	BB96607D	0x20	0x0
094F82F0	E31593E1	00000001	0x10	0x4
094F8390	DB1D406E	00000001	0xC	0x4
094F8430	FCCC1DA4	00000002	0x18	0x0
094FA990	038271F1	00000002	0x28	0x10
094FAA30	1A24BE34	038271F1	0x48	0x10
094FAAD0	86F59438	00000001	0x8	0x10
094FAB70	FF7BB1A1	BB96607D	0x58	0x0
094FAC80	BB96607D	00000002	0x10	0x10
094FAD20	AAE00943	00000001	0x10	0x0
094FADC0	E6034F05	BB96607D	0x20	0x0
094FAE60	00000002	00000000	0x8	0x0
094FAF00	1E90E7AC	00000001	0x20	0x10
094FAFA0	563B5CA4	00000002	0x68	0x0
094FB040	3C00B2E0	00000001	0x18	0x10
094FB3C0	1A8750BA	00000001	0x28	0x10
094FB460	45CABF31	00000002	0x8	0x0
094FB500	65996362	00000002	0x118	0x0
094FB5A0	E8400642	00000002	0x10	0x0
094FB640	B89FEE93	00000001	0x1	0x0
094FB6E0	1D8A80D1	00000001	0x8	0x0
094FB780	FC001029	00000001	0x8	0x0
094FB820	76350D5C	00000002	0x28	0x0
094FB8C0	5A33F984	76350D5C	0x30	0x0
094FB960	041F3623	00000001	0x4	0x0
094FBCA0	B104383C	00000002	0x68	0x0
094FBD40	51E42580	00000002	0x30	0x0
094FBDE0	63CDD027	00000002	0xA8	0x0
094FBE80	2088C073	00000002	0x70	0x0
094FBF20	C0988E4B	00000001	0x10	0x0
094FBFC0	184C1C96	00000001	0x10	0x0
094FC060	E0408A05	00000002	0x20	0x0
094FC100	15AB739F	00000002	0x18	0x0
094FF088	00000020	00000000	0x40	0x0
09500370	D352C4D3	00000002	0x8	0x0
09500410	1C5A8E99	BB96607D	0x10	0x2
095006B0	71CA3FC0	BB96607D	0x70	0x0
09500750	B201020F	BB96607D	0x90	0x0
095007F0	AFE5F9B4	00000001	0x28	0x0
09500890	E5A83560	BB96607D	0x70	0x0
09500930	830B78C0	00000001	0x18	0x0
09500B60	788BAA0D	00000001	0xF0	0x0
09500D50	709FB9D4	00000001	0x20	0x0
09500DF0	6D44B7DB	BB96607D	0x60	0x0
09500E90	2C497788	FA6F25A3	0x18	0x0
09500F30	FA6F25A3	00000002	0x18	0x0
09500FD0	2E8B5553	BB96607D	0x30	0x0
09501070	7DB083ED	00000001	0x1C	0x0
09501110	7456EEC9	BB96607D	0x28	0x0
09506360	BADD286C	8B372A86	0x2D0	0x0
09506400	D9716BEC	00000002	0x8	0x0
095064A0	A6D53D04	00000002	0x8	0x0
09506540	4E1A04B6	00000002	0x18	0x0
09506650	B3B97B56	00000002	0x18	0x0
095066F0	40CF037D	00000002	0x20	0x0
09506790	F0028F5E	3C49A02E	0x10	0x0
09506830	8028DE84	69C70F96	0x70	0x4
095068D0	4E5F999E	70384F41	0x60	0x0
09506970	B0B6B963	70384F41	0x60	0x0
09506A10	ABD277DF	70384F41	0x78	0x0
09506AB0	F718F42C	70384F41	0x58	0x0
09506B50	B4769F14	70384F41	0x60	0x0
09506BF0	0B33A524	B4769F14	0x70	0x0
09506C90	65C6038D	B4769F14	0x60	0x0
09506D30	1A7FC2B1	70384F41	0x68	0x0
09506DE0	00E22AA0	70384F41	0x70	0x0
09506E80	E2C9B80E	69C70F96	0x70	0x0
09506F20	69C70F96	70384F41	0x70	0x0
09506FC0	7D555788	FCD8724B	0x88	0x0
09507060	FCD8724B	70384F41	0x78	0x0
09507100	F4151322	FCD8724B	0x80	0x0
095071A0	DC725A31	70384F41	0xB8	0x0
09507240	0AFD5668	70384F41	0x78	0x0
095072E0	B768ED1E	70384F41	0x60	0x0
09507380	EEAC54AF	70384F41	0x60	0x0
09507620	B6373E87	8B372A86	0x4D0	0x0
095076C0	1DA8D4F4	ABA325AF	0x60	0x0
09507760	63D7D92B	70384F41	0x90	0x0
09507800	FF46065F	00000001	0x18	0x0
095078A0	F5C8153B	00000001	0x18	0x0
09507940	89A08DA6	00000001	0xC	0x0
095079E0	9013CB94	70384F41	0x68	0x0
09507A80	F4013724	70384F41	0x58	0x0
09507B20	5710BC31	3C49A02E	0x30	0x0
09507BC0	76384757	00000001	0x30	0x0
09507C60	AFC60BF7	00000001	0x28	0x0
09507D00	58759AD9	00000001	0x10	0x0
09507EC0	B83D2231	00000001	0x20	0x0
09507F60	A2F32EDD	70384F41	0x60	0x0
09508000	C0C861CD	7A2EF7B2	0xA0	0x0
095080A0	536DC624	00000001	0x10	0x0
09508140	1E0684D9	00000001	0x20	0x0
095081E0	1BF0F86E	00000001	0x8	0x0
09508280	9347840C	00000001	0xC	0x0
09508320	0860C3FA	00000001	0x18	0x0
095083C0	70384F41	00000002	0x50	0x4
09508460	D6371FC2	70384F41	0x58	0x0
09508500	E63B482D	70384F41	0x58	0x0
095085A0	6E4E1352	70384F41	0x58	0x0
09508640	64987360	70384F41	0x58	0x0
095086E0	60C157B1	70384F41	0x50	0x0
09508780	D40B950D	70384F41	0x60	0x0
09508820	1F60A802	70384F41	0x58	0x0
095088C0	7819D16F	70384F41	0x58	0x0
09508960	3CD786C1	70384F41	0x80	0x0
09508A00	CBA4FA59	70384F41	0x58	0x0
09508AA0	165F7A7D	70384F41	0x60	0x0
09508B40	70D18D1D	70384F41	0x68	0x0
09508BE0	18EF2BFC	70384F41	0x60	0x0
09508C80	848F54F4	70384F41	0x58	0x0
09508D20	D6EBB93E	70384F41	0x50	0x0
09508DC0	0DBE27C5	70384F41	0x50	0x0
09508E60	0B246CCA	052649CA	0x68	0x0
09508F00	2058AA50	B0820327	0x78	0x0
09508FA0	32F76E95	052649CA	0x68	0x0
09509040	80F64A02	BB96607D	0x38	0x0
095090E0	68510331	00000001	0x38	0x0
09509180	51697BFE	00000001	0xD4	0x0
09509220	025ADC18	B0820327	0x78	0x0
095092C0	126D24BF	70384F41	0x58	0x0
09509360	65E23A9C	247AD31C	0x158	0x4
09509400	68C8D0E7	00000001	0x88	0x4
095094A0	91A4295E	00000001	0x50	0x0
09510420	8A8895AA	ABA325AF	0x60	0x0
095104C0	84694DD8	70384F41	0x90	0x0
09510680	61747974	00000001	0x20	0x0
09510720	326B3371	00000001	0x10	0x0
095107C0	98E03903	70384F41	0x58	0x0
09510860	ABA325AF	70384F41	0x58	0x0
09510900	F97867B0	ABA325AF	0x60	0x0
095109A0	052649CA	ABA325AF	0x60	0x0
09510AA0	8F65DF49	052649CA	0x68	0x0
09510B40	E59DC61A	70384F41	0x58	0x0
09510BE0	85AAB278	ABA325AF	0x78	0x0
09510C80	B0820327	052649CA	0x68	0x0
09510D20	CDB1BF0F	B0820327	0x70	0x0
09510DC0	AF5FA0D1	052649CA	0x68	0x0
09510E60	EACA2437	70384F41	0x58	0x0
09510F00	358356CE	052649CA	0x60	0x0
09510FA0	5A3EC344	B0820327	0x68	0x0
09511040	70F908A5	70384F41	0x60	0x0
095110E0	780FB0DF	052649CA	0x68	0x0
09511180	28D3278D	ABA325AF	0x60	0x0
09511220	04573101	70384F41	0x58	0x0
095112C0	7D5E8BBF	3C49A02E	0x20	0x0
09511360	7A2EF7B2	BB96607D	0x10	0x0
09511400	BFAB1744	70384F41	0x58	0x0
095114A0	AB559F32	70384F41	0x60	0x0
09511540	4E3CB4DD	70384F41	0x78	0x0
095115E0	1C705397	940A0CE9	0x18	0x0
09511760	DD999A3F	00000001	0x19	0x0
09511800	B3B3CA75	00000001	0x40	0x0
095118A0	6B748770	00000001	0x1	0x0
09511940	EBEAEF86	00000001	0x1	0x0
095119E0	EAA5808D	00000001	0x1	0x0
09511A80	E025533A	00000001	0x1	0x0
09511B20	40126430	00000001	0x1	0x0
09511BC0	B3795752	00000001	0x1	0x0
09511C60	6AB2C173	00000002	0x10	0x0
09511D70	4ACAEBB4	6AB2C173	0x30	0x0
09511E10	3CFFB616	6AB2C173	0x18	0x0
09511EC0	FED5B5BE	940A0CE9	0x28	0x0
09511F60	7E8D7A58	940A0CE9	0x20	0x0
09512000	9D4093BD	70384F41	0x60	0x0
095120A0	C96F31BC	00000001	0x30	0x0
09512140	118661CF	00000002	0x28	0x0
095121E0	3C49A02E	00000002	0x8	0x0
09512280	940A0CE9	3C49A02E	0x10	0x0
09512320	B5DB4C1B	940A0CE9	0x30	0x0
095123C0	65EDA630	00000001	0x20	0x0
09512460	247AD31C	00000002	0x88	0x4
09512500	34CEAEAE	247AD31C	0xB0	0x4
095125A0	D6B615C9	247AD31C	0xC8	0x4
09512640	D432D863	247AD31C	0x88	0x0
095129F0	46F2710B	00000002	0x28	0x0
09512E80	BA4D7D0C	00000001	0x58	0x4
09512F20	D9E50AE6	00000001	0xC	0x4
09512FC0	0246EA13	00000001	0xC	0x4
09513070	494BCDC1	940A0CE9	0x38	0x0
09513110	756610FF	70384F41	0x80	0x0
095131B0	2013DBD0	87DB1FB6	0x1F8	0x0
09513330	CCA043A7	00000002	0x18	0x0
09513800	406089A4	BB96607D	0x60	0x0
095138A0	A13C6D1D	00000001	0x20	0x0
09513940	5753D181	00000001	0x8	0x0
095139E0	3646F31D	00000001	0xC	0x0
09513A80	83F463D4	00000001	0x10	0x0
09513B20	C7041AEE	00000001	0x1C	0x0
09513C70	EF82FCE4	BB96607D	0x40	0x0
09515160	9D0303BF	157E9EA2	0x20	0x0
09516640	80E50E4A	00000002	0x30	0x4
095166E0	86C2F5F3	00000001	0x1C	0x0
095168D0	195B695E	BB96607D	0xA8	0x0
09516B70	46ED6DF7	00000002	0x78	0x0
095170E0	174B8004	C62E24DD	0xC8	0x0
09517180	E55F5FA4	00000001	0x10	0x0
09517220	A9A14C93	00000001	0x10	0x0
095172C0	614CE085	00000001	0x10	0x0
09517360	356E00E2	00000001	0x10	0x0
09517400	1E6DDBE2	00000002	0x20	0x0
09517510	18AB6470	00000001	0x10	0x0
095176D0	50B500EE	00000001	0x20	0x0
09517820	1C6A7627	CB0F23F4	0x40	0x0
09517BA0	8C8AA19D	8B372A86	0x6B0	0x0
09517DD0	C1E8C6CA	BB96607D	0xF8	0x0
09518260	C11EA419	00000001	0x10	0x0
09518920	71FDA747	CB0F23F4	0xCA0	0x0
095189C0	881B5D38	00000001	0x38	0x0
09518C60	9E9C0101	CB0F23F4	0x58	0x0
09518D00	B8998269	CB0F23F4	0x60	0x0
09518DA0	DD305294	00000001	0x18	0x0
09518E40	B84F4846	00000001	0x24	0x0
09518EE0	74D7840C	00000001	0xC	0x0
09518F80	1C0608FF	00000001	0x4	0x0
09519290	0FA3067F	00000022	0x70	0x48
09519330	A0CF3FB8	00000001	0x6	0x0
095193D0	4AB09507	00000002	0x10	0x0
09519470	FBF3BCBB	00000001	0x8	0x0
0951E360	EDCA05DB	00000001	0xC	0x0
0951E400	7C88766F	FA6F25A3	0x20	0x0
0951E4A0	9DE9A987	00000001	0x10	0x0
0951E540	31984F55	BB96607D	0xA0	0x0
0951E5E0	23C3E834	BB96607D	0x10	0x0
0951E6F0	91C5846E	00000002	0x18	0x0
0951E790	67B17080	91C5846E	0x18	0x0
0951E830	31B286E5	67B17080	0x18	0x0
0951E8D0	DAB4119A	67B17080	0x18	0x0
0951E970	B3637621	67B17080	0x18	0x0
0951EA10	ADE9A9DB	67B17080	0x18	0x0
0951EAB0	7C7E6C6E	ADE9A9DB	0x18	0x0
0951EB50	E21AF9CD	ADE9A9DB	0x18	0x0
0951EBF0	27014116	8BDB6032	0x18	0x0
0951EC90	C5F01978	31B286E5	0x18	0x0
0951ED30	4C9EDD8C	DAB4119A	0x18	0x0
0951EDD0	3D29DB47	B3637621	0x18	0x0
0951EE70	883CF3F3	7C7E6C6E	0x18	0x0
0951EF10	16586650	E21AF9CD	0x18	0x0
0951EFB0	D343DE8B	27014116	0x18	0x0
0951F050	89F1B891	31B286E5	0x18	0x0
0951F0F0	E4B3803A	B3637621	0x18	0x0
0951F190	E4D48D57	7C7E6C6E	0x18	0x0
0951F230	5841BD2B	31B286E5	0x18	0x0
0951F2D0	2F4D2109	DAB4119A	0x18	0x0
0951F370	CFD66AAD	B3637621	0x18	0x0
0951F410	158D57A0	7C7E6C6E	0x18	0x0
0951F4B0	8BE9C203	E21AF9CD	0x18	0x0
0951F550	4EF27AD8	27014116	0x18	0x0
0951F5F0	37763313	B3637621	0x30	0x0
0951F690	4DD29CD9	B3637621	0x28	0x0
0951F730	198FE2F6	7C7E6C6E	0x28	0x0
0951F7D0	42F0CF8E	27014116	0x28	0x0
0951F870	02D5BEA6	B3637621	0x18	0x0
0951F910	9A20E22D	4EF27AD8	0x18	0x0
0951F9B0	C15FCF55	7C7E6C6E	0x18	0x0
0951FA50	D1B2803D	7C7E6C6E	0x40	0x0
0951FAF0	41ACBA83	B3637621	0x40	0x0
0951FB90	0B795CF8	ADE9A9DB	0x18	0x0
0951FC30	FF3BC365	0B795CF8	0x18	0x0
0951FCD0	628A6736	0B795CF8	0x18	0x0
0951FD70	B658FFC3	0B795CF8	0x18	0x0
0951FE10	8BDB6032	67B17080	0x18	0x0
0951FEB0	CFB2BA46	8BDB6032	0x18	0x0
0951FF50	2BC0C051	CFB2BA46	0x18	0x0
0951FFF0	604A1CD6	00000001	0x6	0x0
09520090	FA85C594	00000001	0x2	0x0
09520130	557D6304	8BDB6032	0x18	0x0
095201D0	B10F1913	557D6304	0x18	0x0
09520270	3FA6F77B	00000001	0x3	0x0
09520310	905E51EB	8BDB6032	0x18	0x0
095203B0	742C2BFC	905E51EB	0x18	0x0
09520450	CFDE630F	00000001	0x4	0x0
095204F0	6026C59F	8BDB6032	0x18	0x0
09520590	8454BF88	6026C59F	0x18	0x0
09520630	5BCA327F	00000001	0x8	0x0
095206D0	F43294EF	8BDB6032	0x18	0x0
09520770	1040EEF8	F43294EF	0x18	0x0
09520810	3DCA7519	00000001	0x1	0x0
095208B0	1684969E	8BDB6032	0x18	0x0
09520950	ADA11722	1684969E	0x18	0x0
095209F0	A82CA3E8	00000001	0x2	0x0
09520A90	DBDBFB88	8BDB6032	0x18	0x0
09520B30	19B721AE	DBDBFB88	0x18	0x0
09520BD0	46A37798	00000022	0x28	0x0
09520C70	242F6AAD	DAB4119A	0x18	0x0
09520D10	CB36DD42	67B17080	0x18	0x0
09520DB0	35ADA675	CB36DD42	0x18	0x0
09520E50	653CAA76	00000001	0x4	0x0
09520EF0	0181EFE8	00000001	0x20	0x0
09520F90	41682213	91C5846E	0x30	0x4
09521030	B32FDE43	00000001	0x10	0x0
095210D0	297746B2	00000001	0x14	0x0
09521170	E0C66A08	00000001	0x20	0x0
09521280	9CF7272E	00000001	0x50	0x0
09521320	FB764C35	00000001	0x30	0x0
095213C0	AC264C3D	00000001	0x30	0x0
09521460	6D035F60	00000001	0x18	0x0
09521500	76636188	00000001	0x18	0x0
095215A0	ECEB61FF	C62E24DD	0x68	0x0
09521640	D2CA8C82	00000001	0x20	0x0
095216E0	CD4F18F6	BB96607D	0x20	0x0
09521780	83E2AB92	BB96607D	0x18	0x0
09521820	A34BB21A	BB96607D	0x20	0x0
095218C0	103097DE	BB96607D	0x20	0x0
09521960	6CAECC37	103097DE	0x50	0x0
09521AB0	5EEF7AAE	103097DE	0x80	0x0
09521B50	DCBAE9E3	00000002	0x18	0x0
09521BF0	58B2578F	BB96607D	0x18	0x0
09521D00	B3ADF542	BB96607D	0x28	0x0
09521DA0	A6E41A13	00000001	0x8	0x0
09521F20	02251ED8	BB96607D	0x30	0x0
09522380	95741049	00000002	0x90	0x0
09522420	6EC225CC	00000001	0x10	0x0
095224C0	9086E6F7	00000001	0x12	0x0
09522560	43F0272F	00000001	0x20	0x0
09522600	8C5CC05B	BB96607D	0x30	0x0
09522750	DAAFC2EB	00000001	0xC	0x0
09522910	976D55D1	00000001	0x20	0x0
095229B0	7D4BD0B7	BB96607D	0x20	0x0
09522A50	BF36E657	2E8B5553	0x770	0x0
09522AF0	01C651C7	00000001	0x1C	0x0
09522B90	505C687E	BB96607D	0x28	0x0
09522C30	5085AB80	BB96607D	0x78	0x0
09522CD0	A1EA9E1E	00000001	0x68	0x0
09522D70	A3476C25	8221EA90	0x50	0x0
09522E10	3BC0DC50	13F4039D	0x30	0x0
09522EB0	C7F0C734	BB96607D	0x10	0x0
09522F50	1B9094FC	00000001	0x1	0x0
09522FF0	F57EC0A0	00000001	0x1	0x0
09523090	CE0ACDA9	AC9581F2	0x30	0x0
09523130	6A1DBADC	BB96607D	0x10	0x0
09523210	13F4039D	AC9581F2	0x30	0x0
095232B0	8221EA90	13F4039D	0x48	0x0
09523350	6E3E0317	00000001	0x10	0x0
095233F0	854D5AD3	00000001	0x30	0x0
09523490	F232465D	00000001	0x18	0x0
09523530	7F67197E	00000001	0xC	0x0
095235D0	FBF2AA16	00000001	0x60	0x0
09523670	E9781948	00000001	0x100	0x0
09523710	33C691E4	00000001	0x30	0x0
095237B0	22513A1A	00000001	0x70	0x0
09523850	F0355792	00000001	0xC	0x0
095238F0	CE95BF7F	00000001	0x20	0x0
09523990	D417BB8C	BB96607D	0x60	0x0
09523A30	E778D674	00000001	0x40	0x0
09523D40	24AECB7C	BB96607D	0x90	0x0
09523DE0	071CEE50	00000001	0x10	0x0
09523E80	209CF072	00000001	0x1C	0x0
09523F20	C8F8ABFF	00000001	0xC	0x0
09523FC0	5E7824E0	00000001	0x10	0x0
09524060	E55F39F1	BB96607D	0x20	0x0
09524100	B215B1D3	00000002	0x148	0x0
095241A0	45009CA0	0FA3067F	0x70	0x0
09524240	A39D4CE0	00000002	0x18	0x0
095242E0	149BFA92	00000001	0x10	0x0
09528130	3757769B	00000001	0xF50	0x0
095281D0	98698208	EFA3832C	0x20	0x0
09528270	C282259C	EFA3832C	0x20	0x0
09528380	EFA3832C	BB96607D	0x20	0x0
09528420	6D7133E0	EFA3832C	0x20	0x0
095284C0	BD1EAF76	EFA3832C	0x20	0x0
09528560	8EDA45FB	EFA3832C	0x20	0x0
09528600	A2A25815	EFA3832C	0x20	0x0
095286A0	D5A56883	EFA3832C	0x20	0x0
09528740	4BC1FD20	EFA3832C	0x20	0x0
095287E0	700783BA	00000002	0x48	0x0
09528880	ED6B79E4	700783BA	0x2D0	0x0
09528920	9A33101E	00000002	0x90	0x0
09528AF0	83A9E3C3	00000002	0x2E0	0x0
09528B90	046D00D1	00000002	0x20	0x0
09528C30	346DDDD0	046D00D1	0x620	0x0
09528CD0	5193DBE5	00000002	0x30	0x0
09528D70	61F34049	00000002	0xB0	0x0
095290B0	88BB496A	8A901914	0x90	0x0
09529660	4BF66801	8A901914	0x150	0x0
09529820	EDA2B606	00000002	0x70	0x0
095298C0	460DD209	BB96607D	0x30	0x0
09529960	8A901914	00000002	0x30	0x0
09529A70	A871E41D	00000001	0x20	0x0
09529DB0	844987D6	8A901914	0xB0	0x0
09529F00	DF638110	00000002	0x18	0x0
0952A050	84240425	8A901914	0x40	0x0
0952A0F0	D0C34A81	84240425	0x50	0x0
0952A190	75116750	84240425	0x50	0x0
0952A2A0	13AE4B43	8A901914	0x48	0x0
0952A340	CA0CFEE7	8A901914	0x30	0x0
0952A5A0	BDA2D281	00000001	0x70	0x0
0952A870	324796C7	8A901914	0x120	0x0
0952A9C0	246559FC	00000001	0x20	0x0
0952AC90	C0DD28A9	8A901914	0xC0	0x0
0952AD30	49F4CA3E	8A901914	0x80	0x0
0952B120	0544175B	8A901914	0x1A0	0x0
0952B1C0	EB384B0A	00000001	0x40	0x0
0952B260	DE5F5E63	00000001	0x18	0x0
0952B300	057DAA86	8A901914	0x48	0x0
0952B450	76D082F6	8A901914	0x70	0x0
0952B640	A2A0524C	8A901914	0x100	0x0
0952B6E0	0448CA03	00000001	0x40	0x0
0952B8A0	E53212F0	00000002	0x20	0x0
0952BA60	1AD1270D	00000002	0x38	0x0
0952BD00	F465CC0F	8A901914	0xA0	0x0
0952BE50	711759AF	8A901914	0x58	0x0
0952BFD0	B6FC82EE	8A901914	0xE0	0x0
0952C1C0	F9D25748	8A901914	0xE0	0x0
0952C380	CF6D16FA	8A901914	0x68	0x0
0952C570	D12B891D	8A901914	0x78	0x0
0952C610	10611B62	00000002	0x8	0x0
0952C6B0	10F67220	00000001	0x10	0x0
0952C750	A5D71902	00000001	0x20	0x0
0952C7F0	69FFBAE9	00000001	0x10	0x0
0952C890	0FEA9A1E	00000001	0x14	0x0
0952C930	B4091A78	BB96607D	0x270	0x0
0952C9D0	72A274BA	BB96607D	0x140	0x0
0952CA70	6A37046D	00000001	0x30	0x0
0952CB10	439BA60E	00000001	0x10	0x0
0952CBB0	44ED9E9B	00000001	0x58	0x0
0952CC50	47C32583	00000002	0x30	0x0
0952CCF0	EFF80468	00000002	0xA0	0x0
0952CD90	80126953	00000001	0xC	0x0
0952CE30	16F6B7D0	00000001	0x4	0x0
0952CED0	D4B2C020	00000001	0x10	0x0
0952CF70	D524B452	00000001	0x20	0x0
0952D010	F8BA33CF	00000001	0x270	0x0
0952D0B0	DAF73069	CB0F23F4	0x20	0x0
0952D150	E1B4661F	DAF73069	0x70	0x0
0952D1F0	197CAB62	00000001	0x8	0x0
0952D290	8EDCBE5E	00000002	0x30	0x0
0952D330	29BCE44B	00000002	0x110	0x0
0952D3D0	2647F54E	00000001	0xC	0x0
0952D470	7D281B9B	00000001	0x10	0x0
0952D510	45E3FAB1	00000001	0x18	0x0
0952D5B0	068D7EE2	00000001	0x24	0x0
0952D650	782E105C	00000002	0x8	0x0
0952D760	CACCFA1A	00000002	0x18	0x0
0952FD80	17CB5C4F	00000002	0x8	0x0
09530130	D0B67579	87DB1FB6	0x1A0	0x0
095301D0	B479473C	138F82BB	0x1F0	0x0
09530270	ADB73A6A	B4347336	0x60	0x0
095306D0	F36DB2E3	00000001	0x90	0x0
09530C10	939B245D	138F82BB	0x1E0	0x0
09530CB0	4B4F7506	CB0F23F4	0x50	0x0
09530D50	BA87D1D5	00000001	0x14	0x0
09530ED0	C812755F	00000001	0x1C	0x0
09530F70	059407AB	00000001	0x60	0x0
09531670	B8B6C86C	138F82BB	0xDF0	0x0
09531C50	EFE71078	B4347336	0x11D0	0x0
09531CF0	A1CFF90A	1DDC87F5	0x240	0x0
09531D90	BE6165A8	1DDC87F5	0x1D0	0x0
095320D0	2D07BAA8	1DDC87F5	0x470	0x0
09532170	13CBDAAC	1DDC87F5	0x1C0	0x0
09532250	3BE4031D	00000001	0x18	0x0
095322F0	FD74B610	00000001	0x90	0x0
09532390	62252B66	1DDC87F5	0x238	0x0
09532820	1DDC87F5	138F82BB	0x190	0x0
095328C0	DA8BF354	00000001	0x10	0x0
09532960	EAF1EBB5	00000001	0x8	0x0
09532A00	27953A2F	1DDC87F5	0x298	0x0
09532AA0	8BF6A50E	1DDC87F5	0x1B8	0x0
09532C90	0E5A450A	B4347336	0x150	0x0
09532D30	138F82BB	B4347336	0x60	0x0
09533000	9060AB6E	ADB73A6A	0x310	0x0
095330A0	1399FB70	0E5A450A	0x190	0x0
09533140	A118BFA2	00000001	0x50	0x0
095331E0	E792A500	FA6F25A3	0x20	0x0
09533480	1C084791	B4347336	0x1A0	0x0
095335D0	8AFDF3BB	B4347336	0x78	0x0
09533670	7CE879F3	00000002	0x8	0x0
09533830	B4347336	CB0F23F4	0x58	0x0
09533980	18D528B6	00000002	0x20	0x0
09533BB0	56F0AAEA	00000001	0x20	0x0
09533C50	CC9C4F14	CB0F23F4	0x40	0x0
09533CF0	B5793992	B4347336	0x14E0	0x0
09533D90	F0204455	00000001	0x50	0x0
09533E30	36960728	B4347336	0x3D0	0x0
09534060	8F0FDB1C	EFE71078	0x1360	0x0
095345A0	C177D702	138F82BB	0x1F0	0x0
09534640	C4F38CB3	B4347336	0x90	0x0
09534750	86C2BFF9	76178D22	0xD0	0x0
095348A0	76178D22	00000002	0x38	0x0
09534940	2B55A141	00000001	0x8	0x0
095349E0	D0345546	CB0F23F4	0x30	0x0
09534BD0	5E68180A	00000002	0x58	0x0
09534CE0	AE0BD49D	00000001	0x30	0x0
09534DF0	38CF681E	76178D22	0x1A0	0x0
09534F00	ECEB4833	76178D22	0x1A0	0x0
09535160	8461451B	76178D22	0x280	0x0
09535400	E1DD46AF	76178D22	0x210	0x0
09535550	C422E3BB	76178D22	0xF0	0x0
09537E10	4F8DA0EB	87DB1FB6	0x70	0x0
09537EB0	75451017	FA6F25A3	0x20	0x0
09537FC0	A9348062	1663A759	0x130	0x0
09538060	51550B4C	1663A759	0x110	0x0
09538100	1663A759	00D96F39	0x70	0x0
09538280	00D96F39	00000002	0x70	0x0
09538320	6EA1B5D4	AC9581F2	0x38	0x0
09538720	43EF99C2	00000001	0x10	0x0
095389F0	7EF30CD4	BB96607D	0x60	0x0
09538C50	6AEAD073	BB96607D	0x38	0x0
09538CF0	BF740D32	BB96607D	0x30	0x0
09538D90	74F7311D	BB96607D	0x50	0x0
09538E30	7A75C0CF	00000001	0x10	0x0
095392C0	9908895A	B4347336	0x2D0	0x0
09539360	129F2F95	00000001	0x18	0x0
09539400	3293EC0F	00000002	0x10	0x0
095394A0	FF765AD1	3293EC0F	0x38	0x0
09539540	06B456BE	3293EC0F	0x20	0x0
09539B20	C8DBDE7F	BB96607D	0x150	0x0
09539E30	5385AB10	00000001	0xD0	0x0
0953A290	32F11261	00000001	0xB0	0x0
0953A450	FC802986	00000001	0x20	0x0
0953A5A0	97CD8890	5A5D1303	0x80	0x0
0953A6B0	09D45A3C	00000001	0x8	0x0
0953A830	4EC68E98	5A5D1303	0x80	0x0
0953AA90	B8599052	5A5D1303	0x90	0x0
0953AC80	6AAD6AFA	53667A87	0x78	0x0
0953AE00	73556CDA	5A5D1303	0x80	0x8
0953AFC0	53667A87	5A5D1303	0x50	0x0
0953B140	445B37F9	5A5D1303	0x50	0x0
0953B1E0	0F0EECBB	5A5D1303	0xD0	0x0
0953B280	86EBFD8D	5A5D1303	0x30	0x0
0953B320	35AF7692	5A5D1303	0x48	0x0
0953B3C0	B22B3E61	5A5D1303	0xB0	0x0
0953B460	9B84F7E2	00000002	0x28	0x0
0953B500	9804B418	B22B3E61	0xC0	0x0
0953B5A0	5A5D1303	BB96607D	0x20	0x0
0953B640	8F8039AF	00000001	0x18	0x0
0953BE30	2D675BA2	5A5D1303	0x70	0x0
0953BF40	EC6F9C66	5A5D1303	0x30	0x0
0953C170	27EA162F	5A5D1303	0x60	0x0
0953C2C0	FA3F7A18	5A5D1303	0x40	0x0
0953C440	B0D29BFA	5A5D1303	0xF0	0x0
0953C550	F0C047D3	00000001	0x20	0x0
0953C5F0	6796AA1A	5A5D1303	0x28	0x0
0953C690	06A4ADC7	B4347336	0x2D0	0x0
0953C730	4098E5E7	C62E24DD	0x18	0x0
0953C7D0	390F5602	00000001	0x18	0x0
0953C870	6F3C00C0	00000002	0x90	0x0
0953CA60	705ED278	00000002	0x90	0x0
0953CBB0	B5BFB94C	00000001	0x170	0x0
0953CFD0	228F402A	00000002	0xC0	0x0
0953D210	1CBDE084	BB96607D	0xA0	0x0
095435A0	839FC27C	437A601A	0xD0	0x20
09543720	C0362EB4	F4BA3B88	0x2D8	0x20
095437C0	F8F3BF27	437A601A	0x38	0x20
09543860	DA80B3EB	437A601A	0x28	0x20
095439B0	087D9AC4	437A601A	0x38	0x20
09543A50	49A5150B	437A601A	0x28	0x20
09543AF0	F34EBA07	437A601A	0x50	0x20
09543B90	87CDAFC0	00000001	0x18	0x20
09545170	F4BA3B88	437A601A	0x2A8	0x20
09545210	38AB949E	FE135918	0x30	0x20
095452B0	6E17780D	00000001	0x10	0x20
09545350	9D88ECFC	CF7623E2	0x78	0x20
095453F0	8E2E46D9	437A601A	0x170	0x20
09545AB0	A1B4E3AF	CF7623E2	0xD8	0x20
09545C00	F2C3C969	437A601A	0x40	0x20
09545CA0	262B9270	437A601A	0x20	0x20
09545D40	1D1A121C	437A601A	0x40	0x20
09545DE0	530AD080	1D1A121C	0x50	0x20
09545E80	01FFA226	437A601A	0x28	0x20
09545F20	B38EEBBE	437A601A	0x30	0x20
09545FC0	AD7D65C2	437A601A	0x70	0x20
09546060	4454A08E	437A601A	0x30	0x20
095461E0	BC2746AE	437A601A	0x38	0x20
09546280	254B85A0	437A601A	0x30	0x20
09546390	A74267AC	437A601A	0x30	0x20
09546430	3C902B95	437A601A	0x30	0x20
095464D0	8980BEA0	437A601A	0x48	0x20
09546570	0AB24E63	437A601A	0x40	0x20
095466F0	C9B63EF6	437A601A	0x48	0x20
095477C0	7B4F8716	437A601A	0x150	0x20
09547940	50DC0CBB	437A601A	0x38	0x20
095479E0	76BA246B	437A601A	0x68	0x20
09547A80	F7AF6082	437A601A	0x80	0x20
09547B90	0952F38F	437A601A	0x30	0x20
09547C30	51AC129E	437A601A	0x30	0x20
09547CD0	8AE6F042	437A601A	0x30	0x20
09547D70	3B75649C	FE135918	0x40	0x20
09547E10	AF2B7F75	00000001	0x18	0x20
09547EB0	AD662442	2BC49864	0x498	0x20
09547F50	A1D2A3EB	2BC49864	0x2D0	0x20
09548A10	2DE1C55C	7608E2D9	0x138	0x0
09548AB0	0D11952D	00000001	0x18	0x0
09548B50	1531FA06	00000001	0x10	0x0
0954AB00	065814F7	C2C3B4DA	0x50	0x20
0954AFD0	3030D4C0	437A601A	0xB0	0x20
0954B070	85C98BD2	2E8B5553	0x50	0x20
0954B110	78A47601	6D44B7DB	0x78	0x20
0954B1B0	1AB84ADF	BB96607D	0x28	0x20
0954B250	E79CFA3E	00000002	0x40	0x20
0954B2F0	26924BC5	00000002	0x48	0x20
0954B390	920993DB	00000002	0x18	0x20
0954B550	B00DD322	00000002	0x50	0x20
0954B5F0	D58EBB51	C62E24DD	0x28	0x20
0954BF50	16E615E6	BB96607D	0x90	0x30
0954BFF0	5DA507DC	BB96607D	0x18	0x20
09552570	A740F9DB	00000002	0x38	0x0
09552610	0DB63256	00000002	0x18	0x0
095526B0	88754C00	3C7968A0	0x38	0x0
09552750	73251026	00000002	0x30	0x0
095527F0	9CFA7728	3C7968A0	0x30	0x0
09552890	3C7968A0	00000002	0x10	0x0
09552930	2A10B2CA	00000002	0x28	0x0
095529D0	54A8A517	00000002	0x28	0x0
09552A80	E1DEE2E4	00000002	0x18	0x10
09552B20	0D4C0B7A	FA6F25A3	0x30	0x0
09552BC0	8E86965F	00000002	0x8	0x0
09552C60	6F78BDD9	BB96607D	0x18	0x0
09552D00	1414763A	00000002	0x18	0x10
09552DA0	FA673A4B	00000002	0x10	0x10
09552E40	51961546	00000002	0x10	0x10
09552EE0	5283857A	00000002	0x18	0x10
09552F80	A35C536F	00000002	0x20	0x10
09553020	52D78090	00000002	0x20	0x10
095530C0	2B17DAC9	FA6F25A3	0x28	0x0
095531D0	9B8E1112	2B17DAC9	0x38	0x0
09553270	B7DDB1C9	2B17DAC9	0x38	0x0
09553310	05BF3E70	2B17DAC9	0x28	0x0
095533B0	58AE63E9	2B17DAC9	0x30	0x0
09553450	EA305176	2B17DAC9	0x48	0x0
095534F0	D74BBDD4	2B17DAC9	0x28	0x0
09553590	05322189	2B17DAC9	0x30	0x0
09553630	61EB8E2B	2B17DAC9	0x30	0x0
095536D0	3E6079C6	2B17DAC9	0x28	0x0
09553770	AE0EB00E	2B17DAC9	0x40	0x0
09553810	598BA834	2B17DAC9	0x30	0x0
095538B0	6C2E4333	2B17DAC9	0x38	0x0
09553950	B00EAC12	2B17DAC9	0x30	0x0
095539F0	B3B8C2C3	2B17DAC9	0x30	0x0
09553A90	20252778	2B17DAC9	0x70	0x0
09553B30	95E3D26C	2B17DAC9	0x30	0x0
09553BD0	40F66236	2B17DAC9	0x28	0x0
09553C70	D6F0B709	2B17DAC9	0x30	0x0
09553D10	CDCB3645	2B17DAC9	0x30	0x0
09553DB0	532463DB	2B17DAC9	0x30	0x0
09553E50	9C96D710	2B17DAC9	0x78	0x0
09553EF0	AB10F527	2B17DAC9	0x28	0x0
09553F90	88BC04C1	2B17DAC9	0x30	0x0
09554030	F4A1A117	2B17DAC9	0x28	0x0
095540D0	0F202A7E	2B17DAC9	0x30	0x0
09554170	DE97410C	2B17DAC9	0x48	0x0
09554210	2D28A193	2B17DAC9	0x38	0x0
095542B0	7B1F1EAD	2B17DAC9	0x28	0x0
09554350	C02EAB2C	2B17DAC9	0x38	0x0
095543F0	1DD17CE5	2B17DAC9	0x30	0x0
09554490	5C649593	2B17DAC9	0x38	0x0
09554530	002C311F	2B17DAC9	0x38	0x0
095545D0	858165AE	2B17DAC9	0x38	0x0
09554670	73A4E2BA	2B17DAC9	0x28	0x0
09554710	DF4F423A	2B17DAC9	0x28	0x0
095547B0	F1CC2EE4	2B17DAC9	0x38	0x0
09554850	181D256C	F1CC2EE4	0x38	0x0
095548F0	48C8E53F	2B17DAC9	0x30	0x0
09554990	96CD0250	2B17DAC9	0x80	0x0
09554A30	26402E38	96CD0250	0x80	0x0
09554AD0	AFC6A330	96CD0250	0xC8	0x0
09554B70	E5F923F5	2B17DAC9	0x30	0x0
09554C10	F4816F7F	2B17DAC9	0x30	0x0
09554CB0	A088684A	2B17DAC9	0x90	0x0
09554D50	FC661201	2B17DAC9	0x38	0x0
09554DF0	182EF10D	2B17DAC9	0x28	0x0
09554E90	38323C2A	2B17DAC9	0x30	0x0
09554F30	84E93363	2B17DAC9	0x28	0x0
09554FD0	DDC027B4	2B17DAC9	0x28	0x0
09555070	A549411B	2B17DAC9	0x30	0x0
09555110	DB69BD41	2B17DAC9	0x40	0x0
095551B0	4E0B6795	2B17DAC9	0x38	0x0
09555250	23DA033A	2B17DAC9	0x28	0x0
095552F0	6A4EFE19	2B17DAC9	0x38	0x0
09555390	BF5DFE96	2B17DAC9	0x60	0x0
09555430	0F121A75	2B17DAC9	0x38	0x0
095554D0	590F1EC2	2B17DAC9	0x40	0x0
09555570	B995973D	2B17DAC9	0x38	0x0
09555610	E445BCDA	2B17DAC9	0x38	0x0
095556B0	4AEC4FAE	2B17DAC9	0x28	0x0
09555750	F528A40F	2B17DAC9	0x38	0x0
095557F0	584EDD87	2B17DAC9	0x28	0x0
09555890	806FD9E5	2B17DAC9	0x38	0x0
09555930	6DC09A47	2B17DAC9	0x38	0x0
095559D0	007BD1C5	2B17DAC9	0x28	0x0
09555A70	FA40AF6F	2B17DAC9	0x28	0x0
09555B10	BD2DD037	2B17DAC9	0x30	0x0
09555BB0	3A25D037	2B17DAC9	0x30	0x0
09555C50	0D627AB8	2B17DAC9	0x28	0x0
09555CF0	B807FE70	2B17DAC9	0x48	0x0
09555D90	FD6DE93E	2B17DAC9	0x30	0x0
09555E30	C7599655	2B17DAC9	0x28	0x0
09555ED0	A5668764	2B17DAC9	0x30	0x0
09555F70	527FE28F	2B17DAC9	0x38	0x0
09556010	B711B86D	2B17DAC9	0x28	0x0
095560B0	F1D91BD8	2B17DAC9	0x40	0x0
09556150	CB37D13D	2B17DAC9	0x38	0x0
095561F0	8DC30848	00000002	0x148	0x0
09556290	35172D3B	2B17DAC9	0x170	0x0
09556330	F5422FFC	2B17DAC9	0x48	0x0
095563D0	8491AFAF	2B17DAC9	0x38	0x0
09556470	931FAF39	2B17DAC9	0x28	0x0
09556510	67B8E0E6	2B17DAC9	0x58	0x0
095565B0	B1BA9EF7	2B17DAC9	0xA0	0x0
09556650	33CD8765	2B17DAC9	0x40	0x0
095566F0	811F7E21	2B17DAC9	0x28	0x0
09556790	CB827F8E	2B17DAC9	0x40	0x0
09556830	57072367	00000002	0x10	0x0
095568D0	8C50918D	2B17DAC9	0x30	0x0
09556970	B0DFB2BA	2B17DAC9	0x38	0x0
09556A10	FA2C777D	2B17DAC9	0x30	0x0
09556AB0	4D5748AF	FB9B64F4	0x40	0x0
09556B50	0D14405C	FB9B64F4	0x40	0x0
09556BF0	352941FD	FB9B64F4	0x40	0x0
09556C90	A9FA8B4E	2B17DAC9	0x58	0x0
09556D30	69CAEB6B	2B17DAC9	0x28	0x0
09556DD0	F7302BDB	2B17DAC9	0xA8	0x0
09556E70	322F86CB	2B17DAC9	0xA0	0x0
09556F10	3C1927EC	2B17DAC9	0x38	0x0
09556FB0	C5F2AC54	2B17DAC9	0x30	0x0
09557050	39C32D96	2B17DAC9	0x40	0x0
095570F0	B00B748C	2B17DAC9	0x28	0x0
09557190	BE283B1F	2B17DAC9	0x30	0x0
09557230	431116AD	2B17DAC9	0x28	0x0
095572D0	3FD35024	2B17DAC9	0x50	0x0
09557370	5FBB76F8	2B17DAC9	0x60	0x0
09557410	FEF241E9	2B17DAC9	0x58	0x0
095574B0	02AC5457	2B17DAC9	0x60	0x0
09557550	D2B7C25A	2B17DAC9	0x50	0x0
095575F0	4CC3A841	2B17DAC9	0x48	0x0
09557690	5D8CF599	2B17DAC9	0x28	0x0
09557730	99BEEC71	2B17DAC9	0x28	0x0
095577D0	E6C6F66E	2B17DAC9	0x48	0x0
09557870	D3B8E22F	00000001	0x28	0x0
09557910	B3D975A4	2B17DAC9	0x38	0x0
095579B0	C7F01FEE	2B17DAC9	0x28	0x0
09557A50	EBEC5DD2	2B17DAC9	0x28	0x0
09557AF0	EECF404A	2B17DAC9	0x40	0x0
09557B90	0D125AD2	2B17DAC9	0x28	0x0
09557C30	AC7DBB59	00000001	0x18	0x0
09557CD0	41F0C0EE	2B17DAC9	0x38	0x0
09557D70	C2D24311	2B17DAC9	0x28	0x0
09557E10	2EF2A8FD	2B17DAC9	0x38	0x0
09557EB0	410A02AA	2B17DAC9	0x40	0x0
09557F50	7E1BA859	2B17DAC9	0x38	0x0
09557FF0	FB9B64F4	2B17DAC9	0x40	0x0
09558090	67D20A5B	2B17DAC9	0x68	0x0
09558130	7C0DBF1B	2B17DAC9	0x40	0x0
095581D0	EA36A324	2B17DAC9	0x38	0x0
09558270	B7230736	2B17DAC9	0x48	0x0
09558310	60224232	2B17DAC9	0x38	0x0
095583B0	1E471D61	2B17DAC9	0x40	0x0
09558450	0EC794E2	2B17DAC9	0x38	0x0
095584F0	E5A08563	2B17DAC9	0x28	0x0
09558590	808B433F	2B17DAC9	0xA0	0x0
09558630	979F4ECE	2B17DAC9	0x38	0x0
095586D0	7EFE1188	2B17DAC9	0x30	0x0
09558770	3DB32FBA	2B17DAC9	0xC8	0x0
09558810	23FFFAA6	2B17DAC9	0x30	0x0
095588B0	714AEFC8	2B17DAC9	0x28	0x0
0955A6B0	2081EA03	00000001	0x28	0x0
0955A7F0	53A04888	00000001	0x20	0x0
0955A890	9EB2DD84	00000002	0x28	0x0
0955AA10	AE4B1016	9EB2DD84	0xA0	0x0
0955AAB0	A81A6A7F	00000002	0x38	0x0
0955AB50	8DE62249	00000002	0x80	0x0
0955ABF0	C1108AEE	00000001	0x10	0x0
0955AC90	32298128	00000001	0x48	0x0
0955AD30	DE64E923	00000002	0x40	0x0
0955ADD0	DDDEB15B	00000001	0x10	0x0
0955AE70	7A804B69	00000001	0x18	0x0
0955AF10	094CA512	00000001	0xF8	0x0
0955AFB0	890270C2	00000001	0x30	0x0
0955B050	9FF06364	00000001	0x10	0x0
0955B0F0	3C74EA7B	00000001	0x10	0x0
0955B190	C5B84549	00000001	0x30	0x0
0955B230	28A603CE	00000001	0x50	0x0
0955B2D0	6E2B4DB1	DE64E923	0x40	0x0
0955B370	05536BB4	DE64E923	0x40	0x0
0955B410	0A4C9489	00000001	0x20	0x0
0955C3D0	54C190A2	00000002	0x28	0x0
0955C470	B37ED4B9	00000002	0x40	0x0
0955C510	BA632A78	00000002	0x30	0x0
0955C5B0	53C474E8	00000002	0x30	0x0
0955C650	BDB3DC04	00000002	0x38	0x0
0955C6F0	33AFD807	00000002	0x30	0x0
0955C790	013F742F	00000001	0x18	0x0
0955C830	4443DC3E	00000001	0x10	0x0
09580D80	A69E4386	CAE95025	0x370	0x20
09580E30	7EDAAB74	7DF07EA7	0x3C0	0x20
09580ED0	5644C87F	7DF07EA7	0x2B0	0x20
09580F80	D839E268	7DF07EA7	0x438	0x20
09581020	D571F90A	7DF07EA7	0x2D0	0x20
095810D0	059648D5	7DF07EA7	0x218	0x20
09581180	5D621856	8F2CBBBA	0x1558	0x20
09581230	EB9D9BC9	1F4B1328	0x448	0x20
095812D0	FC1DFB0D	7DF07EA7	0x1B8	0x20
09581380	84C5EE35	7DF07EA7	0x1B8	0x20
09581420	CAE95025	F16F3B6F	0x370	0x20
095814C0	B22CC0B5	7DF07EA7	0x250	0x20
09581570	B6E07575	7DF07EA7	0x220	0x20
09581610	7B8D1BCD	7DF07EA7	0x2F8	0x20
095816C0	D19EB2D4	7DF07EA7	0x280	0x20
09581760	19362348	1F4B1328	0x290	0x20
09581800	1F4B1328	7DF07EA7	0x228	0x20
095818B0	4029E6AE	7DF07EA7	0x3B8	0x20
09581950	CC586D4A	1F4B1328	0x348	0x20
09581A00	A23FCD3D	3591E249	0x3F8	0x20
09581AC0	7C1D8BE9	8D7F33FC	0x1E0	0x20
09581B60	86EB450A	35A02C34	0x1B8	0x20
09581C00	8D7F33FC	35A02C34	0x170	0x20
09581CB0	8C89D0DD	8D7F33FC	0x1E0	0x20
09581D50	35A02C34	F16F3B6F	0x170	0x20
09581DF0	4433B66A	35A02C34	0x288	0x20
09581EA0	E6DBCF6B	7DF07EA7	0x6A0	0x20
09581F40	2F0FA0B5	E6DBCF6B	0x6E8	0x20
09581FF0	868D075F	7DF07EA7	0x5D8	0x20
09582090	FEE4759A	7DF07EA7	0x1A98	0x20
09582140	DA86CE85	7DF07EA7	0x2A0	0x20
095821E0	507DC2EC	7DF07EA7	0x2268	0x20
09582290	F9789C28	1F4B1328	0x268	0x20
09582330	04877609	FEE4759A	0x1AD8	0x20
095823E0	CA10AECD	7DF07EA7	0x1F8	0x20
09582480	E162A6A3	7DF07EA7	0x8C8	0x20
09582530	B631BC8C	E162A6A3	0x910	0x20
095825D0	D3D3F022	E6DBCF6B	0x6E8	0x20
09582680	8FE59CC6	1F4B1328	0x298	0x20
09582720	3D328332	1F4B1328	0x2B0	0x20
095827D0	9DE70FD6	7DF07EA7	0x530	0x20
09582870	8211F572	7DF07EA7	0x1F8	0x20
09582920	84299CAD	7DF07EA7	0x8B0	0x20
095829C0	EF953B76	FEE4759A	0x1AD8	0x20
09582A60	3591E249	7DF07EA7	0x390	0x20
09582B10	AF802229	F16F3B6F	0x1D8	0x20
09582BB0	5E2209AD	7DF07EA7	0x398	0x20
09582C60	0186C7AC	7DF07EA7	0x358	0x20
09582D00	8F2CBBBA	7DF07EA7	0x1020	0x20
09582DA0	F033F1E9	1F4B1328	0x298	0x20
09582E50	B6BC2554	7DF07EA7	0x1B8	0x20
09582EF0	9517EC83	7DF07EA7	0x1F8	0x20
09582FA0	87F513C9	7DF07EA7	0x1B8	0x20
09583040	7DF07EA7	F16F3B6F	0x1B8	0x20
095830E0	D575F826	7DF07EA7	0x280	0x20
09583190	B7E60721	7DF07EA7	0x1B8	0x20
09583230	5F44ACAE	F16F3B6F	0x170	0x20
095832E0	6FF07D27	5F44ACAE	0x208	0x20
09589B90	7D2EA947	5A33CC2B	0x320	0x20
09589C30	799FC5A3	00000001	0x5C	0x20
09589CD0	3849F902	5A33CC2B	0x2F0	0x20
09589D70	5A33CC2B	11708E71	0x270	0x20
09589E10	A0083E38	1957B912	0x320	0x20
09589EB0	1957B912	5A33CC2B	0x310	0x20
09589F50	BD8B9AE9	5A33CC2B	0x630	0x20
09589FF0	796B31C9	5A33CC2B	0x370	0x20
0958A090	1B89B047	5A33CC2B	0x330	0x20
0958A130	54221538	11708E71	0x220	0x20
0958A1D0	6A0E517D	11708E71	0x138	0x20
0958C070	00187234	C2C3B4DA	0x48	0x20
0958C110	B1E5D868	BB96607D	0x40	0x20
0958C1B0	9F9FCE56	AD6A937A	0x88	0x30
0958C250	51F87002	AD6A937A	0x60	0x30
0958C2F0	23D8F70C	AD6A937A	0x58	0x30
0958C390	17BC715E	FA6F25A3	0x38	0x20
0958C430	B82A242E	FA6F25A3	0x20	0x20
0958C4D0	10DDD68F	FA6F25A3	0x20	0x20
0958C570	D7E14239	AD6A937A	0x50	0x30
0958C610	540A9557	AD6A937A	0x58	0x30
0958C740	E8D5E220	00000001	0x18	0x30
0958C7E0	A57FC5CE	00000001	0x10	0x30
0958C880	CEE4C34A	00000001	0x18	0x30
0958C920	5BA21ED4	00000001	0x1C	0x30
0958C9C0	4D4A0AFE	AD6A937A	0xC0	0x30
0958CA60	73F0BDF8	AD6A937A	0x48	0x30
095913A0	F10BE53F	C62E24DD	0xF8	0x0
09591440	332AC80E	FA6F25A3	0x28	0x0
095914E0	FAEE07B1	FA6F25A3	0x18	0x0
09591580	A7C93E84	332AC80E	0x28	0x0
09591620	F6F19ABD	FA6F25A3	0x18	0x0
095916C0	5B34F79E	F6F19ABD	0x20	0x0
09591760	B51A4279	F6F19ABD	0x20	0x0
09591800	C326355E	F6F19ABD	0x28	0x0
095918A0	22073212	F6F19ABD	0x28	0x0
09591940	1D89F365	00000001	0x18	0x10
095919E0	EFF39660	AD6A937A	0x48	0x10
09591AE0	3ECC5233	00000002	0x50	0x10
09591B80	3FC00B45	00000001	0xC	0x10
09591C30	0434525D	00000002	0xC0	0x0
09591CD0	53DED105	00000001	0x10	0x10
09591E50	48FD6A6B	00000002	0x60	0x10
09604160	D7372903	00000001	0x18	0x30
09604200	2D9A2F57	AD6A937A	0x88	0x30
096042A0	0F356D1E	FE135918	0x170	0x20
09604340	F5A2D0D9	00000001	0x10	0x20
096043E0	9386A473	437A601A	0x140	0x20
09604480	1A3E5251	FE135918	0x30	0x20
09604520	13786EEB	CF7623E2	0x38	0x20
096045C0	B72D91F6	00000001	0x8	0x20
096046D0	C9229666	CF7623E2	0x30	0x20
09604770	57C81875	CF7623E2	0x158	0x20
09604810	C56CD55A	FE135918	0x60	0x20
096048B0	BE1146BB	FE135918	0xE0	0x20
09604950	CDFDED63	00000001	0x18	0x20
096049F0	6EFD7F58	CF7623E2	0x30	0x20
09604A90	BDE6C0AF	00000001	0x18	0x20
09604B30	6D192C11	FE135918	0x38	0x20
09604BD0	E29DA5F5	FE135918	0x138	0x20
09604C70	64AF12F8	00000001	0x10	0x20
09604D10	5A518BFE	FE135918	0x30	0x20
09604DB0	DB993649	00000001	0x10	0x20
09604E50	92B78159	CF7623E2	0x30	0x20
09604EF0	752802A0	FE135918	0x30	0x20
09604F90	CE75E227	FE135918	0x30	0x20
09605030	7812F6CB	CF7623E2	0x1A0	0x20
096050D0	61A3868F	CF7623E2	0x160	0x20
09605180	521BC111	00000001	0x10	0x20
09605220	64E4F9C6	4C3AE4C1	0x6C0	0x20
09605370	86F68697	FE135918	0x38	0x20
09605410	4B7E123F	00000002	0x28	0x20
096054B0	7F7475B5	4B7E123F	0x38	0x20
09605550	2464AD19	7F7475B5	0x60	0x20
096055F0	C5ECDC30	7F7475B5	0x40	0x20
09605690	786BC33E	4B7E123F	0x60	0x20
09605730	1B4CC68F	4B7E123F	0x28	0x20
096057D0	E54CF8CD	4B7E123F	0x38	0x20
09605870	3DF58275	E54CF8CD	0x48	0x20
09605910	A112068C	4B7E123F	0x50	0x20
096059B0	E0944C61	BB96607D	0x30	0x20
09605A50	E9177A1D	BB96607D	0x70	0x20
09605AF0	5EACE9AD	A5092AB9	0xA0	0x20
09605B90	EDB9ECD4	A5092AB9	0x88	0x20
09605C30	68EB12A0	84961B2D	0xDB0	0x20
09605CD0	D4DFF60F	E631E219	0xD28	0x20
09605D70	F1E505A1	E631E219	0xAB0	0x20
09605E10	C1711E7A	E631E219	0x310	0x20
09605EB0	0D16912A	E631E219	0x4B8	0x20
09605F50	9FFC2F16	EEDDF903	0x98	0x20
09605FF0	3D6A4987	809104DA	0x9D0	0x20
09606090	868A6B72	E631E219	0x928	0x20
09606130	A5092AB9	00000002	0x88	0x20
096061D0	84961B2D	E631E219	0xCD0	0x20
09606270	716CD5ED	E631E219	0x1030	0x20
09606310	C9426638	E631E219	0x460	0x20
096063B0	B2330275	E631E219	0x818	0x20
09606450	F4AB2197	E631E219	0xE50	0x20
096064F0	26DA0E80	00000001	0x38	0x20
09606590	C199F8AB	00000001	0xC8	0x20
09606630	B97F7291	00000002	0x20	0x20
096066D0	BC7E8B3A	B97F7291	0x28	0x20
09606770	F42686F9	E631E219	0x1168	0x20
09606D50	94845394	E631E219	0x980	0x20
09606DF0	F883F8B4	4CC85C37	0xAE0	0x20
09606E90	562050BC	E631E219	0x3A80	0x20
09606F30	14722DE6	E631E219	0x1848	0x20
09606FD0	2814A5C0	E631E219	0x1BE8	0x20
09607070	21BAAD30	E631E219	0x780	0x20
09607110	557E451D	E631E219	0xF98	0x20
096071B0	509FC702	E631E219	0x410	0x20
09607250	454EA2CB	22E0BE5A	0x3A8	0x20
096072F0	DAE165B1	E631E219	0x398	0x20
09607390	D4F544DF	E631E219	0x8D8	0x20
09607430	0A8438A4	00000002	0x18	0x20
096074D0	ECDBE3FA	D4F544DF	0x970	0x20
09607570	AC21F18E	E631E219	0xC30	0x20
09607610	60219C79	00000002	0x38	0x20
096076B0	4E0EABB4	B1322FCD	0x6C0	0x20
09607750	26591AF0	E631E219	0xA80	0x20
096077F0	7C55E661	E631E219	0x4E0	0x20
09607890	23491D38	069A8BBE	0xDE0	0x20
09607930	1B739A75	00000001	0x20	0x20
096079D0	2A9889D2	00000001	0x20	0x20
09607A70	5BC7D41B	00000001	0xC	0x20
09607B10	CC1C6E10	CF7623E2	0x30	0x20
09607BB0	AD1E091D	E631E219	0x980	0x20
09607C50	DF744071	22E0BE5A	0x50	0x20
09607CF0	9D865902	DF744071	0x60	0x20
09607D90	348C9A67	DF744071	0xA0	0x20
09607E30	340995B1	A5092AB9	0xC0	0x20
09607ED0	FC16D94A	84961B2D	0xD18	0x20
09607F70	8A05DDDC	EEDDF903	0x90	0x20
09608010	C3E2A423	4254A7D4	0x50	0x20
096080B0	82A559B1	809104DA	0x548	0x20
09608150	C673A942	E631E219	0x1630	0x20
096081F0	5A99BEB8	00000002	0x60	0x20
09608290	770BE273	5A99BEB8	0x78	0x20
09608330	D81DAD40	5A99BEB8	0xA0	0x20
096083D0	9DBD9B49	E631E219	0x318	0x20
09608470	855029CE	E631E219	0x4D10	0x20
09608510	376D7813	4CC85C37	0x1740	0x20
09608B30	DDABFE14	E631E219	0x768	0x20
09608BD0	C55E4BEC	00000002	0x68	0x20
09608C70	031DAE2B	C55E4BEC	0x70	0x20
09608D10	13763DB3	C55E4BEC	0x70	0x20
09608DB0	7472FA0C	C55E4BEC	0x70	0x20
09608E50	7F79FB99	7472FA0C	0x70	0x20
09608EF0	A1226D6B	7472FA0C	0x70	0x20
09608F90	76B37CDA	E631E219	0xE48	0x20
09609540	16644D78	E631E219	0x3B8	0x20
096095E0	9B655BB3	00000002	0x20	0x20
09609680	F1F02C4B	00000002	0x38	0x20
09609720	C1EDE547	E631E219	0x1B8	0x20
096097C0	56DCDFE4	E631E219	0x570	0x20
09609860	934956C3	4B7E123F	0x30	0x20
09609900	0DE80BE5	EEDDF903	0xC0	0x20
096099A0	042E8CC2	809104DA	0x4D8	0x20
09609A40	BD90C7D5	4254A7D4	0x48	0x20
09609AE0	DB5F6FF5	EEDDF903	0x90	0x20
09609B80	448287C5	809104DA	0xE10	0x20
09609C20	E75EDB53	22E0BE5A	0x70	0x20
09609CC0	167CFCE9	D37FBDCB	0x1210	0x20
09609D60	97EDB661	E631E219	0x188	0x20
09609E00	444FA315	E631E219	0x3D8	0x20
09609EA0	921DA285	042E8CC2	0x508	0x20
09609F40	17EC1D73	E631E219	0xDD8	0x20
09609FE0	0C78043A	00000002	0x20	0x20
0960A080	FFDC0893	E631E219	0xE18	0x20
0960A120	B072D07C	00000002	0x28	0x20
0960A1C0	4078B15C	E631E219	0xDE8	0x20
0960A260	F5941D9B	E631E219	0xE58	0x20
0960A300	7F1BBAB6	00000001	0x8	0x20
0960A3A0	7AD31F41	E631E219	0xE18	0x20
0960A440	B8FBF413	EEDDF903	0x90	0x20
0960A4E0	FEB3DE80	00000002	0x110	0x20
0960A580	27A4BD9B	809104DA	0x9A8	0x20
0960A620	E70573C4	EEDDF903	0x90	0x20
0960A6C0	110AB957	809104DA	0x4D8	0x20
0960A760	60A8854B	D645DA12	0x4D8	0x20
0960A800	F66C6654	EEDDF903	0xA8	0x20
0960A8A0	7F6932DE	00000001	0x20	0x20
0960A940	D645DA12	809104DA	0x4D0	0x20
0960A9E0	4CC85C37	E631E219	0x640	0x20
0960AA80	5D0A6CE5	EEDDF903	0x90	0x20
0960AB20	B45AF049	809104DA	0x4B8	0x20
0960ABC0	CFF4B105	EEDDF903	0xB8	0x20
0960AC60	9847BC9D	00000001	0x20	0x20
0960AD00	B62FF915	809104DA	0x970	0x20
0960ADA0	83169D90	4B7E123F	0x40	0x20
0960AE40	D25E5EEE	83169D90	0x58	0x20
0960AEE0	0F4A373D	D25E5EEE	0x68	0x20
0960AF80	6FDD2DED	83169D90	0x58	0x20
0960B020	48328609	4B7E123F	0x50	0x20
0960B0C0	C40E7CF7	4B7E123F	0x50	0x20
0960B160	81C5BF81	4B7E123F	0x88	0x20
0960B200	9508ADB1	83169D90	0x60	0x20
0960B2A0	365D9073	83169D90	0x60	0x20
0960B340	DB55AC55	E631E219	0xD78	0x20
0960B3E0	F5DB4F29	00000001	0xC	0x20
0960B480	28DA2714	00000001	0xC	0x20
0960B520	99424FE7	00000001	0x10	0x20
0960B5C0	81D42124	00000001	0x70	0x20
0960B660	74341FDB	E631E219	0x340	0x20
0960B900	993F5658	E631E219	0x220	0x20
0960B9A0	2F90597C	00000001	0x10	0x20
0960BA40	5E1A857F	00000002	0x20	0x20
0960BAE0	D60284CD	E631E219	0x4D8	0x20
0960BB80	F98213E7	E631E219	0xBC0	0x20
0960BC20	93C435AB	4254A7D4	0x50	0x20
0960BCC0	CCE9F7A0	EEDDF903	0xD8	0x20
0960BD60	98EE8D7F	809104DA	0x8D0	0x20
0960BE00	C5B86F4F	22E0BE5A	0xF0	0x20
0960BEA0	F172F405	4CC85C37	0x1710	0x20
0960BF40	B1322FCD	C288718F	0x6C0	0x20
0960BFE0	EBDAC2EF	993F5658	0x380	0x20
0960C080	A0A44DC0	EEDDF903	0x90	0x20
0960C120	47091AEB	809104DA	0x10E0	0x20
0960C1C0	5EF80DD0	E631E219	0x280	0x20
0960C260	59E732A5	00000001	0x18	0x20
0960C300	0827F3B9	E631E219	0x238	0x20
0960C3A0	2D044C02	E631E219	0xE40	0x20
0960C440	B53E33DC	EEDDF903	0x90	0x20
0960C4E0	424DEDEC	809104DA	0x520	0x20
0960C580	B89D0AFA	E631E219	0x828	0x20
0960C620	2025E759	E631E219	0x338	0x20
0960C6C0	D9A60DEF	E631E219	0x660	0x20
0960C760	17843753	00000001	0x10	0x20
0960C800	3D0DF255	993F5658	0x450	0x20
0960C8A0	108CD865	E631E219	0x2598	0x20
0960C940	A29F9FE0	E631E219	0x8C8	0x20
0960DB60	94F537CE	E631E219	0x1350	0x20
0960DC00	0EBF9420	00000001	0x38	0x20
0960DCA0	BE64BFD3	22E0BE5A	0xD8	0x20
0960DD40	E631E219	FC860559	0x188	0x20
0960DDE0	32EEE673	4CC85C37	0xBA8	0x20
0960DE80	AE8A9E5F	E631E219	0x378	0x20
0960DF20	D2BBD55D	E631E219	0x1468	0x20
0960DFC0	804A02B2	00000002	0x20	0x20
0960E060	A2D35C18	E631E219	0x8D8	0x20
0960E100	E94C0AD6	E631E219	0x4F0	0x20
0960E1A0	C3274309	E631E219	0x880	0x20
0960E240	5F395744	E631E219	0x938	0x20
0960E2E0	8908AD5C	E631E219	0x2F8	0x20
0960E380	F9A858A6	C288718F	0x590	0x20
0960E420	A390E1DD	4254A7D4	0x50	0x20
0960E4C0	92103C8A	4254A7D4	0x50	0x20
0960E560	BCBEC062	4254A7D4	0x58	0x20
0960E600	99AF9A4F	00000002	0x20	0x20
0960E6A0	B1E2BF57	EEDDF903	0x90	0x20
0960E9E0	DAADF8C3	809104DA	0x9B0	0x20
0960EA80	4254A7D4	00000002	0x48	0x20
0960EE00	EEDDF903	4B7E123F	0x88	0x20
0960EEA0	809104DA	E631E219	0x4B8	0x20
0960EF40	F59F9A59	22E0BE5A	0x198	0x20
0960EFE0	31A78AD5	00000002	0x28	0x20
0960F080	5765A226	E631E219	0x4A0	0x20
0960F120	CF1413F5	E631E219	0x4C30	0x20
0960F1C0	6C28D8D6	E631E219	0x780	0x20
0960F260	86914F66	E631E219	0x620	0x20
0960F300	8AECC2F7	E631E219	0x8D0	0x20
0960F3A0	D5A0460C	E631E219	0x790	0x20
0960F440	DB51C090	EEDDF903	0x90	0x20
0960F4E0	5915812F	809104DA	0x590	0x20
0960F580	4A06733B	E631E219	0x2A0	0x20
0960F620	B25596ED	E631E219	0x2E0	0x20
0960F6C0	739D26D7	E631E219	0x310	0x20
0960F760	C288718F	E631E219	0x590	0x20
0960F800	49C816E6	E631E219	0xE68	0x20
0960F8A0	D37FBDCB	E631E219	0xE58	0x20
0960F940	F482D131	00000002	0x18	0x20
0960F9E0	A33B643E	22E0BE5A	0x180	0x20
0960FA80	7EC47AAB	A112068C	0x58	0x20
0960FB20	72874944	4B7E123F	0x38	0x20
0960FBC0	F3DBC620	E631E219	0x1218	0x20
0960FC60	E29D7C72	00000001	0x10	0x20
0960FD00	069A8BBE	E631E219	0x5E8	0x20
0960FDA0	453A1A6D	E631E219	0xA30	0x20
0960FE40	3289889D	E631E219	0x1A50	0x20
0960FEE0	D7C6EB5E	00000001	0x8	0x20
0960FF80	FC74598F	E631E219	0x2B8	0x20
09610020	C3ED308B	22E0BE5A	0x78	0x20
096100C0	2C0124CC	E631E219	0x2C8	0x20
09610160	C243B5C6	EEDDF903	0x90	0x20
09610200	AC67D59D	809104DA	0x4F8	0x20
096102A0	425F78B1	C288718F	0x598	0x20
09610340	8501C8F6	C288718F	0x598	0x20
096103E0	D9AB2572	E631E219	0x588	0x20
0961D130	EAF0D57D	CB0F23F4	0x30	0x20
0961D1D0	832F5EF4	6915F913	0x50	0x20
0961D270	0F6A0808	49EABE01	0xD8	0x20
0961D310	16458D6F	CF7623E2	0x38	0x20
0961D490	25C50385	CF7623E2	0x38	0x20
0961D680	1D5286A7	437A601A	0x38	0x20
0961D720	E57ECA66	CF7623E2	0x28	0x20
0961D7C0	816C58F0	E57ECA66	0x30	0x20
0961D860	515F85FE	CB0F23F4	0x50	0x20
0961D900	FD28B997	437A601A	0x28	0x20
0961D9A0	6173040D	6915F913	0x50	0x20
0961DA40	80682D30	CB0F23F4	0x38	0x20
0961DAE0	21AACC3F	CB0F23F4	0x38	0x20
0961DB80	9969E9D1	CB0F23F4	0x30	0x20
0961DC20	CBD0903A	6915F913	0x50	0x20
0961DCC0	40ADD723	6915F913	0x70	0x20
0961DD60	1EEFA7A7	CB0F23F4	0xD0	0x20
0961DE00	8C329BB8	CB0F23F4	0x30	0x20
0961DEA0	0126A0B8	6915F913	0x78	0x20
0961DF40	FD2CF098	AD6A937A	0x58	0x30
0961DFE0	F1185E37	C8B9E8EF	0x68	0x20
0961E080	6B91580B	2E79B04A	0x148	0x20
0961E120	ED579B50	6915F913	0x60	0x20
0961E1C0	FB9EA3F3	9E28B666	0x60	0x20
0961E260	6563AB2F	CB0F23F4	0x30	0x20
0961E300	C3D22637	6915F913	0x840	0x20
0961E3A0	5C6EFB69	CB0F23F4	0xD0	0x20
0961E440	914E3B9A	CB0F23F4	0x28	0x20
0961E4E0	E4B1D731	CB0F23F4	0x38	0x20
096599E0	E00BCD6D	D81981F4	0x70	0x20
09659A80	1C424EAB	D81981F4	0x168	0x20
09659B20	970AC912	D81981F4	0x50	0x20
09659BC0	118B5BAA	D81981F4	0x40	0x20
09659C60	56F437C0	D81981F4	0x48	0x20
09659D00	42C31B75	D81981F4	0x120	0x20
09659DA0	4E0F952B	D81981F4	0xC0	0x20
09659E40	DF852194	D81981F4	0x38	0x20
09659EE0	57799518	3B286B5A	0x90	0x20
09659F80	2F6BA54E	D81981F4	0x30	0x20
0965A020	F06E2B5C	3B286B5A	0x58	0x20
0965A0C0	FEB9E0BB	3B286B5A	0x58	0x20
0965A160	CFE3C7C6	3B286B5A	0x110	0x20
0965A200	0CB6FD46	D81981F4	0x40	0x20
0965A2A0	CD58EDBB	3B286B5A	0x90	0x20
0965A340	15FABB63	3B286B5A	0x68	0x20
0965A3E0	D092A0A1	3B286B5A	0x68	0x20
0965A480	CBABA19A	B1C2C71E	0xA0	0x20
0965A520	6A67E4ED	00000001	0x18	0x20
0965A5C0	FE1E88C5	00000002	0x30	0x20
0965A660	97CA9DDD	3B286B5A	0x1A8	0x20
0965A700	0235E76A	D81981F4	0x50	0x20
0965A7A0	B7B003AC	0235E76A	0x58	0x20
0965A840	2C0C941B	D81981F4	0x38	0x20
0965A8E0	3C01C976	D81981F4	0x48	0x20
0965A980	58F28262	3B286B5A	0x88	0x20
0965AA20	F84160B2	00000002	0x20	0x20
0965AAC0	0DD74969	D81981F4	0x48	0x20
0965AB60	D5816A62	D81981F4	0x38	0x20
0965AC00	B37A7BDE	3B286B5A	0xB0	0x20
0965ACA0	4D152DD7	437A601A	0x38	0x20
0965AD40	36202D10	D81981F4	0x40	0x20
0965ADE0	BA00EED5	D81981F4	0xA0	0x20
0965AE80	432B7BA0	BA00EED5	0xA0	0x20
0965AF20	55551734	3B286B5A	0x58	0x20
0965AFC0	67C75723	3B286B5A	0x68	0x20
0965B060	A147418E	3B286B5A	0x170	0x20
0965B100	8B122883	00000002	0x18	0x20
0965B1A0	E3E78089	D81981F4	0x70	0x20
0965B240	906C6977	D81981F4	0x38	0x20
0965B2E0	468F8FDB	D81981F4	0x38	0x20
0965B380	727EF87B	D81981F4	0x38	0x20
0965B420	4FA3ABE1	D64F6CD9	0xF0	0x20
0965B4C0	1A3D3CB2	D81981F4	0x30	0x20
0965B560	08DFD931	3B286B5A	0x60	0x20
0965B600	CD6F7108	B1C2C71E	0x70	0x20
0965B6A0	3B286B5A	D81981F4	0x58	0x20
0965B740	DD69CA27	CF7623E2	0x60	0x20
0965B7E0	094507C0	D81981F4	0x38	0x20
0965B880	40A85B3B	D81981F4	0xA0	0x20
0965B920	DF9F45E1	3B286B5A	0x70	0x20
0965B9C0	0B74CB65	3B286B5A	0x60	0x20
0965BA60	5F08D330	3B286B5A	0x68	0x20
0965BB00	1756C5F4	D81981F4	0x28	0x20
0965BBA0	499055B1	3B286B5A	0x110	0x20
0965BC40	F6299890	00000002	0x18	0x20
0965BCE0	2F72C636	D81981F4	0x2B8	0x20
0965BD80	7D397337	00000002	0x58	0x20
0965BE20	F19801BC	00000002	0x18	0x20
0965BEC0	AE524FF8	00000002	0x20	0x20
0965BF60	FDE0D983	FE135918	0x58	0x20
0965C000	D63E48E4	00000001	0xC	0x20
0965C0A0	F16042B9	FE135918	0x38	0x20
0965C140	A899D567	FE135918	0x50	0x20
0965C1E0	23A219B3	00000002	0x20	0x20
0965C280	A86594C3	D81981F4	0x40	0x20
0965C320	3B21E552	D81981F4	0x58	0x20
0965C3C0	59DB060A	D81981F4	0x38	0x20
0965C460	3698B726	D81981F4	0x40	0x20
0965C500	F16F4DC6	D81981F4	0x40	0x20
0965C5A0	97BA67D0	D81981F4	0x30	0x20
0965C640	D64F6CD9	D81981F4	0xE0	0x20
0965C6E0	31C08469	3B286B5A	0x70	0x20
0965C780	E3CB681E	437A601A	0xC0	0x20
0965C820	5312544B	BB96607D	0x70	0x20
0965C8C0	3F80849D	D81981F4	0xA8	0x20
0965C960	B98FC488	00000002	0x18	0x20
0965CA00	1B3DAB50	D81981F4	0xB8	0x20
0965CAA0	F7D8A6A1	00000002	0x18	0x20
0965CB40	761D4B06	D81981F4	0x50	0x20
0965CBE0	1E65C014	0EC6C309	0x60	0x20
0965CC80	7E97DA0E	CA27F078	0x108	0x20
0965CD20	A0CF552C	0EC6C309	0x78	0x20
0965CDC0	426311FE	CA27F078	0x2D8	0x20
0965CE60	DEF697A4	426311FE	0x3B8	0x20
0965CF00	5B541623	00000002	0x20	0x20
0965CFA0	E3FB4665	D9837CA6	0x4E0	0x20
0965D040	413AA792	D9837CA6	0x180	0x20
0965D0E0	F1D3A28B	D9837CA6	0x120	0x20
0965D180	3E27D0B1	D81981F4	0x38	0x20
0965D220	E2CA87CD	D9837CA6	0x178	0x20
0965D2C0	96EEA4D1	FF620BA1	0x68	0x20
0965D360	B61DB486	4A31900D	0xA0	0x20
0965D400	9B40A6F5	9B6F93D1	0x1020	0x20
0965D4A0	A394D2EC	9B6F93D1	0x9C0	0x20
0965D540	9B6F93D1	A2108C41	0x120	0x20
0965D5E0	8EE1410B	4A31900D	0xF0	0x20
0965D680	63487C44	D1857CCA	0x70	0x20
0965D720	4C57E732	A1628DF6	0x70	0x20
0965D7C0	48FE6604	4A31900D	0xA0	0x20
0965D860	881A8C07	D1857CCA	0x70	0x20
0965D900	FF975D5C	A1628DF6	0x70	0x20
0965D9A0	D54C3FA6	4A31900D	0xB0	0x20
0965DA40	FAC5CDD4	D1857CCA	0x70	0x20
0965DAE0	E47D7677	A1628DF6	0x70	0x20
0965DB80	3FBA2408	D1857CCA	0x70	0x20
0965DC20	21029FAB	A1628DF6	0x70	0x20
0965DCC0	56B4D8BE	4A31900D	0xB0	0x20
0965DD60	A1AC3F93	D54C3FA6	0xC0	0x20
0965DE00	C6167F4B	FAC5CDD4	0x80	0x20
0965DEA0	E9EF3C85	E47D7677	0x70	0x20
0965DF40	05D78AC8	56B4D8BE	0xD0	0x20
0965DFE0	F9F92188	E47D7677	0x70	0x20
0965E080	3CA08FA5	4A31900D	0xA0	0x20
0965E120	144A14C2	4A31900D	0xC0	0x20
0965E1C0	05F47B42	D1857CCA	0x80	0x20
0965E260	75138A7E	A1628DF6	0x80	0x20
0965E300	38B054E2	4A31900D	0xA0	0x20
0965E3A0	4CAE6BFE	56B4D8BE	0xB0	0x20
0965E440	4B02741E	BC1E983F	0xD90	0x20
0965E4E0	A2108C41	D9837CA6	0x100	0x20
0965E580	CBF47232	BC1E983F	0xCF0	0x20
0965E620	3D52A67B	BC1E983F	0x5A0	0x20
0965E6C0	BCCDDD9C	BC1E983F	0xDA0	0x20
0965E760	E20D8869	BCCDDD9C	0x1BF0	0x20
0965E800	BC1E983F	A2108C41	0x100	0x20
0965E8A0	BF2E1B8A	BC1E983F	0xCF0	0x20
0965E940	4A31900D	3D105129	0xA0	0x20
0965E9E0	D1857CCA	B0EAD554	0x70	0x20
0965EA80	A1628DF6	30D500AE	0x70	0x20
0965EB20	9B673EC3	BEBF4A4A	0xD0	0x20
0965EBC0	C9A82BB5	4A31900D	0xB0	0x20
0965EC60	76CCF76E	D1857CCA	0x70	0x20
0965ED00	FBC9446B	A1628DF6	0x70	0x20
0965EDA0	5AA2994B	BEBF4A4A	0xE0	0x20
0965EE40	E48600A9	530C7040	0x70	0x20
0965EEE0	AB474A40	EA45BBD2	0x70	0x20
0965EF80	BEBF4A4A	4A31900D	0xD0	0x20
0965F020	B582857C	BEBF4A4A	0xD0	0x20
0965F0C0	530C7040	D1857CCA	0x70	0x20
0965F160	EA45BBD2	A1628DF6	0x70	0x20
0965F200	21E81293	BEBF4A4A	0xE0	0x20
0965F2A0	30567D13	530C7040	0x70	0x20
0965F340	40B18C2F	EA45BBD2	0x70	0x20
0965F3E0	DDCE9AEE	3D105129	0xA0	0x20
0965F480	56199FB8	30D500AE	0x70	0x20
0965F520	EF50542A	B0EAD554	0x70	0x20
0965F5C0	F3461495	3D105129	0x90	0x20
0965F660	7CABD07F	3D105129	0xA0	0x20
0965F700	3513F074	30D500AE	0x70	0x20
0965F7A0	F2C5FD03	30D500AE	0x70	0x20
0965F840	8972C955	B0EAD554	0x70	0x20
0965F8E0	253A5507	B0EAD554	0x70	0x20
0965F980	E9EEA6C4	30D500AE	0x70	0x20
0965FA20	AD0EFCFC	3D105129	0xA0	0x20
0965FAC0	26D9F9AA	30D500AE	0x70	0x20
0965FB60	9F903238	B0EAD554	0x70	0x20
0965FC00	1B414E3D	3D105129	0xA0	0x20
0965FCA0	E3D5DEFC	30D500AE	0x70	0x20
0965FD40	93322FC0	B0EAD554	0x70	0x20
0965FDE0	58A8E4E3	3D105129	0xA0	0x20
0965FE80	B8AAC67A	30D500AE	0x70	0x20
0965FF20	6B30E7F0	B0EAD554	0x70	0x20
0965FFC0	0D359992	3D105129	0x90	0x20
09660060	78D60927	30D500AE	0x70	0x20
09660100	F5D3BA22	B0EAD554	0x70	0x20
096601A0	21562E09	3D105129	0x90	0x20
09660240	9A288A9A	30D500AE	0x70	0x20
096602E0	EACF7BA6	B0EAD554	0x70	0x20
09660380	D30892A5	3D105129	0xA0	0x20
09660420	518BB161	30D500AE	0x70	0x20
096604C0	398810BB	14206836	0x70	0x20
09660560	5EAA1355	3D105129	0xA0	0x20
09660600	E5D4B7C6	30D500AE	0x70	0x20
096606A0	953346FA	B0EAD554	0x70	0x20
09660740	BC06F82F	3D105129	0x90	0x20
096607E0	08696453	D649E9D7	0x80	0x20
09660880	72860449	A3825ABA	0xA0	0x20
09660920	A3825ABA	3D105129	0xA0	0x20
096609C0	D661CA0F	30D500AE	0x70	0x20
09660A60	6FDF260F	14206836	0x70	0x20
09660B00	99FEB35D	A3825ABA	0xA0	0x20
09660BA0	4A56B8DC	A3825ABA	0xA0	0x20
09660C40	D3A9A3F3	A3825ABA	0xA0	0x20
09660CE0	FE9C00A2	A3825ABA	0xA0	0x20
09660D80	B502D21B	A3825ABA	0xA0	0x20
09660E20	FC1BD825	3D105129	0xA0	0x20
09660EC0	95A6647F	30D500AE	0x70	0x20
09660F60	BAB9FF09	B0EAD554	0x70	0x20
09661000	0D1F81A8	3D105129	0xA0	0x20
096610A0	ED1DA331	30D500AE	0x70	0x20
09661140	3E8782BB	B0EAD554	0x70	0x20
096611E0	C2CA9E01	3D105129	0xA0	0x20
09661280	79B43A92	30D500AE	0x70	0x20
09661320	0953CBAE	B0EAD554	0x70	0x20
096613C0	A7F31BA7	3D105129	0xA0	0x20
09661460	B6B6C4EA	30D500AE	0x70	0x20
09661500	805776A0	B0EAD554	0x70	0x20
096615A0	C8313582	3D105129	0xA0	0x20
09661640	43E630D4	30D500AE	0x70	0x20
096616E0	FAAFFB46	B0EAD554	0x70	0x20
09661780	A81D8BE5	3D105129	0xA0	0x20
09661820	2A9EA821	30D500AE	0x70	0x20
096618C0	34261382	B0EAD554	0x70	0x20
09661960	B62E6F7C	3D105129	0xA0	0x20
09661A00	C3CDFFC9	30D500AE	0x80	0x20
09661AA0	0D13ED10	B0EAD554	0x80	0x20
09661B40	23F90032	30D500AE	0x80	0x20
09661BE0	446B6767	3D105129	0xB0	0x20
09661C80	F715A6F0	30D500AE	0x90	0x20
09661D20	D80A3D86	B0EAD554	0x90	0x20
09661DC0	DE0F7EB1	3D105129	0x90	0x20
09661E60	CE231B8A	30D500AE	0x80	0x20
09661F00	81E25163	B0EAD554	0x80	0x20
09661FA0	72977DA1	30D500AE	0x80	0x20
09662040	3E420CC6	B0EAD554	0x80	0x20
096620E0	4D236731	3D105129	0xA0	0x20
09662180	DF8C4031	3D105129	0xA0	0x20
09662220	77FB00F9	30D500AE	0x70	0x20
096622C0	A004A8FD	B0EAD554	0x70	0x20
09662360	5362869B	D649E9D7	0x70	0x20
09662400	BD64C98B	70E1AC38	0x15C0	0x20
096624A0	CF284C9A	70E1AC38	0x550	0x20
09662540	70E1AC38	A2108C41	0x160	0x20
096625E0	7B3CCC63	DF8C4031	0xB0	0x20
09662680	5ABCB022	D9837CA6	0xF8	0x20
09662720	471F4532	D9837CA6	0x168	0x20
096627C0	CC90F796	0D60622B	0x288	0x20
09662860	ED4C20E5	D9837CA6	0x148	0x20
09662900	F100688D	D9837CA6	0xA8	0x20
096629A0	3141D6BF	D9837CA6	0x708	0x20
09662A40	66162B01	D9837CA6	0xC8	0x20
09662AE0	ACF818FC	D81981F4	0x30	0x20
09662B80	A529AE9C	D9837CA6	0x200	0x20
09662C30	552699E0	D9837CA6	0x3E0	0x20
09662CD0	EC3E3B88	D9837CA6	0x160	0x20
09662D70	AE828960	D28F68A1	0xFA0	0x20
09662E10	B7F2A63F	0EBC846E	0x1A0	0x20
09662EB0	B4A67CFB	6D0F272C	0x8C8	0x20
09662F50	C6F5DC18	0EBC846E	0xD8	0x20
09662FF0	F058B324	4E67B23E	0x32D0	0x20
09663090	81BB2AE7	0EBC846E	0x118	0x20
09663130	CB23C3BE	0EBC846E	0x250	0x20
096631D0	A3882CD5	0EBC846E	0xD0	0x20
09663270	94B5070C	D9837CA6	0x698	0x20
09663310	CE1AA149	0D706544	0x17F0	0x20
096633B0	FBC31AFF	0EBC846E	0x210	0x20
09663450	D4FC9850	D9837CA6	0x190	0x20
096634F0	12D8B79C	D9837CA6	0xC0	0x20
09663590	379B18B5	0EBC846E	0x370	0x20
09663630	F4C96223	D9837CA6	0x8C0	0x20
096636D0	6391CFBC	0EBC846E	0xE8	0x20
09663770	EA72E0CE	D81981F4	0x28	0x20
09663810	71934B15	D9837CA6	0x118	0x20
096638B0	63DF0D91	0EBC846E	0xB8	0x20
09663950	BDA217A9	D9837CA6	0x2E0	0x20
096639F0	0D60622B	D9837CA6	0x188	0x20
09663A90	1F68B59F	D9837CA6	0xB0	0x20
09663B30	D1CA4CCC	D9837CA6	0x1E8	0x20
09663BD0	7B0A22FA	0EBC846E	0x118	0x20
09663C70	0F772F77	0EBC846E	0x370	0x20
09663D10	372EF99D	D9837CA6	0x470	0x20
09663DB0	B968A2B6	D9837CA6	0xB0	0x20
09663E50	22D74BAF	D9837CA6	0x1B8	0x20
09663EF0	95B88419	D9837CA6	0x210	0x20
09663F90	C2FD65A0	0EBC846E	0x1D8	0x20
09664030	ACD1E834	D9837CA6	0x378	0x20
096640D0	869DF691	D9837CA6	0x2F0	0x20
09664170	F7640120	D9837CA6	0x398	0x20
09664210	F0BF296C	0EBC846E	0x240	0x20
096642B0	C6E49EAC	0EBC846E	0x170	0x20
09664350	C22D697B	0EBC846E	0x140	0x20
096643F0	7C90A66A	D9837CA6	0x1B8	0x20
09664490	BA652C08	0EBC846E	0x2E0	0x20
09664530	0BFC4422	0EBC846E	0xE0	0x20
096645D0	BD3DB983	D9837CA6	0x3C8	0x20
09664670	E090870C	D9837CA6	0x540	0x20
09664710	6B6AB687	0EBC846E	0x190	0x20
096647B0	0EBC846E	D9837CA6	0x88	0x20
09664850	3F204313	D9837CA6	0x4B8	0x20
096648F0	6D0F272C	F4C96223	0x8C8	0x20
09664990	65B2FB29	0EBC846E	0x140	0x20
09664A30	BCB81040	0EBC846E	0x378	0x20
09664AD0	013C99CE	D9837CA6	0x180	0x20
09664B70	923FAE34	D9837CA6	0x90	0x20
09664C10	A8F89727	D9837CA6	0xC0	0x20
09664CB0	130180CA	F4C96223	0x8C0	0x20
09664D50	84808674	D9837CA6	0xA8	0x20
09664DF0	E6A16A85	D9837CA6	0x238	0x20
09664E90	6DEA6E01	0EBC846E	0x4E8	0x20
09664F30	ACA590BB	D9837CA6	0x790	0x20
09664FD0	6E794070	D9837CA6	0x90	0x20
09665070	4E67B23E	0D706544	0x1A30	0x20
09665110	0D706544	D9837CA6	0x150	0x20
096651B0	7A465354	D9837CA6	0x2B8	0x20
09665250	D98D66E7	D9837CA6	0x1E8	0x20
096652F0	D8E05C67	D9837CA6	0x238	0x20
09665390	060B9C51	0EBC846E	0x150	0x20
09665430	55801E58	D9837CA6	0x110	0x20
096654D0	6B64938F	D9837CA6	0x178	0x20
09665570	74062606	D9837CA6	0x110	0x20
09665610	8343C619	D9837CA6	0x298	0x20
096656B0	1BEBB8CF	D9837CA6	0x1F8	0x20
09665750	C90FA176	D9837CA6	0xD8	0x20
096657F0	D28F68A1	D9837CA6	0x7E0	0x20
096658A0	BAB6B57B	0EBC846E	0x160	0x20
09665940	71A923F7	D9837CA6	0x1D8	0x20
096659E0	9F27BE11	D9837CA6	0x2A0	0x20
09665A80	AAE35B72	D28F68A1	0xFE8	0x20
09665B20	55758153	D9837CA6	0x350	0x20
09665BC0	5988BBFD	D9837CA6	0x608	0x20
09665C60	76C4ECB7	14E295D1	0x38	0x20
09665D00	1C74F29A	D0148DA3	0xF0	0x20
0966CE80	2A165B0F	CF7623E2	0x48	0x20
0966CF20	B98E8B24	00000001	0x8	0x20
0966CFC0	79F630F4	CF7623E2	0x28	0x20
0966D060	BAE69072	CF7623E2	0x28	0x20
0966D100	EA2532E9	CF7623E2	0x28	0x20
0966D1A0	BC69AB1C	CCEF782B	0x3D0	0x20
0966D250	C8686949	E0F181B7	0x38	0x20
0966D2F0	8816ABC6	C8686949	0x40	0x20
0966D390	D638A0D9	C8686949	0x38	0x20
0966D430	637E1222	AD6A937A	0x48	0x30
0966D4D0	D11E1C30	63CDD027	0x440	0x20
0966D570	E0F181B7	6BD6B102	0x38	0x20
0966D610	32512F72	72270FAC	0x40	0x20
0966D6B0	ABB84328	72270FAC	0x110	0x20
0966D750	90B56ECB	E0F181B7	0x68	0x20
0966D7F0	7CCF2682	E0F181B7	0x38	0x20
0966D890	72270FAC	E0F181B7	0x40	0x20
0966D930	0CFD9C57	E0F181B7	0x50	0x20
0966D9D0	B5888AF6	E0F181B7	0x70	0x20
0966DA70	2EB246F8	E0F181B7	0x38	0x20
0966DB10	BE5A3514	E0F181B7	0x70	0x20
0966DBB0	3EB649DD	E0F181B7	0x38	0x20
0966DC50	337C9B44	E0F181B7	0x58	0x20
0966DCF0	72AC4496	E0F181B7	0xD0	0x20
0966DD90	65C6D7B0	E0F181B7	0x70	0x20
0966DE30	0CC68CFA	E0F181B7	0x40	0x20
0966DED0	169EB837	E0F181B7	0x38	0x20
096A1240	9B3C48BD	E3EB4BCB	0xA8	0x20
096A12E0	66CAA312	B8EF1B61	0xF0	0x20
096A1380	04A85666	37BDEF79	0x7C0	0x20
096A1420	37BDEF79	D52AEF64	0x7B0	0x20
096A14C0	02C64BC9	6302C9FF	0x810	0x20
096A1560	A3354C6B	A5FC80FF	0xB0	0x20
096A1600	C7385C7B	440535A8	0x790	0x20
096A16A0	614590A3	6302C9FF	0x7B0	0x20
096A1740	70E09169	39E3D830	0x590	0x20
096A17E0	AEFD33C9	6915F913	0x58	0x20
096A1880	6302C9FF	440535A8	0x7A0	0x20
096A1920	D52AEF64	70E09169	0x760	0x20
096A19C0	440535A8	D52AEF64	0x760	0x20
096A1A60	AB577110	E251B78A	0x1C0	0x20
096A1B00	6D588568	4FA57627	0x50	0x20
096A1BA0	DBB36EC3	C437E1D6	0x38	0x20
096AE420	A77E6E3C	7C47FCDC	0x220	0x20
096AE4C0	AF4566CE	4FA57627	0x1E0	0x20
096AE560	1FEA93B0	4FA57627	0x78	0x20
096AE600	57F1CE91	4FA57627	0x40	0x20
096AE6A0	DA20C820	4FA57627	0x150	0x20
096AE740	113499FA	4FA57627	0x100	0x20
096AE7E0	593BD833	4FA57627	0x160	0x20
096AE880	83E098BB	4FA57627	0x68	0x20
096AE920	C45419E5	4FA57627	0xC0	0x20
096AE9C0	CA57A534	4FA57627	0x118	0x20
096AEA60	928B9C85	4FA57627	0x30	0x20
096CB270	4FC714C9	1C822BEE	0xB0	0x20
096CB310	2AC8FB95	70E09169	0x990	0x20
096CB3B0	4333190E	17AF65A4	0x158	0x20
096CB450	6A5D70C9	4333190E	0x160	0x20
096CB4F0	CD9E9C86	4FEDC837	0x158	0x20
096CB590	ABEB8BC8	17AF65A4	0xE0	0x20
096CB630	DD83D2FF	4FEDC837	0xD0	0x20
096CB6D0	674873D1	4FEDC837	0xD0	0x20
096CB770	87DC7F85	17AF65A4	0x158	0x20
096CB810	AC30E0A6	4FEDC837	0xD0	0x20
096CB8B0	AEC7879F	4FEDC837	0xC0	0x20
096CB950	4A1A8BE3	4FEDC837	0x110	0x20
096CB9F0	9A8CEA82	4FEDC837	0xB8	0x20
096CBA90	3933461E	17AF65A4	0xF0	0x20
096CBB30	B4B9478F	4FEDC837	0xE0	0x20
096CBBD0	6154C9FC	6A5D70C9	0x178	0x20
096CBC70	17AF65A4	4FEDC837	0xE0	0x20
096CBD10	8405C4F2	6154C9FC	0x180	0x20
096CBDB0	BD9080F5	4FEDC837	0xB8	0x20
096CBE50	BB41AF25	6154C9FC	0x178	0x20
096CBEF0	3BF87256	4FEDC837	0xB8	0x20
096CBF90	6DF45C98	B4B9478F	0xE0	0x20
096CC030	F25EA8A1	83DE93A8	0xD8	0x20
096CC0D0	DD7D940C	83DE93A8	0xD8	0x20
096CC170	B6A2281E	D8CB7A15	0x250	0x20
096CC210	F0CCCF43	C583D68F	0x100	0x20
096CC2B0	61F04975	FC121E7A	0xF8	0x20
096CC350	79C738E3	C583D68F	0xE8	0x20
096CC3F0	E574BAD8	FC121E7A	0xD0	0x20
096CC490	E56AE0E5	FC121E7A	0xC0	0x20
096CC530	1E701C7D	C583D68F	0xE8	0x20
096CC5D0	359C835E	FC121E7A	0xD0	0x20
096CC670	954860E7	FC121E7A	0xD0	0x20
096CC710	F9E55DAE	FC121E7A	0x200	0x20
096CC7B0	48A059A9	FC121E7A	0xC8	0x20
096CC850	18D7927C	FC121E7A	0xE8	0x20
096CC8F0	F8F8AA04	F0CCCF43	0x130	0x20
096CC990	C583D68F	FC121E7A	0xE0	0x20
096CCA30	A53312D4	F8F8AA04	0x140	0x20
096CCAD0	5C5730D5	FC121E7A	0xC8	0x20
096CCB70	22EDCCDD	F8F8AA04	0x130	0x20
096CCC10	E9D4C17D	FC121E7A	0xC0	0x20
096CCCB0	068D4BDC	4FA57627	0x58	0x20
096CCD50	800CC5AF	4FA57627	0xA0	0x20
096CCDF0	881F5C6F	4FA57627	0x60	0x20
096CCE90	E39E7B69	BECFD09A	0x48	0x20
096CCF30	1262784A	9055661C	0x170	0x20
096CCFD0	15887EA3	641195EC	0x140	0x20
096CD070	7A876CF1	BAD7F7CD	0x78	0x20
096CD110	D21AC1BB	4FA57627	0x30	0x20
096CD1B0	A2D1E48C	4FA57627	0x190	0x20
096CD250	BAD7F7CD	4FA57627	0x38	0x20
096CD2F0	D6EBF064	BAD7F7CD	0xA0	0x20
096CD390	E3F3F71B	95023E2E	0x110	0x20
096CD430	C345FE34	4FA57627	0x100	0x20
096CD4D0	5BB4660E	7A8F8762	0xC8	0x20
096CD570	35A74403	4FA57627	0x50	0x20
096CD610	C456B789	BAD7F7CD	0x60	0x20
096CD6B0	5B5F940D	4FA57627	0x50	0x20
096CD750	D8CB7A15	4FA57627	0x180	0x20
096CD7F0	C437E1D6	4FA57627	0x38	0x20
096CD890	C667E006	2052DB38	0x2E0	0x20
096CD930	140FC239	4FA57627	0x120	0x20
096CD9D0	7D836E5F	BAD7F7CD	0x180	0x20
096CDA70	5F3CA65C	BAD7F7CD	0x40	0x20
096CDB10	A3D83AFE	4FA57627	0x40	0x20
096CDBB0	6A8403DB	4FA57627	0x48	0x20
096CDC50	E251B78A	4FA57627	0x1B0	0x20
096CDCF0	BA886473	4FA57627	0x138	0x20
096CDD90	1ED5CE0D	083B8B8B	0x68	0x20
096CDE30	1F5B6556	EF3871DD	0xF0	0x20
096CDED0	A5FC80FF	64A9ECB6	0xA0	0x20
096CDF70	F64C78E8	91D9C561	0x48	0x20
096CE010	2F75C66A	4FA57627	0x58	0x20
096CE0B0	608F62FA	4FA57627	0x78	0x20
096CE150	B9DFF887	4FA57627	0x40	0x20
096CE1F0	1B704A6F	4FA57627	0x1170	0x20
096CE290	B1ABD548	4FA57627	0x68	0x20
096CE330	A6541F08	4FA57627	0x48	0x20
096CE3D0	2A1606BD	5A51CD61	0x110	0x20
096CE470	83DE93A8	4FA57627	0xC8	0x20
096CE510	28F7F4E4	4FA57627	0x280	0x20
096CE5B0	A2AD1B90	4FA57627	0x38	0x20
096CE650	D9FCDC10	56E90524	0x2B0	0x20
096CE6F0	C6AE6285	6BAC55DB	0xB0	0x20
096E5070	72DAAFBC	D3B454F4	0x90	0x20
096E5110	167010B9	D3B454F4	0x80	0x20
096E51B0	D3B454F4	6915F913	0x78	0x20
096E5250	0E949563	37BDEF79	0x800	0x20
096E52F0	36A5906D	39E3D830	0x120	0x20
096E5390	4C522C66	7C47FCDC	0x230	0x20
096E5430	D17F3C6E	DA139562	0x50	0x20
096E54D0	42343D13	C667E006	0x2F0	0x20
096E5570	6E894B6A	90573C87	0x140	0x20
096E5610	D9D0366F	D3BCADF7	0xB0	0x20
096E56B0	83B3A57E	7A876CF1	0x88	0x20
096E5750	E40AE0C1	57F1CE91	0x50	0x20
096E57F0	34408C47	D6EBF064	0x108	0x20
096E5890	E44280F5	35A74403	0x68	0x20
096E5930	C1BEC5C6	C456B789	0x78	0x20
096E59D0	A7B9129D	5F3CA65C	0x58	0x20
096E5A70	8DF291D7	6A8403DB	0x48	0x20
096E5B10	00FACBA9	E251B78A	0x290	0x20
096E5BB0	6BBF550A	928B9C85	0x30	0x20
096E5C50	5ED1ABC9	A6541F08	0x48	0x20
096E5CF0	D17D23F6	7A876CF1	0x80	0x20
096E5D90	4CD5AE57	4FA57627	0x50	0x20
096E5E30	3D7A01BC	D6EBF064	0x158	0x20
096E5ED0	09A5EEE3	BAD7F7CD	0x70	0x20
096E5F70	C82D5D22	CCFEB994	0x180	0x20
096E6010	669016A2	CCFEB994	0x1B0	0x20
096E60B0	AAB57608	E3F3F71B	0x128	0x20
096E6150	F44C619A	BAD7F7CD	0x1D0	0x20
096E61F0	1A611AE5	35A74403	0x50	0x20
096E6290	CCFEB994	BAD7F7CD	0x110	0x20
096E6330	D9A64E1A	C456B789	0x68	0x20
096E63D0	28C15569	BAD7F7CD	0x120	0x20
096E6470	7B799530	7D836E5F	0x1A0	0x20
096E6510	5609B111	5F3CA65C	0x58	0x20
096E65B0	C1827A04	BAD7F7CD	0x70	0x20
096E6650	09C04652	E251B78A	0x1D0	0x20
096E66F0	85C3FC24	57F1CE91	0x50	0x20
096E6790	3971D382	928B9C85	0x30	0x20
096E6830	6562B01A	CCFEB994	0x160	0x20
096E68D0	A650BB29	7D836E5F	0x1F0	0x20
096E6970	88799193	C437E1D6	0x38	0x20
096E6A10	0FB3C6F4	BAD7F7CD	0x40	0x20
096E6AB0	747708E3	BAD7F7CD	0x120	0x20
096EA7F0	064E5452	ECE2C2A7	0x440	0x20
096EA890	ECE2C2A7	673E9279	0x440	0x20
096EA930	2CF80436	C5947AA8	0x168	0x20
096EA9D0	2DF77BF7	885C1895	0x380	0x20
097010E0	380A44FA	A0DA0ACD	0x230	0x20
09701180	85241765	673E9279	0x468	0x20
09701220	F8B407BA	673E9279	0x450	0x20
097012C0	F3F0CFC0	673E9279	0x498	0x20
09701360	A24A903E	380A44FA	0x388	0x20
09701400	471562A2	673E9279	0x448	0x20
097014A0	A0DA0ACD	6915F913	0x1E0	0x20
09701540	673E9279	22E2EBB1	0x440	0x20
097015E0	BC03BD8E	9E28B666	0x1F8	0x20
09701680	44CCB992	FE135918	0x30	0x20
09701720	B1A4C493	00000001	0x10	0x20
0972A0B0	FCBC433A	1C77FEF4	0x300	0x20
0972A150	5004FE56	D2E8710A	0x2B0	0x20
0972A1F0	7AE30EEC	0FB15360	0x130	0x20
0972A290	E98498CA	4FA57627	0x300	0x20
0972A330	3A4FD06B	BD2C018C	0x350	0x20
0972A3D0	EF42E8A1	E7C448DA	0x78	0x20
0972A470	DFD85140	9C93E9B9	0x138	0x20
0972A510	BF063C1F	8ACD7736	0x150	0x20
0972A5B0	6F9A8648	54D2B98C	0x150	0x20
0972A650	146E5603	885C1895	0x470	0x20
0972A6F0	66B03DE9	FCBC433A	0x310	0x20
0972A790	C468EC87	7265AE97	0x128	0x20
0972A830	9587F0EB	81727023	0xD0	0x20
0972A8D0	46CEB9BA	885C1895	0x380	0x20
0972A970	EF714AF2	FCBC433A	0x300	0x20
0972AA10	CC37788B	F2A9DDD0	0xB0	0x20
0972AAB0	B00A01DE	0FB15360	0x120	0x20
0972AB50	FD18A51B	C5947AA8	0x168	0x20
0972ABF0	CA7D75C6	50BC0FE6	0x88	0x20
0972AC90	D2E8710A	2DB0DCE3	0x1C0	0x20
0972AD30	33A034BA	A387D8AF	0x80	0x20
0972ADD0	0FB15360	7265AE97	0x120	0x20
0972AE70	7F065E56	322A36D6	0xD0	0x20
0972AF10	B056186F	95023E2E	0xA8	0x20
0972AFB0	14D25267	8E4A1C19	0x460	0x20
0972B050	F2A9DDD0	6A5859DF	0xA0	0x20
0972B0F0	5CB28400	1D638D55	0xE8	0x20
0972B190	453B9C3C	BA6331D5	0x228	0x20
0972B230	B8A35F37	BD2C018C	0x2D0	0x20
0972B2D0	501D5EA1	2DC9A356	0x58	0x20
0972B370	AB70D163	3B573D76	0x178	0x20
0972B410	9CF2973C	E418AB31	0xA0	0x20
0972B6E0	1021D83C	6EE84EBD	0xB0	0x20
0972B780	AAF5765F	D21F4A52	0xF8	0x20
0972B820	9A10B52D	E7C448DA	0x88	0x20
0972B8C0	E1BB0530	EF3871DD	0x90	0x20
0972B960	81727023	5792F537	0xD0	0x20
0972BA00	3DEAB343	8ACD7736	0x190	0x20
0972BAA0	54D2B98C	D48171B0	0x130	0x20
0972BB40	885C1895	2A874209	0x380	0x20
0972BBE0	C4330499	9A10B52D	0x108	0x20
0972BC80	9F39439F	B8A35F37	0x2D0	0x20
09757450	33116F5F	A1F82E06	0x10	0x20
097574F0	69D1AF41	62F7EA55	0x38	0x20
09757590	A1F82E06	00000002	0x10	0x20
09757630	79D6F0A9	A1F82E06	0x10	0x20
097576D0	FD6BF092	A1F82E06	0x30	0x20
09757770	586D8CF5	62F7EA55	0x30	0x20
09757810	4D5592F0	62F7EA55	0x98	0x20
097578B0	94AE7C8B	BB96607D	0x28	0x20
09757950	CB4784B7	CB0F23F4	0x160	0x20
09757A00	22E2EBB1	39E3D830	0x438	0x20
09757AA0	F4245CE6	6915F913	0xE0	0x20
09757DE0	95935F5A	6915F913	0xA0	0x20
09757E80	95AA2B96	0EC6C309	0x68	0x20
09757F20	D8E548C5	CA27F078	0x110	0x20
09757FC0	5FD9F202	0EC6C309	0x68	0x20
09758060	1AF48138	CA27F078	0x108	0x20
09758100	C3BF7C50	0EC6C309	0x80	0x20
097581A0	05F68891	CA27F078	0x108	0x20
09758240	B6F5AC38	0EC6C309	0x70	0x20
097582E0	D607B622	CA27F078	0x108	0x20
09758380	89EC2DAC	0EC6C309	0x80	0x20
09758420	E4BB0123	CA27F078	0x1B0	0x20
097584C0	3D1C2968	0EC6C309	0x90	0x20
09758560	D2A10854	CA27F078	0x108	0x20
09758600	6675DBB0	0EC6C309	0xA8	0x20
097586A0	84D99F62	CA27F078	0x108	0x20
09758740	5DFCB4B8	0EC6C309	0x68	0x20
097587E0	B1590F6A	CA27F078	0x108	0x20
09758880	53B8E467	0EC6C309	0x70	0x20
09758920	6C22627B	CA27F078	0x108	0x20
097589C0	E68FAF24	0EC6C309	0x68	0x20
09758A60	09328E18	CA27F078	0x108	0x20
09758B00	F31ECD9E	0EC6C309	0x68	0x20
09758BA0	013182B3	CA27F078	0x108	0x20
09758C40	D0E758DB	0EC6C309	0x70	0x20
09758CE0	B8D64E98	CA27F078	0x108	0x20
09758D80	1E526173	0EC6C309	0x68	0x20
09758E20	9091E443	CA27F078	0x108	0x20
09758EC0	B9C2A5EF	7DEA551F	0x20	0x20
09758F60	28916AD6	1BDC0209	0x28	0x20
09759000	300060BA	28916AD6	0x28	0x20
097590A0	56B41145	28916AD6	0x58	0x20
09759140	DDE5948B	28916AD6	0x58	0x20
097591E0	9D4D2A49	1BDC0209	0x28	0x20
09759280	88FC4659	1BDC0209	0x10	0x20
09759320	43691A1C	4FA57627	0xE0	0x20
097593C0	5C089055	5D04F0D6	0x130	0x20
09759460	8E4A1C19	4FA57627	0x420	0x20
09759500	0D289904	00000001	0x118	0x20
097595A0	5A0AD643	4FA57627	0x3A0	0x20
09759640	C5947AA8	9055661C	0x168	0x20
097596E0	2DB0DCE3	641195EC	0x1C0	0x20
09759780	1C77FEF4	7C47FCDC	0x220	0x20
09759820	10720C3D	90FEF1A2	0x80	0x20
097598C0	1D638D55	46B282AC	0xE8	0x20
09759960	BA6331D5	DDCA1833	0x120	0x20
09759A00	BE4F8D05	4FA57627	0x38	0x20
09759AA0	F8050429	4A0700A5	0x40	0x20
09759B40	BD2C018C	A6CADA2A	0x2C0	0x20
09759BE0	F7CDD829	2E596A99	0x260	0x20
09759C80	C43436C8	4FA57627	0x140	0x20
09759D20	CF51AF02	5BF9CD30	0xE0	0x20
09759DD0	02313328	352A4D9B	0x290	0x20
09759E70	9C93E9B9	083B8B8B	0xF8	0x20
09759F10	667599C1	4FA57627	0x90	0x20
09759FB0	A631AB39	BECFD09A	0x58	0x20
0975A050	4321C4E2	91D9C561	0x100	0x20
0975A0F0	13F7D1DD	88E22453	0x140	0x20
0975A190	3A278BDD	AE8FE9EF	0x78	0x20
0975A230	E4507304	39197DEF	0x78	0x20
0975A2D0	5792F537	461F563A	0xD0	0x20
0975A370	1EE37A50	29F804E3	0xE8	0x20
0975A410	64599C1D	227AB4CF	0x180	0x20
0975A4B0	74C01930	4FA57627	0x90	0x20
0975A550	B4130B46	FADFCBEB	0x1B0	0x20
0975A5F0	D48171B0	5A51CD61	0x130	0x20
0975A690	38A90569	301CBDE7	0x250	0x20
0975A730	2A874209	56E90524	0x280	0x20
0975A7D0	5FE26CB2	93DC9EAA	0x280	0x20
0975A870	A3DE4FBC	4FA57627	0x38	0x20
097692A0	C7948EB5	673E9279	0x4D8	0x20
09769340	EE27C78F	2DB0DCE3	0x280	0x20
097693E0	56EBB70F	1C77FEF4	0x2B0	0x20
09769480	96E2F3C7	10720C3D	0x80	0x20
09769520	D8800643	8E4A1C19	0x440	0x20
097695C0	CE666B55	6A5859DF	0xA0	0x20
09769660	141D1185	30C9D747	0x160	0x20
09769700	79F42AB9	453B9C3C	0x230	0x20
097697A0	5AF4F9DE	B5021EB8	0xA8	0x20
09769840	7A015674	BD2C018C	0x300	0x20
097698E0	B96716D7	00AB8D78	0x110	0x20
09769980	07A32DA4	C43436C8	0x150	0x20
09769A20	7F22C4F2	4FA57627	0x30	0x20
09769AC0	3D4E90A6	9C93E9B9	0x100	0x20
09769B60	7D9BEA8D	926D0DEB	0x110	0x20
09769C00	E5D2F1B1	39197DEF	0x88	0x20
09769CA0	46777D0D	81727023	0xD0	0x20
09769D40	8576B7AD	1EE37A50	0xF8	0x20
09769DE0	012505C6	8ACD7736	0x190	0x20
09769E80	2FD40057	54D2B98C	0x130	0x20
09769F20	EBDF1F4A	885C1895	0x380	0x20
0976C070	CD4E1796	673E9279	0x440	0x20
0976C110	53FB084F	1C77FEF4	0x230	0x20
0977B180	6D619B00	22E2EBB1	0x448	0x20
0977B220	DF485E75	6D619B00	0x458	0x20
0977B2C0	C6C0E79B	6D619B00	0x478	0x20
0977B360	3E8207FE	1C77FEF4	0x230	0x20
0977B400	9159069F	C5947AA8	0x168	0x20
0977B4A0	564E5AE4	2DB0DCE3	0x1C0	0x20
0977B540	D2C637B7	7265AE97	0x110	0x20
0977B5E0	760FF63E	6A5859DF	0xA0	0x20
0977B680	3C0574D9	BD2C018C	0x2C0	0x20
0977B720	55272057	9C93E9B9	0xF8	0x20
0977B7C0	22D42180	EF3871DD	0x78	0x20
0977B860	22DA13C6	5792F537	0xD0	0x20
0977B900	3461B8CD	A3DE4FBC	0x80	0x20
0977B9A0	BA9181B7	5A0AD643	0x3A0	0x20
0977BA40	B7982EDB	760FF63E	0xA0	0x20
0977BAE0	FD92AC3C	3C0574D9	0x2C0	0x20
0977BB80	57A1B4A6	13F7D1DD	0x140	0x20
097914E0	7DD84AD0	00000002	0x18	0x20
09791580	0BBCD5EF	39E3D830	0x140	0x20
097927E0	6CD605D3	39E3D830	0x580	0x20
09792880	74F48DAA	00000001	0x8	0x20
09793870	E95A3AEF	437A601A	0x280	0x20
09793910	E11225E1	437A601A	0x40	0x20
097939B0	71E6DF3B	CF7623E2	0xA0	0x20
09793A50	84C9955D	00000002	0x30	0x20
09793AF0	78AAC12D	00000002	0x20	0x20
09793B90	C6F24FD2	00000002	0x58	0x20
09793C30	3A7FBF4D	00000002	0xA8	0x20
09793CD0	2ABEF5B3	FE135918	0x30	0x20
09793D70	957730B0	FE135918	0x48	0x20
09793E10	B48B4561	FE135918	0x30	0x20
09793EB0	20D46486	FE135918	0x28	0x20
09793F50	0654D4BC	CBA789A5	0x150	0x20
09793FF0	3516A9DE	CF7623E2	0x2D0	0x20
09794090	3D4011AF	BB96607D	0x28	0x20
09794210	2ABFBF5B	BB96607D	0x28	0x20
097942B0	37788B8A	00000001	0xC8	0x20
09794350	3DF68366	BB96607D	0x368	0x20
097943F0	0CA09842	BB96607D	0x98	0x20
09794490	D5B3E6B7	BB96607D	0x90	0x20
09794530	7F97D530	00000001	0x80	0x20
097945D0	5AAE7CA2	BB96607D	0x4E0	0x20
09794670	62486D18	BB96607D	0x20	0x20
09794710	0F89A0C2	BB96607D	0x20	0x20
097947B0	DDAC3123	BB96607D	0x40	0x20
09794850	CE0E97F7	00000002	0x20	0x20
097948F0	A410882D	437A601A	0x118	0x20
09794990	D5BD3D19	437A601A	0x98	0x20
09794A30	CBA789A5	C0A3544E	0x128	0x20
09794B40	B658BBFD	00000001	0x8	0x20
09794BE0	AD9DA741	437A601A	0x80	0x20
09794DA0	83FCA4F6	437A601A	0x50	0x20
09794E40	6BCB0738	CF7623E2	0xB8	0x20
09794EE0	9617670A	00000002	0x20	0x20
09794F80	198BA767	6792A9A3	0x70	0x20
09795020	B8C1C145	437A601A	0x40	0x20
097950C0	ABBB9414	7DD84AD0	0x20	0x20
09795160	871A01C3	7DD84AD0	0x28	0x20
09795200	99B52531	00000002	0x40	0x20
097952A0	A52D213C	00000002	0x20	0x20
09795340	ADF24E79	00000002	0x38	0x20
097CE0F0	2C37DF4B	DAF73069	0x70	0x20
097CE190	D0469485	4FA57627	0xC0	0x20
097CE230	D926736F	93DC9EAA	0xE8	0x20
097CE2D0	C066CAC5	4FA57627	0x170	0x20
097CE6F0	240587D0	3F61AFE6	0x4B0	0x20
097CE790	116F1B81	4FA57627	0x1B0	0x20
097CE830	98FC08C7	7C47FCDC	0x3E0	0x20
097CE8D0	E6FD51AD	5832E19C	0x30	0x20
097CE970	C2F31408	A387D8AF	0xB8	0x20
097CEA10	E6704891	5291BA46	0x140	0x20
097CEAB0	F887045C	B05446DB	0xE0	0x20
097CEB50	105C61B4	4FA57627	0xF0	0x20
097CEBF0	C742BD13	4FA57627	0x210	0x20
097CEC90	6D10DA8B	4FA57627	0x40	0x20
097CED30	E341ABB4	95023E2E	0x90	0x20
097CEDD0	DE8151F6	4FA57627	0x58	0x20
097CEE70	39B3A55D	4FF030C7	0xC8	0x20
097CEF10	63B67A74	4FA57627	0x1660	0x20
097CEFB0	5CD4D293	4FA57627	0x38	0x20
097CF050	17543D29	6B92435D	0x170	0x20
097CF0F0	25FD1C22	4FA57627	0x2C0	0x20
097CF190	234A07CB	4FA57627	0xE0	0x20
097CF230	C2F96CED	DDCA1833	0xA18	0x20
097CF2D0	CABFACAD	DA139562	0xD0	0x20
097CF370	5CF5AE6B	B5021EB8	0x300	0x20
097CF410	DA406071	CAEC59BE	0xE0	0x20
097CF4B0	3F61AFE6	A6CADA2A	0x3A0	0x20
097CF550	69B3B024	4FA57627	0xD0	0x20
097CF5F0	055D9CB6	4D8EDE31	0x158	0x20
097CF690	2CCB78DC	352A4D9B	0x340	0x20
097CF730	58806CED	4FA57627	0x8C0	0x20
097CF7D0	0D569603	88E22453	0x130	0x20
097CF870	4C802695	4FA57627	0x70	0x20
097CF910	C9FD275F	4FA57627	0x38	0x20
097CF9B0	7B9ABD38	926D0DEB	0x180	0x20
097CFA50	62D69955	39197DEF	0xF0	0x20
097CFAF0	895B753A	0CEFC76A	0x68	0x20
097CFB90	4C9E4538	895B753A	0x1C8	0x20
097CFC30	EDBC8DF4	4FA57627	0x110	0x20
097CFCD0	CAB05DD5	461F563A	0xD8	0x20
097CFD70	8377E018	29F804E3	0x258	0x20
097CFE10	D011AEB2	B83E9CEF	0x108	0x20
097CFEB0	BADF2DFF	4FA57627	0x1A8	0x20
097CFF50	24309782	38E5AE31	0x250	0x20
097CFFF0	284997FE	38E5AE31	0x70	0x20
097D0090	876287E1	56E90524	0x210	0x20
097D0130	C61C3E2A	93DC9EAA	0x120	0x20
097D01D0	76E9C803	4FA57627	0x118	0x20
0980D7A0	71CA563E	C7C045E7	0x78	0x20
0980D840	92B7BFF9	C7C045E7	0x70	0x20
0980DB80	8A124636	4B7F3AB2	0x370	0x20
0980DC20	0858F40C	4B7F3AB2	0x390	0x20
0980DE10	C8DFCFA2	1B5387AA	0xD0	0x20
0980DEB0	8E08C2FE	6915F913	0x58	0x20
0980DF50	7E73F31E	8E08C2FE	0x70	0x20
0980DFF0	44BE67D8	A02405B7	0x50	0x20
0980E090	E0AF68DF	8F35D8A0	0x150	0x20
0980E130	3472BB64	65023273	0x110	0x20
0980E1D0	CE2F6BA8	65023273	0x148	0x20
0980E270	4B7F3AB2	BB96607D	0x240	0x20
0980E850	D2B867CA	513BF666	0x170	0x20
0980E8F0	52B6F306	D2B867CA	0x178	0x20
0980E990	513BF666	8E08C2FE	0x58	0x20
0980EA30	65023273	6915F913	0x110	0x20
0980EBF0	D92AB458	1B5387AA	0xB8	0x20
0980EC90	6C9A8333	C5EE7BEC	0xA0	0x20
0980ED30	8F35D8A0	65023273	0x150	0x20
0980EDD0	1F89D81B	3CD8F40F	0x390	0x20
0980EE70	72B12117	6C9A8333	0xA0	0x20
0980EF10	10619714	8F35D8A0	0x168	0x20
0980EFB0	9C69E557	02F435DD	0x360	0x20
0980F050	9A4515F1	9C69E557	0x3A0	0x20
0980F0F0	D48DEF9C	2CE9225B	0x2C0	0x20
0980F580	CB114B2D	8E08C2FE	0x130	0x20
0980F820	E43DAF3B	39E3D830	0x160	0x20
0980F9E0	92EE7130	49EABE01	0x100	0x20
0980FA80	B824F2C3	00000001	0x10	0x20
0980FB20	DB45A45D	00000002	0x48	0x20
0980FDC0	5D212E6A	513BF666	0xB8	0x20
0980FE60	21BEEF06	65023273	0x118	0x20
09810050	F8F77294	1B5387AA	0xD0	0x20
098100F0	A833DE39	032D8FC5	0x98	0x20
09810190	AC6129F4	A833DE39	0xB8	0x20
098102E0	7D56B094	A833DE39	0xF8	0x20
09810380	032D8FC5	6915F913	0x80	0x20
09810420	F60503B8	6915F913	0x48	0x20
09810610	4F76B686	F60503B8	0x70	0x20
098106B0	A4E300FD	F60503B8	0x50	0x20
09810750	3C04D6C0	1B5387AA	0xB8	0x20
098107F0	EFE51194	6915F913	0x60	0x20
09810890	38F8D3C3	EFE51194	0x60	0x20
09810930	190AB050	EFE51194	0x60	0x20
098109D0	5AE1DFC4	EFE51194	0x60	0x20
09810A70	A07D8430	EFE51194	0x60	0x20
09810B10	9D398938	EFE51194	0x60	0x20
09810BB0	A328DA9A	EFE51194	0x60	0x20
09810C50	FEE7AC3B	00000002	0x50	0x20
09810CF0	0C0E21B6	6915F913	0x70	0x20
098111F0	3CD8F40F	6915F913	0x300	0x20
09811340	50EF9465	00000002	0x68	0x20
098113E0	FEC3908C	65023273	0x158	0x20
09811480	295EB0C3	9C69E557	0x390	0x20
09811520	9012B1F3	6915F913	0x58	0x20
098115C0	B3773517	00000001	0x8	0x20
09811660	1B5387AA	8E08C2FE	0x80	0x20
09811700	CBFF2C86	E3A980DC	0x78	0x20
098117A0	764A46C0	1B5387AA	0xA8	0x20
09811840	CF7D9FB4	437A601A	0x40	0x20
098118E0	40E38ECC	6D44B7DB	0x70	0x20
09811980	5AE27F93	FA6F25A3	0x20	0x20
09811A20	4EB607F4	5AE27F93	0x20	0x20
09811AC0	B66E26F0	5AE27F93	0x20	0x20
09811B60	034A4713	22CE58BA	0x108	0x20
09811C00	A2DBB96A	6915F913	0x50	0x20
09811CA0	5BF26838	22CE58BA	0x110	0x20
09811D40	C21B3D5A	22CE58BA	0x110	0x20
09811DE0	603104DD	0EC6C309	0x70	0x20
09811E80	A54980A3	CA27F078	0x108	0x20
09811FD0	92A5ABF9	0EC6C309	0x80	0x20
09812070	ED712BBC	CA27F078	0x140	0x20
09812110	D83072A3	0EC6C309	0x98	0x20
098121B0	B8C268B9	CA27F078	0x148	0x20
09812250	5297445D	0EC6C309	0x88	0x20
098122F0	A0B80B70	CA27F078	0xD0	0x20
09812390	403E1AEF	0EC6C309	0x70	0x20
09812430	6669E9C6	CA27F078	0x108	0x20
098124D0	A114B987	0EC6C309	0x68	0x20
09812570	533BF6AA	CA27F078	0xD0	0x20
09812610	FAD14895	CA27F078	0x140	0x20
098126B0	D40F929B	0EC6C309	0x68	0x20
09812750	5EC7F68E	CA27F078	0x178	0x20
098127F0	40B23B78	0EC6C309	0x70	0x20
09812890	548CFDB1	CA27F078	0x140	0x20
09812930	9AB241C3	0EC6C309	0x70	0x20
098129D0	E7D8885E	CA27F078	0x140	0x20
09812A70	020BD8D4	0EC6C309	0x68	0x20
09812B10	8CC85DE4	CA27F078	0x108	0x20
09812BB0	DC3B4086	0EC6C309	0x70	0x20
09812C50	309EFB54	CA27F078	0x108	0x20
09812CF0	210C0F79	0EC6C309	0x80	0x20
09812D90	8CA1F662	CA27F078	0x110	0x20
09812E30	FF7B0D13	0EC6C309	0x70	0x20
09812ED0	71B88823	CA27F078	0xD0	0x20
09812F70	C22752E4	0EC6C309	0x70	0x20
09813010	48EF36F1	CA27F078	0x148	0x20
098130B0	51F02C83	0EC6C309	0x78	0x20
09813150	DB384896	CA27F078	0x118	0x20
098131F0	5172A20D	0EC6C309	0x70	0x20
09813290	93CD62B5	CA27F078	0x108	0x20
09813330	32E47A10	0EC6C309	0x78	0x20
098133D0	5FB3569F	CA27F078	0x110	0x20
09813470	FEB10CB6	0EC6C309	0x68	0x20
09813510	747968A3	CA27F078	0x110	0x20
098135B0	0619CDBC	0EC6C309	0x70	0x20
09813650	F4368291	CA27F078	0xD0	0x20
098136F0	8C521147	0EC6C309	0x70	0x20
09813790	D5122BB8	CA27F078	0x110	0x20
09813830	0BEDDEBA	0EC6C309	0xA0	0x20
098138D0	8125BAAF	CA27F078	0x168	0x20
09813970	BB0F6525	0EC6C309	0x80	0x20
09813A10	DBFD7F3F	CA27F078	0x148	0x20
09813AB0	C009A3AA	0EC6C309	0x78	0x20
09813B50	BD636A37	CA27F078	0xD0	0x20
09813BF0	B44F957B	0EC6C309	0x70	0x20
09813C90	3E87F16E	CA27F078	0x108	0x20
09813D30	E54A2B65	0EC6C309	0x70	0x20
09813DD0	A19E776A	CA27F078	0x120	0x20
09813E70	70E97267	0EC6C309	0x70	0x20
09813F10	101B687D	CA27F078	0x108	0x20
09813FB0	F09FE513	0EC6C309	0x70	0x20
09814050	D6C8163A	CA27F078	0x108	0x20
098140F0	418DA9A8	0EC6C309	0x88	0x20
09814190	04A0DA92	CA27F078	0x108	0x20
09814230	49B5EBB2	0EC6C309	0x78	0x20
098142D0	0C989888	CA27F078	0xD0	0x20
09814370	26977D00	0EC6C309	0x68	0x20
09814410	D7612B29	CA27F078	0x140	0x20
098144B0	9120078B	0EC6C309	0x78	0x20
09814550	7D85BC59	CA27F078	0x108	0x20
098145F0	50FD1B3E	0EC6C309	0x90	0x20
09814690	76AAE817	CA27F078	0xD0	0x20
09814730	124A2B32	0EC6C309	0x70	0x20
098147D0	2DD0AD2E	CA27F078	0x108	0x20
09814870	4BD1A545	0EC6C309	0x68	0x20
09814910	2B23BF5F	CA27F078	0xD0	0x20
098149B0	CD3E6740	0EC6C309	0xC0	0x20
09814A50	C37211D7	CA27F078	0x148	0x20
09814AF0	48330CF1	0EC6C309	0x78	0x20
09814B90	C6F089C1	CA27F078	0x118	0x20
09814C30	83BEA026	0EC6C309	0x60	0x20
09814CD0	7DEDDD96	CA27F078	0x118	0x20
09814D70	1EA0973F	0EC6C309	0x68	0x20
09814E10	B30D6E24	CA27F078	0x108	0x20
09814EB0	AD77BDE5	0EC6C309	0x68	0x20
09814F50	C020916A	CA27F078	0x108	0x20
09814FF0	E6F66CE0	0EC6C309	0x78	0x20
09815090	9B9CA57D	CA27F078	0x158	0x20
09815130	4E8B6396	0EC6C309	0x68	0x20
098151D0	610BA230	CA27F078	0x190	0x20
09815270	316B538C	0EC6C309	0x80	0x20
09815310	FB1A0EE6	CA27F078	0x140	0x20
098153B0	3C00DF0F	0EC6C309	0x90	0x20
09815450	C102D46F	CA27F078	0x108	0x20
098154F0	7AE4DCBC	0EC6C309	0x70	0x20
09815590	F427598C	CA27F078	0x130	0x20
09815630	F92AC9B1	0EC6C309	0x78	0x20
098156D0	F766BF26	CA27F078	0x118	0x20
09815770	FCBBC2BA	0EC6C309	0x90	0x20
09815810	DAEC3193	3A4FAB15	0xC8	0x20
098158B0	B378F7E9	0EC6C309	0x78	0x20
09815950	4E7AFC89	CA27F078	0x220	0x20
098159F0	1F467067	0EC6C309	0x80	0x20
09815A90	622CB9FA	CA27F078	0xD0	0x20
09815B30	8A68F9F9	0EC6C309	0x70	0x20
09815BD0	04AB7CC9	CA27F078	0x178	0x20
09815C70	9955618C	0EC6C309	0x70	0x20
09815D10	2E2D4533	CA27F078	0x220	0x20
09815DB0	9F7B655F	0EC6C309	0x70	0x20
09815E50	11B8E06F	CA27F078	0x108	0x20
09815EF0	9FCE3FED	0EC6C309	0x68	0x20
09815F90	B04EFE4B	CA27F078	0xD0	0x20
09816030	E2448218	0EC6C309	0x80	0x20
098160D0	8F13AE97	CA27F078	0x140	0x20
09816170	80D8451B	0EC6C309	0x70	0x20
09816210	7E8B38AB	CA27F078	0x120	0x20
098162B0	23AEC60B	0EC6C309	0xC0	0x20
09816350	8E033F10	CA27F078	0x150	0x20
098163F0	4E95395C	0EC6C309	0x78	0x20
09816490	2E672346	CA27F078	0x188	0x20
09816530	E7781F4B	0EC6C309	0x68	0x20
098165D0	878A0551	CA27F078	0xD0	0x20
09816670	158F1E46	0EC6C309	0x68	0x20
09816710	757D045C	CA27F078	0xD0	0x20
098167B0	57EB0FD1	0EC6C309	0x70	0x20
09816850	DD236BC4	CA27F078	0xD0	0x20
098168F0	7A67935B	0EC6C309	0xA0	0x20
09816990	FB3F8B3E	CA27F078	0x108	0x20
09816A30	ECBF7C9A	0EC6C309	0x78	0x20
09816AD0	1E9033B7	CA27F078	0x108	0x20
09816B70	45B40DE4	0EC6C309	0x88	0x20
09816C10	B8B60684	CA27F078	0x108	0x20
09816CB0	D4C1F75A	0EC6C309	0x80	0x20
09816D50	5A02726A	CA27F078	0x148	0x20
09816DF0	60611D37	0EC6C309	0x68	0x20
09816E90	82CD59E5	CA27F078	0x138	0x20
09816F30	5876AC17	0EC6C309	0x70	0x20
09816FD0	9AC96CAF	CA27F078	0x118	0x20
09817070	5B7ACC4C	CA27F078	0xD0	0x20
09817110	E8CA4050	CA27F078	0xD0	0x20
098171B0	B2F5375F	0EC6C309	0x90	0x20
09817250	94A2C476	CA27F078	0x108	0x20
098172F0	C3CB52CC	0EC6C309	0x68	0x20
09817390	E59CA1E5	CA27F078	0xD0	0x20
09817430	7199B8AF	4B7F3AB2	0x2B0	0x20
098174D0	0A535D04	C7C045E7	0x70	0x20
09817570	868FDA10	C7C045E7	0x70	0x20
09817610	961CBB83	7C47FCDC	0x230	0x20
098176B0	F9870E3C	C7C045E7	0x78	0x20
09817750	68C6EEBC	C7C045E7	0x78	0x20
098177F0	4B1419A1	C7C045E7	0x78	0x20
09817890	828A7419	4B7F3AB2	0x330	0x20
09817930	533DE53E	C7C045E7	0x70	0x20
09817B90	C8F5901D	032D8FC5	0xA8	0x20
098183E0	7EB4C0F1	4B7F3AB2	0x380	0x20
09818480	3091D5BE	4B7F3AB2	0x310	0x20
09818520	F0A9FB9F	00000001	0x10	0x20
09818C20	826D19B1	4B7F3AB2	0x310	0x20
098191D0	762C74EA	63CDD027	0x3C0	0x20
09819270	1E0ED54B	2052DB38	0x190	0x20
09819310	E2B6953D	4B7F3AB2	0x310	0x20
098193B0	8DD0E4BB	9055661C	0x168	0x20
09819450	00B60629	641195EC	0xE0	0x20
098194F0	3F287E37	5A51CD61	0x110	0x20
09819590	D4848856	56E90524	0x240	0x20
09819630	630AE0B9	C7C045E7	0x88	0x20
098196D0	E215D396	A02405B7	0x50	0x20
09819770	ECF24299	A02405B7	0x50	0x20
09819810	823DCC86	4B7F3AB2	0x2E0	0x20
098198B0	2DD33C09	4B7F3AB2	0x360	0x20
09819950	726B4C4B	C7C045E7	0x78	0x20
09871C10	4D9461B7	A02405B7	0x58	0x20
09871EB0	374CB533	A02405B7	0x90	0x20
09871F50	2D691B8C	A02405B7	0x90	0x20
09871FF0	4002FCCB	5FC18ECD	0x2D0	0x20
09872090	33F4F71F	5FC18ECD	0x2B0	0x20
09872130	54BF407C	5FC18ECD	0x2D0	0x20
09872320	89C618E1	5FC18ECD	0x2D0	0x20
098723C0	B912E7B0	5FC18ECD	0x310	0x20
09872460	88427020	9F1CF784	0x2B0	0x20
09872500	37C6FA01	5FC18ECD	0x2C0	0x20
098725A0	CF6D1DC4	5FC18ECD	0x2C0	0x20
09872640	E7A96766	5FC18ECD	0x2C0	0x20
098726E0	EBC99E49	E7A96766	0x2D0	0x20
09872780	D6AEDBB4	49EABE01	0xC0	0x20
09872820	A78CD3AA	24EB3111	0x3D0	0x20
098728C0	29AD8388	5FC18ECD	0x2C0	0x20
09872960	0A13C087	5FC18ECD	0x2C0	0x20
09872A00	7CBD108B	269539C3	0x2C0	0x20
09872AA0	A95CFE77	B413D3DF	0x1D0	0x20
09872B40	CAA9C4ED	5FC18ECD	0x300	0x20
09872BE0	7143EC79	CAA9C4ED	0x300	0x20
09872C80	537D7730	B413D3DF	0x160	0x20
09872D20	B2CF3631	6915F913	0x48	0x20
09872DC0	754D3AF2	537D7730	0x1F0	0x20
09872E60	B7289E3E	B413D3DF	0x220	0x20
09872F00	02B616AD	B413D3DF	0x198	0x20
09872FA0	8A7E3409	951A4D9E	0x320	0x20
09873040	AE2D5408	A02405B7	0x60	0x20
098730E0	9E7D1EB6	5FC18ECD	0x2B0	0x20
09873180	EB985097	B413D3DF	0x130	0x20
09873220	6BCB8D8F	39C88BFE	0x330	0x20
098732C0	37BA7F39	6915F913	0x68	0x20
09873360	2CE9225B	5FC18ECD	0x2C0	0x20
09873400	0F06BFA0	5FC18ECD	0x300	0x20
098734A0	97E4EEBC	5FC18ECD	0x2E0	0x20
09873540	39C88BFE	5FC18ECD	0x2F0	0x20
098735E0	0C7C1E30	5E001A4E	0x2D0	0x20
09873680	D6B99528	5FC18ECD	0x2B0	0x20
09873720	02D0A4D7	B413D3DF	0x138	0x20
098737C0	4F409FE2	E3EB4BCB	0x178	0x20
09873860	81DBEC15	5FC18ECD	0x2C0	0x20
09873900	87974CEF	5FC18ECD	0x2F0	0x20
098739A0	68BC62B7	12B96B0A	0x330	0x20
09873A40	63A1FCFA	5FC18ECD	0x2B0	0x20
09873AE0	24EB3111	5FC18ECD	0x3D0	0x20
09873B80	D52E6409	49EABE01	0x100	0x20
09873C20	4F622B41	B883624A	0x430	0x20
09873CC0	B93F8357	5FC18ECD	0x2E0	0x20
09873D60	28569B19	5FC18ECD	0x2B0	0x20
09873E00	36BA52E8	90026CE0	0x2D0	0x20
09873EA0	90026CE0	5FC18ECD	0x2C0	0x20
09873F40	85D59B77	5FC18ECD	0x2B0	0x20
09873FE0	51CE93EB	5FC18ECD	0x2C0	0x20
09874080	BD6D188A	9F1CF784	0x2B0	0x20
09874120	D801FD04	9F1CF784	0x2C0	0x20
098741C0	9721B608	A02405B7	0x58	0x20
09874260	0B59439C	A02405B7	0xA0	0x20
09874300	7DB61D3F	A02405B7	0x68	0x20
098743A0	EFF681B8	A02405B7	0x70	0x20
09874440	3C8FBBB0	5FC18ECD	0x320	0x20
098744E0	A6B90066	5FC18ECD	0x2B0	0x20
09874580	72C49D7F	5E001A4E	0x310	0x20
09874620	72C03C67	5FC18ECD	0x2E0	0x20
098746C0	12B96B0A	5E001A4E	0x330	0x20
09874760	AF7E881E	5FC18ECD	0x2C0	0x20
09874800	E854656B	5FC18ECD	0x2C0	0x20
098748A0	968521F8	A02405B7	0x78	0x20
09874940	A4853B6F	12B96B0A	0x360	0x20
098749E0	0BAB3173	5FC18ECD	0x2D0	0x20
09874A80	1E612677	5FC18ECD	0x2B0	0x20
09874B20	89AC46DE	5FC18ECD	0x2B0	0x20
09874BC0	28B5E491	B883624A	0x2C0	0x20
09874C60	C967BDC9	D52E6409	0x108	0x20
09874D00	951A4D9E	5FC18ECD	0x2D0	0x20
09874DA0	204923E7	12B96B0A	0x350	0x20
09874E40	FD31F64F	B413D3DF	0x150	0x20
09874EE0	871E815E	00000002	0x28	0x20
09874F80	7070C24C	5FC18ECD	0x2C0	0x20
09875020	38B237A4	5FC18ECD	0x2B0	0x20
098750C0	5C7FC469	B413D3DF	0x148	0x20
09875160	EE7FF256	269539C3	0x310	0x20
09875200	269539C3	5FC18ECD	0x2C0	0x20
098752A0	02C23FA4	90026CE0	0x2C0	0x20
09875340	2CA71EE7	5FC18ECD	0x2C0	0x20
098753E0	A8D67107	5FC18ECD	0x2C0	0x20
09875480	63658532	A02405B7	0x80	0x20
09875520	8696B484	B883624A	0x2E0	0x20
098755C0	3544016E	A02405B7	0x60	0x20
09875660	B57EF3C2	0EC6C309	0x68	0x20
09875700	932900EB	CA27F078	0xD0	0x20
098757A0	AFAD6502	0EC6C309	0x80	0x20
09875840	25650117	CA27F078	0xD0	0x20
098758E0	23F5FFB3	0EC6C309	0x80	0x20
09875980	DDA68203	CA27F078	0x118	0x20
09875A20	C6444F07	0EC6C309	0x90	0x20
09875AC0	E013BC2E	CA27F078	0x108	0x20
09875B60	DFB712BB	0EC6C309	0x70	0x20
09875C00	F037D31D	CA27F078	0x108	0x20
09875CA0	6CADBCD5	0EC6C309	0x68	0x20
09875D40	0C5FA6CF	CA27F078	0xD0	0x20
09875DE0	F2FF13A8	0EC6C309	0x70	0x20
09875E80	5F52EAB3	CA27F078	0x108	0x20
09875F20	9CB229FF	0EC6C309	0x78	0x20
09875FC0	167A4DEA	CA27F078	0x150	0x20
09876060	10D74F6D	0EC6C309	0x68	0x20
09876100	55FA3C57	CA27F078	0xD0	0x20
09876250	0BF5536C	0EC6C309	0x88	0x20
098762F0	659019FD	CA27F078	0x108	0x20
09876390	3FC021E2	0EC6C309	0xA8	0x20
09876430	728F42B1	CA27F078	0x118	0x20
098764D0	2B4DBA45	0EC6C309	0x88	0x20
09876570	0D1A496C	CA27F078	0x108	0x20
09876610	8E331605	0EC6C309	0x80	0x20
098766B0	F359DF98	CA27F078	0x118	0x20
09876750	9C8D2E9B	0EC6C309	0x70	0x20
098767F0	62DE532B	CA27F078	0xD0	0x20
09876890	72AEFBAF	0EC6C309	0x78	0x20
09876930	1FF9D720	CA27F078	0xD0	0x20
098769D0	C61DBA56	CA27F078	0x140	0x20
09876A70	C27C8CF5	0EC6C309	0xA0	0x20
09876B10	09E36C04	CA27F078	0x148	0x20
09876BB0	1D3EF760	0EC6C309	0x80	0x20
09876C50	93FD7250	CA27F078	0x118	0x20
09876CF0	026C2E78	0EC6C309	0x68	0x20
09876D90	243BDD51	CA27F078	0x198	0x20
09876E30	E5D538F3	0EC6C309	0x78	0x20
09876ED0	8882147C	CA27F078	0x108	0x20
09876F70	0F82204C	0EC6C309	0x70	0x20
09877010	E3279B9E	CA27F078	0x108	0x20
098770B0	D9F3499F	CA27F078	0xD0	0x20
09877150	2D3E66BE	0EC6C309	0x80	0x20
098771F0	D03C6DDE	CA27F078	0x140	0x20
09877290	A7E15C32	0EC6C309	0x80	0x20
09877330	59B22182	CA27F078	0x108	0x20
098773D0	A639FEF7	0EC6C309	0x78	0x20
09877470	806E0DDE	CA27F078	0x108	0x20
09877510	48449DEB	0EC6C309	0x68	0x20
098775B0	28B687F1	CA27F078	0x108	0x20
098776C0	894B094A	0EC6C309	0x80	0x20
09877760	7449022A	CA27F078	0xD0	0x20
09877800	78B55729	0EC6C309	0x80	0x20
098778A0	05DF9EB4	CA27F078	0x110	0x20
09877940	E5CDDB3F	0EC6C309	0x90	0x20
098779E0	6F05BF2A	CA27F078	0x148	0x20
09877A80	0BF4BCD7	0EC6C309	0x68	0x20
09877B20	66A39058	CA27F078	0x108	0x20
09877BC0	7E7455AA	0EC6C309	0x88	0x20
09877C60	13237925	CA27F078	0x108	0x20
09877D00	82432DBA	0EC6C309	0x68	0x20
09877DA0	6EE69668	CA27F078	0x120	0x20
09877E40	351D9DF0	0EC6C309	0x60	0x20
09877EE0	134A6ED9	CA27F078	0xD0	0x20
09877F80	14828AA6	0EC6C309	0x68	0x20
09878020	32D5798F	CA27F078	0x108	0x20
09878250	0760D853	0EC6C309	0x80	0x20
098782F0	E5CC9C81	CA27F078	0x110	0x20
09878400	78EA99E8	0EC6C309	0x70	0x20
098784A0	45E485AD	78EA99E8	0x78	0x20
09878540	8EE0FEE6	CA27F078	0x60	0x20
098785E0	07704A32	8EE0FEE6	0x140	0x20
09878680	3952F2C1	8EE0FEE6	0xD0	0x20
09878720	B3344710	8EE0FEE6	0xD0	0x20
098789C0	C6E1B902	0EC6C309	0x130	0x20
09878A60	BB8B709F	CA27F078	0x140	0x20
09878B00	CB1E243C	0EC6C309	0x78	0x20
09878BA0	ABEC3E26	CA27F078	0x108	0x20
09878C40	749FDACB	A02405B7	0x68	0x20
09878CE0	47A6634E	A02405B7	0x60	0x20
09878D80	AA872156	A02405B7	0x60	0x20
09878E20	6B04BD4B	A02405B7	0x68	0x20
09878F30	9B7ECEF7	A02405B7	0x68	0x20
09878FD0	2E2DAD12	A02405B7	0x60	0x20
09879070	03B658CF	A02405B7	0x70	0x20
09879110	F8A1ABAC	A02405B7	0x80	0x20
098791B0	5A6132CE	A02405B7	0x58	0x20
09879250	4F82D119	A02405B7	0x50	0x20
098792F0	890AA145	A02405B7	0x58	0x20
09879390	714F2D5D	A02405B7	0x60	0x20
09879430	6C62D9E7	A02405B7	0x58	0x20
09879700	9DD622CC	A02405B7	0xA8	0x20
098797A0	34C7FB7F	A02405B7	0x60	0x20
09879840	5A27B79C	DD4B9F35	0x3B0	0x20
098798E0	992F1B5A	00000001	0x20	0x20
09879980	0412F4E3	00000001	0xC	0x20
09879A20	4B2FA9DC	B413D3DF	0x140	0x20
09879AC0	5A02544B	00000002	0x28	0x20
0988D900	7C2535B6	A02405B7	0xE0	0x20
0988D9A0	ADA0285A	A02405B7	0x58	0x20
0988DA40	8E785860	E9B071F0	0x78	0x20
0988DAE0	1EBA88D3	BB96607D	0x18	0x20
0988DB80	40450BE4	1EBA88D3	0x20	0x20
0988DC20	897164F6	1EBA88D3	0x20	0x20
0988DCC0	B2C3766B	A02405B7	0x60	0x20
0988DD60	BCE5717A	A02405B7	0x60	0x20
0988E030	12677EEC	BB96607D	0x50	0x20
0988E0D0	DC65A387	A02405B7	0x58	0x20
0988E170	E14D6E37	A02405B7	0x68	0x20
0988E210	BFB801F0	8E785860	0x78	0x20
0988E2B0	A4F7CFD3	8E785860	0x78	0x20
0988E350	7F0C9DD7	8E785860	0x78	0x20
0988E3F0	E4E622E2	8E785860	0x78	0x20
0988E490	82598C11	8E785860	0x78	0x20
0988E530	1598BD68	8E785860	0x78	0x20
0988E5D0	3AD67145	8E785860	0x78	0x20
0988E670	A6F18374	8E785860	0x78	0x20
0988E710	C38F72BA	8E785860	0x78	0x20
0988E7B0	01BDA87F	8E785860	0x78	0x20
0988E850	9BD1BED4	8E785860	0x78	0x20
0988E8F0	EB46A211	8E785860	0x78	0x20
0988E990	33D336F8	8E785860	0x78	0x20
0988EA30	87ECB978	8E785860	0x78	0x20
0988EAD0	F4318741	8E785860	0x78	0x20
0988EB70	744F425E	8E785860	0x78	0x20
0988EC10	E5221EEE	8E785860	0x78	0x20
0988ECB0	BCA15C3C	8E785860	0x78	0x20
0988ED50	31F31D00	8E785860	0x78	0x20
0988EDF0	2439FDAA	8E785860	0x90	0x20
0988EE90	79C3DB91	8E785860	0x78	0x20
0988EF30	449D8BBB	8E785860	0x78	0x20
0988EFD0	7AB24CC9	8E785860	0x78	0x20
0988F070	D7E617B0	8E785860	0x78	0x20
0988F110	12E5E068	8E785860	0x78	0x20
0988F1B0	15945115	8E785860	0x78	0x20
0988F250	E8C7DBB5	8E785860	0x78	0x20
0988F2F0	D207192C	8E785860	0x78	0x20
0988F390	ED686FB7	8E785860	0x78	0x20
0988F430	7AA059D8	8E785860	0x78	0x20
0988F4D0	D5FDB407	8E785860	0x78	0x20
0988F570	F59581BD	8E785860	0x78	0x20
0988F610	4842EB8C	8E785860	0x78	0x20
0988F6B0	9BFFDAB6	8E785860	0x78	0x20
0988F750	A9FC7FAB	8E785860	0x78	0x20
0988F7F0	3EE100AF	8E785860	0x78	0x20
0988F890	50A4D840	8E785860	0x78	0x20
0988F930	2C27E997	8E785860	0x78	0x20
0988F9D0	EF6AB193	8E785860	0x78	0x20
0988FA70	B139EBEA	8E785860	0x78	0x20
0988FB10	FA4BBD10	8E785860	0x78	0x20
0988FBB0	F6240713	8E785860	0x78	0x20
0988FC50	35195F06	8E785860	0x78	0x20
0988FCF0	75D19AFA	8E785860	0x78	0x20
0988FD90	A2496785	8E785860	0x78	0x20
0988FE30	01E1D080	8E785860	0x78	0x20
0988FED0	435FA5DE	8E785860	0x78	0x20
0988FF70	85CD3B54	8E785860	0x78	0x20
09890010	BB44FB98	8E785860	0x78	0x20
098900B0	8AD3ADAC	8E785860	0x78	0x20
09890150	DE6D5022	8E785860	0x78	0x20
098901F0	C653E861	8E785860	0x78	0x20
09890290	9FEB2E69	8E785860	0x78	0x20
09890330	4A752D7E	8E785860	0x78	0x20
098903D0	8D49200D	8E785860	0x78	0x20
09890470	DEEDDA47	8E785860	0x78	0x20
09890510	433157FB	8E785860	0x78	0x20
098905B0	D1F73518	8E785860	0x78	0x20
09890650	350914AD	8E785860	0x78	0x20
098906F0	E32DDF1F	8E785860	0x78	0x20
09890790	5E4DE867	8E785860	0x78	0x20
09890830	DAC1B619	8E785860	0x78	0x20
098908D0	76CE4AE6	8E785860	0x78	0x20
09890970	A719D738	8E785860	0x78	0x20
09890A10	7E9F91FA	8E785860	0x78	0x20
09890AB0	8F63858B	8E785860	0x78	0x20
09890B50	F45533EE	8E785860	0x78	0x20
09890BF0	00972293	8E785860	0x78	0x20
09890C90	A9E7BA8D	8E785860	0x78	0x20
09890D30	EC0A5DB8	8E785860	0x78	0x20
09890DD0	FA2DD188	8E785860	0x78	0x20
09890E70	147483C2	8E785860	0x78	0x20
09890F10	C5709550	8E785860	0x78	0x20
09890FB0	5E171D78	8E785860	0x78	0x20
09891050	BF235CEA	8E785860	0x78	0x20
098910F0	FE09C0F8	8E785860	0x78	0x20
09891190	7B450557	8E785860	0x78	0x20
09891230	EC7B8D49	8E785860	0x78	0x20
098912D0	88C00A13	8E785860	0x78	0x20
09891370	C3FC8C98	8E785860	0x78	0x20
09891410	1CAFC40A	8E785860	0x78	0x20
098914B0	D82F7233	8E785860	0x78	0x20
09891550	42662ECA	8E785860	0x78	0x20
098915F0	A042973C	8E785860	0x78	0x20
09891690	F926E827	8E785860	0x78	0x20
09891730	9705584A	8E785860	0x78	0x20
098917D0	DDD38A19	8E785860	0x78	0x20
09891870	A515BE05	8E785860	0x78	0x20
09891980	6ABD9ADE	A02405B7	0x60	0x20
09891A20	B5AA047B	A02405B7	0x58	0x20
09891AC0	260970DD	A02405B7	0x58	0x20
09891B60	FC8FF40D	A02405B7	0x50	0x20
09891C00	CC201128	A02405B7	0x58	0x20
09891CA0	764CE520	A02405B7	0x80	0x20
09891D40	922AB310	A02405B7	0x58	0x20
09891DE0	F26E49C2	A02405B7	0x58	0x20
09891E80	5D852D25	A02405B7	0x58	0x20
09891F20	BD7F2492	A02405B7	0x58	0x20
09891FC0	9DABF7DD	A02405B7	0x70	0x20
09892060	2F5314CF	A02405B7	0x60	0x20
09892100	C1466C31	A02405B7	0x58	0x20
098921A0	2D8282B5	A02405B7	0x60	0x20
09892240	D383AC55	A02405B7	0x58	0x20
098922E0	8E8DC431	A02405B7	0x60	0x20
09892380	3492F9E6	A02405B7	0x58	0x20
09892420	CCD453B0	A02405B7	0x58	0x20
098924C0	C75A7272	A02405B7	0x80	0x20
098926B0	DE765DD4	A02405B7	0x98	0x20
09892750	7FEEDC32	A02405B7	0x68	0x20
098927F0	2CB274FF	A02405B7	0x60	0x20
09892890	2F906F55	A02405B7	0x60	0x20
09892930	5C0405B5	A02405B7	0x80	0x20
09892AF0	ED70EF1A	A02405B7	0x78	0x20
09892B90	EFA09E60	A02405B7	0x58	0x20
09892C30	4CF9BE0E	A02405B7	0x70	0x20
09892CD0	13F04218	A02405B7	0x70	0x20
09892EC0	12548F35	A02405B7	0x78	0x20
098930B0	09549F34	A02405B7	0x90	0x20
09893150	11942B4F	A02405B7	0x78	0x20
098931F0	0DEC2DB9	A02405B7	0xE0	0x20
09893290	20447267	A02405B7	0x60	0x20
09893330	A795DDE4	A02405B7	0x58	0x20
098933D0	484F5728	A02405B7	0x68	0x20
09893470	73A7A3B3	BB96607D	0x28	0x20
09893630	3670041B	A02405B7	0x70	0x20
098936D0	AC3C7ACA	A02405B7	0xB0	0x20
09893770	DA64D474	A02405B7	0x58	0x20
09893810	734C4D23	A02405B7	0x58	0x20
098938B0	F1CF617B	A02405B7	0x58	0x20
09893950	DA7D0A96	714F2D5D	0x68	0x20
098939F0	1863D055	A02405B7	0x60	0x20
09893A90	68ABF6C8	A02405B7	0x78	0x20
09893B30	16A225AD	A02405B7	0x58	0x20
09893BD0	132B31CD	A02405B7	0x58	0x20
09893C70	904E8F18	A02405B7	0x60	0x20
09893D10	EB82D5BD	A02405B7	0x60	0x20
098DA260	E326D46D	E2791E7F	0x308	0x20
098DA530	46139D7F	030A87A6	0xAA0	0x20
098DA5D0	89D62257	00000001	0x18	0x20
098DA670	63A97D31	030A87A6	0xAD8	0x20
098DA710	A557CE81	B971AF68	0xA80	0x20
098DA7B0	105B212D	F12F0414	0xAC0	0x20
098DA850	D9A3731E	030A87A6	0xA30	0x20
098DA8F0	6966451D	00000001	0x18	0x20
098DA990	101D425B	030A87A6	0xB30	0x20
098DACD0	C5DFA72C	030A87A6	0xA90	0x20
098DB160	668AB353	030A87A6	0xA80	0x20
098DB4A0	7BC43B90	C5DFA72C	0xB28	0x20
098DB540	799E0D9D	00000002	0x38	0x20
098DBAB0	BFB2073F	030A87A6	0xAC0	0x20
098DBF40	933F6B3A	B971AF68	0xAD0	0x20
098DC0C0	5C4EC133	030A87A6	0xA48	0x20
098DC160	B9B3B264	5C4EC133	0xA50	0x20
098DC940	0AF266E7	E21BD6C7	0xB58	0x20
098DC9E0	A4EA012D	030A87A6	0xA60	0x20
098DCA80	5087DDE2	030A87A6	0xA80	0x20
098DCBD0	2FED9D2A	E21BD6C7	0xAB0	0x20
098DCE00	4CD6C63C	B971AF68	0xA60	0x20
098DCEA0	EC4C9643	E21BD6C7	0xAD8	0x20
098DCF40	3794BB3C	030A87A6	0xA70	0x20
098DCFE0	4D5719DD	030A87A6	0xAA0	0x20
098DD080	B9825789	030A87A6	0xA20	0x20
098DD400	E21BD6C7	030A87A6	0xAA0	0x20
098DDA50	31A38881	030A87A6	0xAE8	0x20
098DDAF0	B971AF68	030A87A6	0xA38	0x20
098DDB90	B71982E1	030A87A6	0xA78	0x20
098DE330	99379ACE	030A87A6	0xBE0	0x20
098DE640	F12F0414	030A87A6	0xAA8	0x20
098DF1A0	030A87A6	BB96607D	0xA18	0x20
098DF240	B984A4C3	6915F913	0x78	0x20
098DF2E0	7E255660	19171AA5	0xA0	0x20
098DF380	676E9B24	25335EB9	0xE0	0x20
098DF420	4A740202	19171AA5	0x68	0x20
098DF4C0	2FC3E8F4	6915F913	0xC0	0x20
098DF560	B3B21A8E	39E3D830	0x118	0x20
098DF600	D7F72E85	CE3DCFE5	0xE8	0x20
098DF6A0	CE3DCFE5	93492453	0xD0	0x20
098DF740	EE29FC26	CE3DCFE5	0xE0	0x20
098DF7E0	93492453	8A355A8E	0x38	0x20
098DF880	3D3F1868	93492453	0x48	0x20
098DF920	19171AA5	6915F913	0x60	0x20
098DF9C0	34C8FA80	64BEA999	0xD8	0x20
098DFA60	738B24FE	35C26FF8	0xC0	0x20
098DFB00	8CED0B10	64BEA999	0xE0	0x20
098DFBA0	D57A64A8	35C26FF8	0xE0	0x20
098DFC40	35C26FF8	D25CF207	0xC0	0x20
098DFCE0	9ED78C28	64BEA999	0xD8	0x20
098DFD80	1833AC82	35C26FF8	0xC8	0x20
098DFE20	B42D9388	64BEA999	0xD8	0x20
098DFEC0	8B3694E8	35C26FF8	0xC0	0x20
098DFF60	AB950958	D25CF207	0xB0	0x20
098E0000	67F69E82	64BEA999	0xD8	0x20
098E00A0	43A431FE	0F3B2914	0xC8	0x20
098E0140	2BD4E78C	64BEA999	0x100	0x20
098E01E0	72438834	35C26FF8	0xD8	0x20
098E0280	6931C475	64BEA999	0xD8	0x20
098E0320	5FB46AA3	35C26FF8	0xC0	0x20
098E03C0	C5C37A9A	251B52F6	0x28	0x20
098E0460	50ACBDC0	64BEA999	0xD8	0x20
098E0500	17EF63BE	35C26FF8	0xD0	0x20
098E05A0	6046F10C	64BEA999	0xD8	0x20
098E0640	44145E70	35C26FF8	0xE0	0x20
098E06E0	071D6C2C	64BEA999	0xE8	0x20
098E0780	5E8A0394	35C26FF8	0xC8	0x20
098E0820	C658F6AF	64BEA999	0xD8	0x20
098E08C0	A9DE04E0	35C26FF8	0xC0	0x20
098E0960	D81AE71B	64BEA999	0xD8	0x20
098E0A00	F25FC7F0	35C26FF8	0xC0	0x20
098E0AA0	0F3B2914	35C26FF8	0xC8	0x20
098E0B40	5011BF2E	64BEA999	0xD8	0x20
098E0BE0	74431052	35C26FF8	0xC0	0x20
098E0EF0	782F2F39	6915F913	0x1C0	0x20
098E0F90	3B299F3D	00000001	0x10	0x20
098E1030	3D1B42B2	00000001	0x10	0x20
098E10D0	4DB8E027	00000001	0x10	0x20
098E1170	0D4F1B27	00000001	0x10	0x20
098E12C0	16BDEBF3	437A601A	0x40	0x20
098E1360	612E3E9E	40D31B82	0xD8	0x20
098E1400	A5566FAB	40D31B82	0xF0	0x20
098E14A0	BA2C8288	40D31B82	0xE8	0x20
098E1540	FAD04F08	40D31B82	0xD0	0x20
098E15E0	3FCC5180	F68DAF94	0xA8	0x20
098E1680	F584B5DC	22CE58BA	0x90	0x20
098E1720	9897B9F6	0EC6C309	0x68	0x20
098E17C0	10E39F9E	CA27F078	0x140	0x20
098E1860	A2F10561	7DEA551F	0x18	0x20
098E1900	3411335F	7DEA551F	0x20	0x20
098E19A0	38614A5E	7DEA551F	0x18	0x20
098E2730	8DF8E8EB	5FDACBA0	0x500	0x20
098E27D0	0E9D97DF	00000002	0x20	0x20
098E2870	22CE58BA	0E243544	0x88	0x20
098E2910	D53430B6	C0576C2D	0xB0	0x20
098E29B0	9F4BEC57	22CE58BA	0x140	0x20
098E2A50	A988C68F	0A8439B5	0x98	0x20
098E2AF0	BAB110DC	22CE58BA	0xA8	0x20
098E2B90	43F68223	22CE58BA	0x120	0x20
098E2C30	911667B0	22CE58BA	0x110	0x20
098E2CD0	91926D1B	22CE58BA	0xA8	0x20
098E2D70	0425CFCC	22CE58BA	0x90	0x20
098E2E10	F5B46A0F	22CE58BA	0x98	0x20
098E2EB0	AE52ACFC	E4EDA52A	0x88	0x20
098E2F50	DDF877B6	22CE58BA	0x110	0x20
098E2FF0	3EF42B74	00000001	0x10	0x20
098E3090	C0B47FDB	00000001	0x28	0x20
098E3130	68D514C1	00000001	0x18	0x20
098E33D0	FFD72FFD	B3195056	0x108	0x20
098E3470	550384BB	BB96607D	0x30	0x20
098E3710	50CB0370	00000002	0x68	0x20
098E37B0	8A7FB775	B3195056	0x98	0x20
098E3850	6C611515	B3195056	0x98	0x20
098E38F0	F5B933DD	22CE58BA	0x88	0x20
098E3990	AC7FE58D	A02405B7	0x68	0x20
098E3C30	EF7AE201	00000002	0xC0	0x20
098E3D40	0012153A	EF7AE201	0xD0	0x20
098E3DE0	B64DE8D4	E584AF9E	0x158	0x20
098E40B0	F4FA3EE0	E584AF9E	0x188	0x20
098E4150	93C5021E	EF7AE201	0xC8	0x20
098E41F0	9AC06CB4	EF7AE201	0xD0	0x20
098E4290	7CA4EA0D	E584AF9E	0x168	0x20
098E4330	201BF3D6	E584AF9E	0x170	0x20
098E43D0	2BEC3359	201BF3D6	0x170	0x20
098E4470	A8B2BC67	E584AF9E	0x168	0x20
098E4820	E584AF9E	EF7AE201	0x150	0x20
098E48C0	0B0FFD74	EF7AE201	0xC8	0x20
098E4960	56118887	EF7AE201	0x100	0x20
098E4AE0	684746BB	EF7AE201	0xE8	0x20
098E4BF0	A8BD4470	EF7AE201	0xD0	0x20
098E4C90	40B6C9DE	EF7AE201	0x100	0x20
098E4D30	1E5D8DFD	EF7AE201	0xE8	0x20
098E4EF0	62B7929E	EF7AE201	0xD8	0x20
098E4F90	1667E0A2	EF7AE201	0xC0	0x20
098E5030	90F1B5ED	EF7AE201	0xC8	0x20
098E50D0	73BABD7F	EF7AE201	0x118	0x20
098E5170	0069339D	EF7AE201	0x110	0x20
098E5210	57295D6E	E584AF9E	0x160	0x20
098E56A0	9C6ABD84	EF7AE201	0x140	0x20
098E5740	E2307EA2	9C6ABD84	0x148	0x20
098E57E0	57B6725C	DD4B9F35	0x110	0x20
098E5880	42C0AA6E	22CE58BA	0x110	0x20
098E5920	00EC5A2D	22CE58BA	0x110	0x20
098E59C0	C3D0D9E6	22CE58BA	0x110	0x20
098E5A60	168B8A25	308388EA	0x98	0x20
098E5B00	C41C7C9D	E5E15981	0xF0	0x20
098E5BA0	60C94A97	E5E15981	0x150	0x20
098E5C40	CB7C9A3A	E5E15981	0x100	0x20
098E5CE0	DFCECDB0	E5E15981	0x110	0x20
098E5D80	3712937B	EB374826	0x78	0x20
098E5E20	78CCB3AD	22CE58BA	0x88	0x20
098E5EC0	65469412	A02405B7	0x58	0x20
098E5F60	2C6F4D6E	22CE58BA	0x90	0x20
098E6000	E3286B21	A02405B7	0x50	0x20
098E60A0	2124F164	A02405B7	0x60	0x20
098E6140	E35BA465	A02405B7	0x58	0x20
098E61E0	3ACC7F28	A02405B7	0x60	0x20
098E6280	5D711542	A02405B7	0x58	0x20
0991BC30	44A38EF3	BB96607D	0xC0	0x20
0991BCD0	467AE817	CF7623E2	0xE8	0x20
0991BD70	38BDACDD	FE135918	0x30	0x20
0991BE10	A8EE9CD1	00000002	0x30	0x20
0991BEB0	E28FADC8	FE135918	0x30	0x20
0991BF50	0812B768	00000001	0x10	0x20
0991BFF0	716DC507	35640D78	0x58	0x20
0991C090	7589C3E7	4C40C12B	0x40	0x20
0991C130	DCDC104C	35640D78	0x68	0x20
0991C1D0	078360DA	2911678A	0x2F0	0x20
0991C270	E459A033	865F6A44	0x450	0x20
0991C310	FEB74495	09BFE10E	0xC0	0x20
0991C3B0	D5E55E10	09BFE10E	0xB0	0x20
0991C450	A8F96C8A	6915F913	0x88	0x20
0991C4F0	89B2C8DD	6915F913	0x80	0x20
0991C590	09BFE10E	9E28B666	0xB0	0x20
0991C630	C8B34C53	6915F913	0x100	0x20
0991C6D0	B0FB9634	33DDC65B	0xF8	0x20
0991C770	2911678A	9E28B666	0x2D0	0x20
0991C810	CD1569F6	21624F6B	0x180	0x20
0991C8B0	44812B71	9703CCF1	0x1F0	0x20
0991C950	8A6E0D3D	E459A033	0x460	0x20
0991C9F0	A6D3C0A4	6915F913	0x160	0x20
0991CA90	C4F97535	6915F913	0xD0	0x20
0991CB30	EF1F0C10	21624F6B	0x120	0x20
0991CBD0	D4747020	21624F6B	0x120	0x20
0991CC70	410F9557	9703CCF1	0x180	0x20
0991CD10	87BF6859	21624F6B	0x1D0	0x20
0991CDB0	12429924	21624F6B	0x1C0	0x20
0991CE50	865F6A44	5FC18ECD	0x440	0x20
0991CEF0	FFBA4B79	5FC18ECD	0x2B0	0x20
0991CF90	09614964	D4747020	0x140	0x20
0991D030	28C98418	21624F6B	0x130	0x20
0991D0D0	45FD9744	89B2C8DD	0xC0	0x20
0991D170	25438BEA	45FD9744	0x130	0x20
0991D210	8BAE904E	078360DA	0x330	0x20
0991D2B0	63F94AC8	B413D3DF	0x140	0x20
0991D350	3827803F	6915F913	0xF0	0x20
0991D3F0	2845EBA7	865F6A44	0x4F0	0x20
0991D490	F2D8749F	C4F97535	0xD0	0x20
0991D530	0D66C2F6	B413D3DF	0x1E0	0x20
0991D5D0	81DFF119	9703CCF1	0x1A0	0x20
0991D670	35213042	21624F6B	0x110	0x20
0991D710	83D8F846	45FD9744	0xC0	0x20
0991D7B0	E7B022DA	6915F913	0x110	0x20
0991D850	683CC55D	6915F913	0x60	0x20
0991D8F0	414685D4	E459A033	0x470	0x20
0991D990	9D63C109	C4F97535	0xD0	0x20
0991DA30	843889E6	33DDC65B	0x148	0x20
0991DAD0	21624F6B	9E28B666	0x100	0x20
0991DB70	9703CCF1	6915F913	0x138	0x20
0991DC10	ECFEF6C0	1C822BEE	0xD8	0x20
0991E8F0	1B15F6FA	89B2C8DD	0x260	0x20
0991E990	60495EDB	33DDC65B	0x140	0x20
0991EA30	933A8F4B	FE135918	0x30	0x20
0991EAD0	20F0E1F3	BB96607D	0x30	0x20
0991EB70	6F6819A0	1C9623E0	0x28	0x20
0991EC10	82001505	437A601A	0xC0	0x20
0991ECB0	50E88482	4C40C12B	0x40	0x20
0991ED50	39C399B8	4C40C12B	0x48	0x20
0991EDF0	4645A1AA	35640D78	0x58	0x20
0991EE90	2A33F898	00000002	0x20	0x20
0991EF30	A89BA7C7	C62E24DD	0x28	0x20
0991EFD0	6C529D3A	35640D78	0x60	0x20
0991F070	2A923DA0	00000002	0x70	0x20
0991F110	C702E885	35640D78	0x80	0x20
0991F1B0	EF4538DF	7076CDBF	0x20	0x20
0991F250	DA10DE89	7076CDBF	0x30	0x20
0991F2F0	F09B5CBC	4FA57627	0x48	0x20
0991F390	1BE219DF	35640D78	0xF0	0x20
0991F430	11E233FD	7076CDBF	0x68	0x20
0991F4D0	F2E1DA17	7076CDBF	0x48	0x20
0991F570	58ED7922	4C40C12B	0x40	0x20
0991F610	05C8B52C	7076CDBF	0x78	0x20
0991F6B0	459B9B13	4FA57627	0xD0	0x20
0991F750	3AF70EB7	7076CDBF	0x38	0x20
0991F7F0	1ADF57D0	7076CDBF	0x140	0x20
0991F890	BD2BD121	7076CDBF	0x80	0x20
0991F930	BF91C1E8	7076CDBF	0x1C8	0x20
0991F9D0	F0A884A0	7076CDBF	0x40	0x20
0991FA70	F08AC224	7076CDBF	0x48	0x20
0991FB10	BA2113A8	7076CDBF	0x48	0x20
0991FBB0	78FF595E	7076CDBF	0x58	0x20
0991FC50	EC56E9E4	7076CDBF	0x30	0x20
0991FCF0	7076CDBF	00000002	0x20	0x20
0991FD90	49A3D1B0	00000002	0x30	0x20
0991FE30	6C3E5B65	BB96607D	0x180	0x20
0991FED0	106C3C02	35640D78	0x60	0x20
0991FF70	D89A86C0	35640D78	0x80	0x20
09920010	35640D78	E04AA238	0x48	0x20
099200B0	4C40C12B	FA6F25A3	0x40	0x20
09920150	FC47B7B7	CF7623E2	0x38	0x20
099201F0	2AC68B8B	00000002	0xA0	0x20
09920290	C94FA8D5	00000002	0xE0	0x20
099390B0	6C1D025A	6437A0B7	0x90	0x20
09939150	9356ED97	6C1D025A	0x98	0x20
099391F0	36B70733	6C1D025A	0xA0	0x20
09939290	EBDE44D8	CF7623E2	0xC8	0x20
09939330	E4E963DD	BB96607D	0x48	0x20
0993B580	9644B21A	0546E13D	0x670	0x20
0993B620	081A4CBB	BB96607D	0x28	0x20
0993B6C0	9820CF81	6C1D025A	0x98	0x20
0993B760	1C9CE96F	6C1D025A	0x90	0x20
0993BB10	D61732BA	BB96607D	0x90	0x20
0993BBB0	A4E183D7	CB0F23F4	0x70	0x20
0993BC50	B9DBA95C	9356ED97	0xA0	0x20
0993BDA0	5C45F2FC	B9DBA95C	0xB0	0x20
0993BE40	9C1E2D55	D536E933	0x70	0x20
0993BEE0	FEA79E3F	9356ED97	0xA0	0x20
0993BF80	D6080899	99EB7FF6	0x28	0x20
0993C020	99EB7FF6	5F45D02D	0x20	0x20
0993C0C0	61B21847	99EB7FF6	0x28	0x20
0993C160	C2A7D7FE	99EB7FF6	0x28	0x20
0993C200	F7612E7B	99EB7FF6	0x28	0x20
0993C2A0	002DB387	99EB7FF6	0x28	0x20
0993C340	BF0D14C5	99EB7FF6	0x28	0x20
0993C3E0	366A04B9	99EB7FF6	0x28	0x20
0993C480	71C5F537	99EB7FF6	0x28	0x20
0993C520	ACCBE73D	99EB7FF6	0x28	0x20
0993C5C0	3A816A97	99EB7FF6	0x28	0x20
0993C660	49AF1E8E	99EB7FF6	0x28	0x20
0993C700	EA3BC18F	99EB7FF6	0x28	0x20
0993C7A0	75D64653	99EB7FF6	0x28	0x20
0993C840	67D3414F	99EB7FF6	0x28	0x20
0993C8E0	CAE7A73E	99EB7FF6	0x28	0x20
0993C980	24D66093	99EB7FF6	0x28	0x20
0993CA20	91819966	99EB7FF6	0x28	0x20
0993CAC0	E8F59EAD	99EB7FF6	0x28	0x20
0993CB60	7F410D93	99EB7FF6	0x28	0x20
0993CC00	D537F968	99EB7FF6	0x28	0x20
0993CCA0	5ACB31AC	99EB7FF6	0x38	0x20
0993CD40	067971BD	99EB7FF6	0x28	0x20
0993CDE0	89BE6654	99EB7FF6	0x28	0x20
0993CE80	B9463742	99EB7FF6	0x28	0x20
0993CF20	C66BD2DA	99EB7FF6	0x28	0x20
0993DC70	56CF729B	6915F913	0x5A0	0x20
0993DD10	ABF7C6A1	56CF729B	0x5A0	0x20
0993DDB0	4428E933	56CF729B	0x5B0	0x20
0993DE50	1E6C7708	CF7623E2	0x60	0x20
0993DEF0	3AA57DFC	00000002	0x50	0x20
0993E120	D583D1A3	00000002	0x38	0x20
0993E1C0	CDFF6011	437A601A	0x30	0x20
0993E260	4F87EFF7	00000002	0x20	0x20
0993E300	94EB83A5	4F87EFF7	0x58	0x20
0993E3A0	452839FF	4F87EFF7	0x30	0x20
0993E440	B4B4463A	4F87EFF7	0x30	0x20
0993E4E0	2629F871	4FA57627	0x38	0x20
0993E580	E9797977	BACDFB9E	0xD0	0x20
0993E620	76F3646A	2629F871	0x48	0x20
0993E6C0	B6A8DACA	2629F871	0x80	0x20
0993E760	D04AA05D	2629F871	0x40	0x20
0993E800	724A0134	2629F871	0x330	0x20
0993E8A0	94B2C4FE	2629F871	0x990	0x20
0993E940	6E39AC0C	2629F871	0x80	0x20
0993E9E0	62BADA12	2629F871	0x38	0x20
0993EA80	DBB75615	2629F871	0x38	0x20
0993EB20	0B501E42	2629F871	0x70	0x20
0993EBC0	DA6931F3	BACDFB9E	0xC0	0x20
0993EC60	8FBB51AC	2629F871	0x90	0x20
0993ED00	7B361280	2629F871	0xA0	0x20
0993EDA0	7EB82A03	2629F871	0x48	0x20
0993EE40	14A58F0F	2629F871	0x80	0x20
0993EEE0	9D4ADC0D	2629F871	0x38	0x20
0993EF80	D6C446ED	2629F871	0x70	0x20
0993F020	6884BC25	2629F871	0x70	0x20
0993F0C0	324C17E7	2629F871	0x50	0x20
0993F160	12637DA7	2629F871	0x80	0x20
0993F200	BACDFB9E	2629F871	0x70	0x20
0993F2A0	972EBDE7	2629F871	0x70	0x20
0993F340	CDBF894D	2629F871	0x90	0x20
0993F3E0	D2770AFC	2629F871	0x1C0	0x20
0993F480	2BC6932A	2629F871	0xB0	0x20
0993F520	ABA944F6	2629F871	0x50	0x20
0993F5C0	3256E3C2	2629F871	0x80	0x20
0993F660	D644C673	2629F871	0x60	0x20
0993F700	F55A9120	2629F871	0x68	0x20
0993F7A0	28A45D64	BACDFB9E	0xA0	0x20
0993F840	E0F8A36F	2629F871	0x40	0x20
0993F8E0	9D21DFAC	2629F871	0x98	0x20
0993F980	80098C17	2629F871	0x80	0x20
0993FA20	5D26B8F9	2629F871	0x48	0x20
099751C0	00000000	00000000	0x101	0x0
099751E0	00000001	438BE156	0x1	0x0
099751E8	00000000	00000001	0x101	0x0
09975210	00000000	00000000	0x101	0x0
09975238	00000000	00000000	0x101	0x0
09975260	00000000	00000000	0x101	0x0
09975288	00000000	00000000	0x101	0x0
099752A8	00000001	438BE156	0x1	0x0
099752B0	00000000	00000001	0x101	0x0
099752D8	00000000	00000000	0x101	0x0
09975300	00000000	00000000	0x101	0x0
09975328	00000000	00000000	0x101	0x0
09975348	00000001	438BE156	0x1	0x0
09975350	00000000	00000001	0x101	0x0
09975378	00000000	00000000	0x101	0x0
099753A0	00000000	00000000	0x100	0x0
099753C8	00000000	00000000	0x101	0x0
099753F0	00000000	00000000	0x101	0x0
09975418	00000000	00000000	0x101	0x0
09975440	00000000	00000000	0x101	0x0
09975468	00000000	00000000	0x101	0x0
09975490	00000000	00000000	0x101	0x0
099754B8	00000000	00000000	0x101	0x0
099754D8	00000001	438BE156	0x10000	0x0
099754E0	00000000	00010000	0x101	0x0
09975500	00000001	438BE156	0x10000	0x0
09975508	00000000	00010000	0x4	0x0
09975538	00000000	00000000	0x101	0x0
09975560	00000000	00000000	0x101	0x0
09975588	00000000	00000000	0x100	0x0
099755B0	00000000	00000000	0x100	0x0
099755D8	00000000	00000000	0x100	0x0
09975600	00000000	00000000	0x100	0x0
09975628	00000000	00000000	0x100	0x0
09975650	00000000	00000000	0x100	0x0
09975678	00000000	00000000	0x100	0x0
099756A0	00000000	00000000	0x100	0x0
099756C8	00000000	00000000	0x100	0x0
099756F0	00000000	00000000	0x100	0x0
09975718	00000000	00000000	0x100	0x0
09975740	00000000	00000000	0x100	0x0
09975768	00000000	00000000	0x100	0x0
09975790	00000000	00000000	0x100	0x0
099757B8	00000000	00000000	0x40028	0x0
